Datetime,PondID,PondCode,Temp,Turb,DO,pH
2021-06-19 13:00:00,IoTPond7,4,26.3125,33.0,6.092,8.09092
2021-06-19 14:00:00,IoTPond7,4,26.4375,35.0,6.114,8.08865
2021-06-19 15:00:00,IoTPond7,4,26.625,35.0,8.026,8.11134
2021-06-19 16:00:00,IoTPond7,4,26.6875,36.0,8.224,8.11588
2021-06-19 17:00:00,IoTPond7,4,26.6875,37.0,8.338000000000001,8.11588
2021-06-19 18:00:00,IoTPond7,4,26.625,35.0,8.467,8.11588
2021-06-19 19:00:00,IoTPond7,4,26.5625,34.0,8.049,8.11588
2021-06-19 20:00:00,IoTPond7,4,26.5,35.0,7.1765,8.11588
2021-06-19 21:00:00,IoTPond7,4,26.375,34.0,7.074,8.11588
2021-06-19 22:00:00,IoTPond7,4,26.3125,35.0,6.853,8.11588
2021-06-19 23:00:00,IoTPond7,4,26.25,35.0,6.518000000000001,8.11134
2021-06-20 00:00:00,IoTPond2,0,25.875,100.0,8.642,8.39733
2021-06-20 00:00:00,IoTPond3,1,25.75,16.0,11.405,7.2897
2021-06-20 00:00:00,IoTpond1,6,25.875,100.0,8.642,8.39733
2021-06-20 00:00:00,IoTPond7,4,26.125,35.0,6.293,8.1068
2021-06-20 00:00:00,IoTPond9,5,25.8125,14.0,0.985,8.30654
2021-06-20 00:00:00,IoTPond4,2,25.9375,81.0,6.51,8.39733
2021-06-20 01:00:00,IoTPond7,4,26.0625,35.0,6.008,8.1068
2021-06-20 01:00:00,IoTPond3,1,25.6875,17.0,10.692,7.2897
2021-06-20 01:00:00,IoTPond2,0,25.8125,100.0,8.081,8.39733
2021-06-20 01:00:00,IoTpond1,6,25.8125,100.0,8.081,8.39733
2021-06-20 01:00:00,IoTPond9,5,25.625,11.5,1.169,8.281569999999999
2021-06-20 01:00:00,IoTPond4,2,25.875,80.0,8.386,8.40187
2021-06-20 02:00:00,IoTPond3,1,25.5625,17.0,9.755,7.2897
2021-06-20 02:00:00,IoTPond9,5,25.5,12.0,0.72,8.26115
2021-06-20 02:00:00,IoTPond2,0,25.75,100.0,7.0,8.40641
2021-06-20 02:00:00,IoTPond4,2,25.8125,80.0,8.201,8.40187
2021-06-20 02:00:00,IoTpond1,6,25.75,100.0,7.0,8.40641
2021-06-20 02:00:00,IoTPond6,3,25.6875,100.0,11.017,7.14898
2021-06-20 02:00:00,IoTPond7,4,25.9375,35.0,5.528,8.10226
2021-06-20 03:00:00,IoTPond3,1,25.5,18.0,8.93,7.2897
2021-06-20 03:00:00,IoTPond9,5,25.3125,11.5,1.093,8.258880000000001
2021-06-20 03:00:00,IoTPond4,2,25.6875,80.0,7.569,8.40187
2021-06-20 03:00:00,IoTPond7,4,25.875,35.0,5.07,8.10226
2021-06-20 03:00:00,IoTPond6,3,25.5625,97.0,9.795000000000002,7.14444
2021-06-20 03:00:00,IoTpond1,6,25.625,100.0,6.728,8.40641
2021-06-20 03:00:00,IoTPond2,0,25.625,100.0,6.728,8.40641
2021-06-20 04:00:00,IoTPond4,2,25.625,81.0,7.949,8.40187
2021-06-20 04:00:00,IoTpond1,6,25.5625,100.0,6.319,8.41095
2021-06-20 04:00:00,IoTPond7,4,25.8125,35.0,4.453,8.09772
2021-06-20 04:00:00,IoTPond6,3,25.4375,100.0,10.276,7.14444
2021-06-20 04:00:00,IoTPond3,1,25.375,18.0,8.302,7.2897
2021-06-20 04:00:00,IoTPond2,0,25.5625,100.0,6.319,8.41095
2021-06-20 04:00:00,IoTPond9,5,25.25,12.0,1.097,8.24299
2021-06-20 05:00:00,IoTPond4,2,25.5,81.0,6.888,8.40187
2021-06-20 05:00:00,IoTPond7,4,25.6875,35.0,5.134,8.09319
2021-06-20 05:00:00,IoTPond3,1,25.25,18.0,7.929,7.2897
2021-06-20 05:00:00,IoTPond6,3,25.3125,100.0,9.847000000000001,7.1399
2021-06-20 05:00:00,IoTPond9,5,25.125,11.0,1.057,8.23391
2021-06-20 05:00:00,IoTpond1,6,25.5,100.0,6.151,8.41549
2021-06-20 05:00:00,IoTPond2,0,25.5,100.0,6.151,8.41549
2021-06-20 06:00:00,IoTPond3,1,25.1875,18.0,6.199,7.2897
2021-06-20 06:00:00,IoTPond7,4,25.625,35.0,5.694,8.09319
2021-06-20 06:00:00,IoTPond2,0,25.375,100.0,5.47,8.41549
2021-06-20 06:00:00,IoTpond1,6,25.375,100.0,5.47,8.41549
2021-06-20 06:00:00,IoTPond6,3,25.1875,100.0,10.136,7.1399
2021-06-20 06:00:00,IoTPond9,5,25.0,12.0,0.938,8.22029
2021-06-20 06:00:00,IoTPond4,2,25.4375,81.0,7.885,8.39733
2021-06-20 07:00:00,IoTPond2,0,25.3125,100.0,5.783,8.41549
2021-06-20 07:00:00,IoTpond1,6,25.3125,100.0,5.783,8.41549
2021-06-20 07:00:00,IoTPond3,1,25.0625,16.0,6.119,7.29424
2021-06-20 07:00:00,IoTPond7,4,25.5625,35.0,5.282,8.08865
2021-06-20 07:00:00,IoTPond4,2,25.3125,81.0,8.161,8.39733
2021-06-20 07:00:00,IoTPond9,5,24.875,10.5,0.9585,8.199860000000001
2021-06-20 07:00:00,IoTPond6,3,25.125,98.0,9.427,7.1399
2021-06-20 08:00:00,IoTPond4,2,25.3125,80.0,8.586,8.39279
2021-06-20 08:00:00,IoTpond1,6,25.25,100.0,5.11,8.40641
2021-06-20 08:00:00,IoTPond2,0,25.25,100.0,5.11,8.40641
2021-06-20 08:00:00,IoTPond7,4,25.5625,35.0,5.178000000000001,8.08411
2021-06-20 08:00:00,IoTPond3,1,25.0,13.0,5.895,7.29424
2021-06-20 08:00:00,IoTPond6,3,25.125,96.0,10.428,7.1399
2021-06-20 08:00:00,IoTPond9,5,24.8125,7.0,0.845,8.18398
2021-06-20 09:00:00,IoTPond4,2,25.3125,80.0,8.105,8.38371
2021-06-20 09:00:00,IoTPond9,5,24.8125,9.0,1.132,8.16128
2021-06-20 09:00:00,IoTPond7,4,25.5625,35.0,4.725,8.07049
2021-06-20 09:00:00,IoTpond1,6,25.3125,100.0,6.852,8.40641
2021-06-20 09:00:00,IoTPond3,1,25.0,12.0,5.6579999999999995,7.29424
2021-06-20 09:00:00,IoTPond6,3,25.1875,92.0,10.516,7.1399
2021-06-20 09:00:00,IoTPond2,0,25.3125,100.0,6.852,8.40641
2021-06-20 10:00:00,IoTPond7,4,25.6875,35.0,5.47,8.06595
2021-06-20 10:00:00,IoTPond9,5,24.875,4.5,0.857,8.1522
2021-06-20 10:00:00,IoTpond1,6,25.4375,100.0,9.227,8.40187
2021-06-20 10:00:00,IoTPond3,1,25.0,12.0,7.5169999999999995,7.29424
2021-06-20 10:00:00,IoTPond2,0,25.4375,100.0,9.227,8.40187
2021-06-20 10:00:00,IoTPond4,2,25.4375,80.0,8.065000000000001,8.37917
2021-06-20 10:00:00,IoTPond6,3,25.375,87.0,9.763,7.12174
2021-06-20 11:00:00,IoTPond4,2,25.75,81.0,8.706,8.36555
2021-06-20 11:00:00,IoTPond9,5,25.25,3.0,8.5025,8.11588
2021-06-20 11:00:00,IoTpond1,6,25.8125,100.0,12.03,8.36782
2021-06-20 11:00:00,IoTPond6,3,25.5625,89.0,5.6585,7.128550000000001
2021-06-20 11:00:00,IoTPond3,1,25.125,13.0,11.053,7.30332
2021-06-20 11:00:00,IoTPond2,0,25.8125,100.0,12.03,8.36782
2021-06-20 11:00:00,IoTPond7,4,25.875,35.0,6.038,8.05687
2021-06-20 12:00:00,IoTPond4,2,26.0,83.0,8.909,8.36101
2021-06-20 12:00:00,IoTPond7,4,26.3125,36.0,6.057,8.04779
2021-06-20 12:00:00,IoTPond9,5,25.375,2.0,8.195,8.11588
2021-06-20 12:00:00,IoTPond6,3,25.78125,91.5,8.185500000000001,7.128550000000001
2021-06-20 12:00:00,IoTpond1,6,26.0,100.0,11.774,8.37917
2021-06-20 12:00:00,IoTPond2,0,26.0,100.0,11.774,8.37917
2021-06-20 12:00:00,IoTPond3,1,25.375,21.5,11.245,7.29424
2021-06-20 13:00:00,IoTPond2,0,26.3125,100.0,11.803,8.37463
2021-06-20 13:00:00,IoTPond7,4,26.65625,36.0,7.367,8.03417
2021-06-20 13:00:00,IoTpond1,6,26.3125,100.0,11.803,8.37463
2021-06-20 13:00:00,IoTPond9,5,25.875,8.0,1.9539999999999997,8.11815
2021-06-20 13:00:00,IoTPond6,3,25.9375,98.0,10.805,7.14444
2021-06-20 13:00:00,IoTPond3,1,25.5,28.0,12.658999999999999,7.29197
2021-06-20 13:00:00,IoTPond4,2,26.25,84.0,8.353,8.36101
2021-06-20 14:00:00,IoTPond4,2,26.375,85.0,8.247,8.35647
2021-06-20 14:00:00,IoTpond1,6,26.3125,100.0,11.414,8.38371
2021-06-20 14:00:00,IoTPond7,4,26.8125,37.0,7.7135,8.04779
2021-06-20 14:00:00,IoTPond9,5,26.03125,6.5,0.9550000000000001,8.11588
2021-06-20 14:00:00,IoTPond6,3,26.0,97.0,7.248,7.15352
2021-06-20 14:00:00,IoTPond2,0,26.3125,100.0,11.414,8.38371
2021-06-20 14:00:00,IoTPond3,1,25.625,31.0,12.503,7.2897
2021-06-20 15:00:00,IoTpond1,6,26.5625,100.0,11.407,8.36555
2021-06-20 15:00:00,IoTPond7,4,26.875,35.0,6.994,8.04779
2021-06-20 15:00:00,IoTPond3,1,25.6875,30.0,11.165,7.2897
2021-06-20 15:00:00,IoTPond6,3,26.15625,59.0,9.739,7.14898
2021-06-20 15:00:00,IoTPond9,5,26.1875,10.0,1.058,8.11588
2021-06-20 15:00:00,IoTPond4,2,26.4375,85.0,9.96,8.35647
2021-06-20 15:00:00,IoTPond2,0,26.5625,100.0,11.407,8.36555
2021-06-20 16:00:00,IoTpond1,6,26.6875,100.0,11.308,8.36555
2021-06-20 16:00:00,IoTPond3,1,25.875,28.0,12.735,7.28516
2021-06-20 16:00:00,IoTPond2,0,26.6875,100.0,11.308,8.36555
2021-06-20 16:00:00,IoTPond6,3,26.25,100.0,10.558,7.164865000000001
2021-06-20 16:00:00,IoTPond4,2,26.5,85.0,8.97,8.35194
2021-06-20 16:00:00,IoTPond9,5,26.1875,10.0,0.997,8.1295
2021-06-20 16:00:00,IoTPond7,4,26.9375,35.0,6.7425,8.04325
2021-06-20 17:00:00,IoTPond9,5,26.25,15.0,0.738,8.12042
2021-06-20 17:00:00,IoTPond2,0,26.6875,100.0,10.562,8.37463
2021-06-20 17:00:00,IoTPond4,2,26.5,85.0,9.351,8.35194
2021-06-20 17:00:00,IoTPond6,3,26.25,100.0,12.1,7.16713
2021-06-20 17:00:00,IoTPond7,4,26.9375,35.0,6.396,8.04325
2021-06-20 17:00:00,IoTpond1,6,26.6875,100.0,10.562,8.37463
2021-06-20 17:00:00,IoTPond3,1,26.0,33.5,12.549,7.28289
2021-06-20 18:00:00,IoTPond6,3,26.125,100.0,12.339500000000001,7.17621
2021-06-20 18:00:00,IoTPond4,2,26.4375,84.0,10.032,8.35194
2021-06-20 18:00:00,IoTPond7,4,26.875,34.0,6.415,8.05233
2021-06-20 18:00:00,IoTpond1,6,26.5,100.0,9.952,8.39733
2021-06-20 18:00:00,IoTPond9,5,26.1875,14.0,1.1305,8.12042
2021-06-20 18:00:00,IoTPond2,0,26.5,100.0,9.952,8.39733
2021-06-20 18:00:00,IoTPond3,1,26.0625,33.0,10.257,7.27608
2021-06-20 19:00:00,IoTpond1,6,26.375,100.0,10.0745,8.39279
2021-06-20 19:00:00,IoTPond3,1,25.875,28.0,10.396,7.27608
2021-06-20 19:00:00,IoTPond9,5,26.0,14.0,0.8445,8.122689999999999
2021-06-20 19:00:00,IoTPond6,3,26.0,100.0,10.828,7.17621
2021-06-20 19:00:00,IoTPond7,4,26.75,34.0,6.404,8.04779
2021-06-20 19:00:00,IoTPond2,0,26.375,100.0,10.0745,8.39279
2021-06-20 19:00:00,IoTPond4,2,26.3125,83.0,8.574000000000002,8.35194
2021-06-20 20:00:00,IoTPond6,3,25.875,100.0,11.5415,7.19437
2021-06-20 20:00:00,IoTpond1,6,26.3125,100.0,9.138,8.38825
2021-06-20 20:00:00,IoTPond7,4,26.625,34.0,5.741,8.04779
2021-06-20 20:00:00,IoTPond4,2,26.25,81.0,9.176,8.35194
2021-06-20 20:00:00,IoTPond9,5,25.875,14.5,0.949,8.11815
2021-06-20 20:00:00,IoTPond3,1,25.8125,27.0,9.018,7.28516
2021-06-20 20:00:00,IoTPond2,0,26.3125,100.0,9.138,8.38825
2021-06-20 21:00:00,IoTPond2,0,26.1875,100.0,9.138,8.38825
2021-06-20 21:00:00,IoTPond6,3,25.6875,100.0,10.7165,7.20345
2021-06-20 21:00:00,IoTPond3,1,25.6875,23.0,8.177,7.28516
2021-06-20 21:00:00,IoTPond9,5,25.6875,15.0,0.897,8.11588
2021-06-20 21:00:00,IoTPond4,2,26.125,80.0,9.229,8.3474
2021-06-20 21:00:00,IoTPond7,4,26.5,34.0,5.928,8.04325
2021-06-20 21:00:00,IoTpond1,6,26.1875,100.0,9.138,8.38825
2021-06-20 22:00:00,IoTPond4,2,26.0625,80.0,8.779499999999999,8.345130000000001
2021-06-20 22:00:00,IoTPond9,5,25.625,14.0,0.728,8.11588
2021-06-20 22:00:00,IoTPond6,3,25.625,100.0,9.988,7.21253
2021-06-20 22:00:00,IoTPond3,1,25.5625,19.0,6.664,7.28516
2021-06-20 22:00:00,IoTPond7,4,26.375,34.0,5.882,8.04325
2021-06-20 22:00:00,IoTPond2,0,26.0625,100.0,8.7265,8.39279
2021-06-20 22:00:00,IoTpond1,6,26.0625,100.0,8.7265,8.39279
2021-06-20 23:00:00,IoTPond2,0,25.9375,100.0,8.193,8.39279
2021-06-20 23:00:00,IoTPond7,4,26.3125,34.0,5.696,8.036439999999999
2021-06-20 23:00:00,IoTPond4,2,25.9375,80.0,8.586,8.34286
2021-06-20 23:00:00,IoTpond1,6,25.9375,100.0,8.193,8.39279
2021-06-20 23:00:00,IoTPond9,5,25.375,15.5,1.089,8.11588
2021-06-20 23:00:00,IoTPond3,1,25.4375,18.0,5.943,7.28516
2021-06-20 23:00:00,IoTPond6,3,25.5,100.0,10.144,7.22161
2021-06-21 00:00:00,IoTPond6,3,25.375,100.0,9.547,7.23069
2021-06-21 00:00:00,IoTPond7,4,26.1875,35.0,5.939,8.03417
2021-06-21 00:00:00,IoTPond4,2,25.875,80.0,8.978000000000002,8.34286
2021-06-21 00:00:00,IoTpond1,6,25.8125,100.0,8.334,8.40187
2021-06-21 00:00:00,IoTPond2,0,25.8125,100.0,8.334,8.40187
2021-06-21 00:00:00,IoTPond9,5,25.3125,13.0,0.9205,8.11588
2021-06-21 00:00:00,IoTPond3,1,25.375,17.0,6.3149999999999995,7.28516
2021-06-21 01:00:00,IoTpond1,6,25.75,100.0,7.388,8.40641
2021-06-21 01:00:00,IoTPond7,4,26.0625,35.0,5.6115,8.03417
2021-06-21 01:00:00,IoTPond4,2,25.75,80.0,8.602,8.34286
2021-06-21 01:00:00,IoTPond6,3,25.25,100.0,9.607,7.23523
2021-06-21 01:00:00,IoTPond3,1,25.25,16.0,6.832,7.2897
2021-06-21 01:00:00,IoTPond9,5,25.125,15.0,0.664,8.11588
2021-06-21 01:00:00,IoTPond2,0,25.75,100.0,7.388,8.40641
2021-06-21 02:00:00,IoTpond1,6,25.625,100.0,7.364000000000001,8.40641
2021-06-21 02:00:00,IoTPond6,3,25.1875,100.0,8.474,7.242039999999999
2021-06-21 02:00:00,IoTPond3,1,25.1875,17.0,6.159,7.2897
2021-06-21 02:00:00,IoTPond9,5,25.03125,15.0,1.0685,8.113610000000001
2021-06-21 02:00:00,IoTPond2,0,25.625,100.0,7.364000000000001,8.40641
2021-06-21 02:00:00,IoTPond4,2,25.6875,80.0,9.002,8.34286
2021-06-21 02:00:00,IoTPond7,4,26.0,35.0,5.795,8.02963
2021-06-21 03:00:00,IoTPond7,4,25.875,33.0,5.418,8.02509
2021-06-21 03:00:00,IoTPond4,2,25.5625,80.0,9.531,8.34286
2021-06-21 03:00:00,IoTPond9,5,24.875,12.5,0.9335,8.11588
2021-06-21 03:00:00,IoTPond6,3,25.0625,100.0,8.306,7.24431
2021-06-21 03:00:00,IoTPond3,1,25.0625,17.0,4.421,7.2897
2021-06-21 03:00:00,IoTPond2,0,25.5,100.0,6.351,8.40641
2021-06-21 03:00:00,IoTpond1,6,25.5,100.0,6.351,8.40641
2021-06-21 04:00:00,IoTPond7,4,25.75,33.0,6.843999999999999,8.02282
2021-06-21 04:00:00,IoTpond1,6,25.4375,100.0,6.728,8.40641
2021-06-21 04:00:00,IoTPond6,3,24.9375,100.0,10.793,7.24431
2021-06-21 04:00:00,IoTPond9,5,24.75,12.0,0.659,8.1068
2021-06-21 04:00:00,IoTPond3,1,24.9375,17.0,4.2,7.2897
2021-06-21 04:00:00,IoTPond4,2,25.4375,80.0,8.758,8.33832
2021-06-21 04:00:00,IoTPond2,0,25.4375,100.0,6.728,8.40641
2021-06-21 05:00:00,IoTPond7,4,25.6875,33.0,6.984,8.01602
2021-06-21 05:00:00,IoTPond4,2,25.375,80.0,8.986,8.34286
2021-06-21 05:00:00,IoTPond3,1,24.875,17.0,5.08,7.29424
2021-06-21 05:00:00,IoTpond1,6,25.3125,100.0,6.019,8.40641
2021-06-21 05:00:00,IoTPond2,0,25.3125,100.0,6.019,8.40641
2021-06-21 05:00:00,IoTPond6,3,24.8125,100.0,9.077,7.24885
2021-06-21 06:00:00,IoTPond3,1,24.75,17.0,3.778,7.2897
2021-06-21 06:00:00,IoTPond6,3,24.75,100.0,8.4985,7.25338
2021-06-21 06:00:00,IoTPond7,4,25.625,33.0,5.394,8.01148
2021-06-21 06:00:00,IoTPond4,2,25.3125,80.0,10.781,8.34286
2021-06-21 06:00:00,IoTpond1,6,25.1875,100.0,7.12,8.40641
2021-06-21 06:00:00,IoTPond2,0,25.1875,100.0,7.12,8.40641
2021-06-21 07:00:00,IoTPond7,4,25.5,33.0,5.518,8.01148
2021-06-21 07:00:00,IoTPond2,0,25.125,100.0,7.408,8.40641
2021-06-21 07:00:00,IoTPond3,1,24.6875,17.0,2.975,7.29424
2021-06-21 07:00:00,IoTpond1,6,25.125,100.0,7.408,8.40641
2021-06-21 07:00:00,IoTPond6,3,24.625,100.0,8.063,7.25792
2021-06-21 07:00:00,IoTPond4,2,25.1875,80.0,10.144,8.33832
2021-06-21 08:00:00,IoTpond1,6,25.0625,100.0,6.447,8.40641
2021-06-21 08:00:00,IoTPond6,3,24.625,97.5,8.4855,7.25792
2021-06-21 08:00:00,IoTPond4,2,25.1875,80.0,9.968,8.33832
2021-06-21 08:00:00,IoTPond9,5,24.34375,10.0,8.324,8.08865
2021-06-21 08:00:00,IoTPond2,0,25.0625,100.0,6.447,8.40641
2021-06-21 08:00:00,IoTPond7,4,25.5,33.0,5.446,8.0024
2021-06-21 08:00:00,IoTPond3,1,24.625,15.0,2.6745,7.29424
2021-06-21 09:00:00,IoTPond9,5,24.375,7.0,7.516,8.07503
2021-06-21 09:00:00,IoTPond2,0,25.0625,100.0,6.728,8.40641
2021-06-21 09:00:00,IoTPond6,3,24.625,99.0,8.418,7.26246
2021-06-21 09:00:00,IoTpond1,6,25.0625,100.0,6.728,8.40641
2021-06-21 09:00:00,IoTPond3,1,24.5625,13.0,3.672,7.29424
2021-06-21 09:00:00,IoTPond4,2,25.125,80.0,10.092,8.32924
2021-06-21 09:00:00,IoTPond7,4,25.5,32.0,5.7745,7.99786
2021-06-21 10:00:00,IoTPond4,2,25.1875,80.0,10.532,8.32016
2021-06-21 10:00:00,IoTPond9,5,24.4375,11.0,6.757,8.06595
2021-06-21 10:00:00,IoTPond7,4,25.5625,33.0,5.302,7.99332
2021-06-21 10:00:00,IoTPond3,1,24.5625,14.0,3.5535,7.29424
2021-06-21 10:00:00,IoTPond2,0,25.0625,100.0,5.975,8.40187
2021-06-21 10:00:00,IoTpond1,6,25.0625,100.0,5.975,8.40187
2021-06-21 10:00:00,IoTPond6,3,24.5625,100.0,9.221,7.27154
2021-06-21 11:00:00,IoTPond7,4,25.5,37.0,5.454,8.01602
2021-06-21 11:00:00,IoTpond1,6,25.0,100.0,6.432,8.40641
2021-06-21 11:00:00,IoTPond9,5,24.34375,12.0,7.6545000000000005,8.08411
2021-06-21 11:00:00,IoTPond3,1,24.5625,16.0,4.302,7.29878
2021-06-21 11:00:00,IoTPond6,3,24.5,99.0,8.46,7.27608
2021-06-21 11:00:00,IoTPond2,0,25.0,100.0,6.432,8.40641
2021-06-21 11:00:00,IoTPond4,2,25.125,80.0,10.236,8.32016
2021-06-21 12:00:00,IoTPond9,5,24.25,10.0,7.177,8.08865
2021-06-21 12:00:00,IoTPond3,1,24.4375,15.0,4.226,7.29424
2021-06-21 12:00:00,IoTpond1,6,24.9375,100.0,6.88,8.40641
2021-06-21 12:00:00,IoTPond2,0,24.9375,100.0,6.88,8.40641
2021-06-21 12:00:00,IoTPond4,2,25.0625,80.0,10.14,8.32016
2021-06-21 12:00:00,IoTPond7,4,25.34375,44.5,5.609999999999999,8.05687
2021-06-22 13:00:00,IoTPond6,3,24.0,93.0,9.737,7.36233
2021-06-22 14:00:00,IoTPond4,2,24.75,84.0,7.497,8.26115
2021-06-22 14:00:00,IoTPond6,3,24.125,87.0,12.002,7.36233
2021-06-22 14:00:00,IoTPond7,4,25.4375,33.0,12.074,7.91615
2021-06-22 14:00:00,IoTPond3,1,23.9375,37.0,9.989,7.3124
2021-06-22 14:00:00,IoTPond9,5,24.1875,5.0,6.784,7.97516
2021-06-22 14:00:00,IoTpond1,6,24.75,100.0,11.866499999999998,8.33378
2021-06-22 14:00:00,IoTPond2,0,24.75,100.0,11.866499999999998,8.33378
2021-06-22 15:00:00,IoTPond6,3,24.3125,83.5,11.841,7.34871
2021-06-22 15:00:00,IoTPond3,1,24.0625,35.0,9.382,7.3124
2021-06-22 15:00:00,IoTpond1,6,24.875,100.0,11.74,8.32924
2021-06-22 15:00:00,IoTPond7,4,25.59375,33.5,11.3695,7.92523
2021-06-22 15:00:00,IoTPond9,5,24.4375,7.0,7.244,7.99332
2021-06-22 15:00:00,IoTPond2,0,24.875,100.0,11.74,8.32924
2021-06-22 15:00:00,IoTPond4,2,24.875,84.0,7.268,8.25207
2021-06-22 16:00:00,IoTPond7,4,25.6875,34.0,8.394,7.92523
2021-06-22 16:00:00,IoTPond9,5,24.5625,7.0,7.4405,7.98878
2021-06-22 16:00:00,IoTpond1,6,25.125,100.0,11.734,8.32924
2021-06-22 16:00:00,IoTPond3,1,24.1875,36.0,9.6905,7.30786
2021-06-22 16:00:00,IoTPond6,3,24.5625,97.0,12.805,7.35779
2021-06-22 16:00:00,IoTPond2,0,25.125,100.0,11.734,8.32924
2021-06-22 16:00:00,IoTPond4,2,25.0625,85.0,7.689,8.25207
2021-06-22 17:00:00,IoTPond6,3,24.5625,100.0,12.826,7.36687
2021-06-22 17:00:00,IoTPond7,4,25.75,34.0,8.946,7.92069
2021-06-22 17:00:00,IoTPond9,5,24.6875,9.0,6.463,7.99332
2021-06-22 17:00:00,IoTPond2,0,25.1875,100.0,10.821000000000002,8.33378
2021-06-22 17:00:00,IoTpond1,6,25.1875,100.0,10.821000000000002,8.33378
2021-06-22 17:00:00,IoTPond4,2,25.125,86.0,7.184,8.24753
2021-06-22 17:00:00,IoTPond3,1,24.375,40.0,9.152999999999999,7.30332
2021-06-22 18:00:00,IoTPond2,0,25.1875,100.0,10.116,8.33378
2021-06-22 18:00:00,IoTPond4,2,25.125,86.0,6.744,8.24753
2021-06-22 18:00:00,IoTPond6,3,24.5625,100.0,12.526,7.38049
2021-06-22 18:00:00,IoTPond9,5,24.6875,11.0,8.141,7.99332
2021-06-22 18:00:00,IoTpond1,6,25.1875,100.0,10.116,8.33378
2021-06-22 18:00:00,IoTPond3,1,24.375,41.0,7.995,7.30332
2021-06-22 19:00:00,IoTPond4,2,25.125,87.0,6.84,8.24299
2021-06-22 19:00:00,IoTPond2,0,25.125,100.0,9.875,8.33832
2021-06-22 19:00:00,IoTPond3,1,24.375,43.0,6.922,7.30332
2021-06-22 19:00:00,IoTPond9,5,24.625,12.0,7.177,7.99786
2021-06-22 19:00:00,IoTpond1,6,25.125,100.0,9.875,8.33832
2021-06-22 19:00:00,IoTPond6,3,24.5625,100.0,12.074,7.38957
2021-06-22 20:00:00,IoTPond6,3,24.5,100.0,11.233,7.38957
2021-06-22 20:00:00,IoTPond3,1,24.375,43.5,6.3260000000000005,7.30332
2021-06-22 20:00:00,IoTPond4,2,25.0625,87.0,6.992,8.23845
2021-06-22 20:00:00,IoTPond2,0,25.125,100.0,9.235,8.33378
2021-06-22 20:00:00,IoTpond1,6,25.125,100.0,9.235,8.33378
2021-06-22 20:00:00,IoTPond9,5,24.5625,12.0,6.525,7.99786
2021-06-22 21:00:00,IoTPond9,5,24.5625,12.0,7.855,7.99786
2021-06-22 21:00:00,IoTpond1,6,25.125,100.0,8.382,8.33378
2021-06-22 21:00:00,IoTPond3,1,24.375,44.0,6.28,7.29878
2021-06-22 21:00:00,IoTPond6,3,24.4375,100.0,10.666,7.39411
2021-06-22 21:00:00,IoTPond2,0,25.125,100.0,8.382,8.33378
2021-06-22 21:00:00,IoTPond4,2,25.0625,87.0,6.672,8.23845
2021-06-22 22:00:00,IoTpond1,6,25.0625,100.0,7.849,8.33378
2021-06-22 22:00:00,IoTPond6,3,24.4375,100.0,9.5465,7.41227
2021-06-22 22:00:00,IoTPond3,1,24.3125,45.0,5.265,7.30332
2021-06-22 22:00:00,IoTPond2,0,25.0625,100.0,7.849,8.33378
2021-06-22 22:00:00,IoTPond4,2,25.0,86.0,6.567,8.25207
2021-06-22 22:00:00,IoTPond9,5,24.5,12.0,7.079,7.99332
2021-06-22 23:00:00,IoTPond3,1,24.3125,45.0,4.792,7.30332
2021-06-22 23:00:00,IoTpond1,6,25.0,100.0,7.352,8.32924
2021-06-22 23:00:00,IoTPond2,0,25.0,100.0,7.352,8.32924
2021-06-22 23:00:00,IoTPond4,2,24.9375,86.0,6.99,8.25661
2021-06-22 23:00:00,IoTPond9,5,24.375,12.0,7.0655,7.99332
2021-06-22 23:00:00,IoTPond6,3,24.375,100.0,9.411,7.4395
2021-06-23 00:00:00,IoTPond9,5,24.3125,11.0,7.427,7.99332
2021-06-23 00:00:00,IoTPond2,0,24.9375,100.0,7.429,8.33378
2021-06-23 00:00:00,IoTPond6,3,24.3125,100.0,8.397,7.43496
2021-06-23 00:00:00,IoTpond1,6,24.9375,100.0,7.429,8.33378
2021-06-23 00:00:00,IoTPond4,2,24.875,86.0,6.432,8.25661
2021-06-23 00:00:00,IoTPond3,1,24.25,45.0,4.488,7.30332
2021-06-23 01:00:00,IoTPond2,0,24.875,100.0,6.837,8.33378
2021-06-23 01:00:00,IoTPond6,3,24.25,100.0,7.894,7.41681
2021-06-23 01:00:00,IoTPond4,2,24.875,86.0,6.212,8.25661
2021-06-23 01:00:00,IoTpond1,6,24.875,100.0,6.837,8.33378
2021-06-23 01:00:00,IoTPond9,5,24.1875,11.0,6.561,7.99332
2021-06-23 01:00:00,IoTPond3,1,24.1875,44.0,3.566,7.30332
2021-06-23 02:00:00,IoTpond1,6,24.75,100.0,6.229,8.34286
2021-06-23 02:00:00,IoTPond2,0,24.75,100.0,6.229,8.34286
2021-06-23 02:00:00,IoTPond3,1,24.125,44.0,3.782,7.30332
2021-06-23 02:00:00,IoTPond9,5,24.125,11.0,7.833,7.98878
2021-06-23 02:00:00,IoTPond6,3,24.125,100.0,7.919,7.43042
2021-06-23 02:00:00,IoTPond4,2,24.8125,85.0,6.0385,8.24753
2021-06-23 03:00:00,IoTPond4,2,24.71875,84.0,5.9245,8.24526
2021-06-23 03:00:00,IoTPond9,5,24.0,11.0,7.079,7.98424
2021-06-23 03:00:00,IoTpond1,6,24.6875,100.0,5.629,8.3474
2021-06-23 03:00:00,IoTPond2,0,24.6875,100.0,5.629,8.3474
2021-06-23 03:00:00,IoTPond3,1,24.0625,43.0,2.975,7.30332
2021-06-23 03:00:00,IoTPond6,3,24.0625,100.0,7.336,7.43042
2021-06-23 04:00:00,IoTPond4,2,24.6875,83.0,6.009,8.23845
2021-06-23 04:00:00,IoTPond3,1,24.0,42.0,3.5155000000000003,7.30786
2021-06-23 04:00:00,IoTPond9,5,23.9375,11.0,6.106,7.98424
2021-06-23 04:00:00,IoTPond2,0,24.625,100.0,4.91,8.3474
2021-06-23 04:00:00,IoTpond1,6,24.625,100.0,4.91,8.3474
2021-06-23 04:00:00,IoTPond6,3,24.0,100.0,6.6135,7.41227
2021-06-23 05:00:00,IoTPond6,3,23.9375,100.0,6.381,7.41681
2021-06-23 05:00:00,IoTPond3,1,23.9375,41.0,3.722,7.30786
2021-06-23 05:00:00,IoTPond2,0,24.5625,100.0,4.919,8.3474
2021-06-23 05:00:00,IoTpond1,6,24.5625,100.0,4.919,8.3474
2021-06-23 05:00:00,IoTPond4,2,24.625,82.0,6.009,8.23845
2021-06-23 06:00:00,IoTPond2,0,24.5,100.0,5.4085,8.3474
2021-06-23 06:00:00,IoTPond3,1,23.875,40.0,2.972,7.30786
2021-06-23 06:00:00,IoTpond1,6,24.5,100.0,5.4085,8.3474
2021-06-23 06:00:00,IoTPond4,2,24.5625,81.0,6.0809999999999995,8.23391
2021-06-23 06:00:00,IoTPond6,3,23.9375,100.0,5.954,7.41227
2021-06-23 07:00:00,IoTPond3,1,23.8125,37.0,2.615,7.30786
2021-06-23 07:00:00,IoTpond1,6,24.4375,100.0,5.7385,8.34286
2021-06-23 07:00:00,IoTPond6,3,23.9375,99.0,6.244,7.38957
2021-06-23 07:00:00,IoTPond2,0,24.4375,100.0,5.7385,8.34286
2021-06-23 07:00:00,IoTPond4,2,24.5,81.0,5.65,8.22937
2021-06-23 08:00:00,IoTPond2,0,24.4375,100.0,4.792,8.33832
2021-06-23 08:00:00,IoTPond3,1,23.8125,37.0,2.8245,7.30786
2021-06-23 08:00:00,IoTPond9,5,23.75,8.0,9.111,7.97062
2021-06-23 08:00:00,IoTpond1,6,24.4375,100.0,4.792,8.33832
2021-06-23 08:00:00,IoTPond6,3,23.9375,99.0,5.936,7.38957
2021-06-23 08:00:00,IoTPond4,2,24.5,81.0,5.663,8.21575
2021-06-23 09:00:00,IoTPond9,5,23.75,7.0,7.236000000000001,7.97062
2021-06-23 09:00:00,IoTPond6,3,23.9375,99.0,7.329,7.38957
2021-06-23 09:00:00,IoTPond4,2,24.5,81.0,5.4,8.21121
2021-06-23 09:00:00,IoTPond3,1,23.875,37.0,2.892,7.30786
2021-06-23 09:00:00,IoTPond2,0,24.5,100.0,4.72,8.32924
2021-06-23 09:00:00,IoTpond1,6,24.5,100.0,4.72,8.32924
2021-06-23 10:00:00,IoTPond3,1,23.875,38.0,3.0035,7.30332
2021-06-23 10:00:00,IoTPond9,5,23.8125,7.0,9.227,7.96608
2021-06-23 10:00:00,IoTPond7,4,25.0,30.0,13.72,7.82536
2021-06-23 10:00:00,IoTPond2,0,24.5,100.0,5.941,8.32924
2021-06-23 10:00:00,IoTPond4,2,24.5625,81.0,5.113,8.20213
2021-06-23 10:00:00,IoTpond1,6,24.5,100.0,5.941,8.32924
2021-06-23 10:00:00,IoTPond6,3,23.9375,100.0,7.4405,7.41
2021-06-23 11:00:00,IoTPond9,5,23.8125,8.0,13.095500000000001,7.94111
2021-06-23 11:00:00,IoTPond3,1,23.875,38.0,2.981,7.30786
2021-06-23 11:00:00,IoTPond2,0,24.5,100.0,5.443,8.33378
2021-06-23 11:00:00,IoTPond7,4,25.0,30.0,13.992,7.85713
2021-06-23 11:00:00,IoTPond6,3,23.9375,100.0,6.972,7.42134
2021-06-23 11:00:00,IoTPond4,2,24.5625,81.0,5.248,8.20667
2021-06-23 11:00:00,IoTpond1,6,24.5,100.0,5.443,8.33378
2021-06-23 12:00:00,IoTPond2,0,24.5,100.0,4.923,8.33378
2021-06-23 12:00:00,IoTPond6,3,23.875,96.0,7.4,7.44858
2021-06-23 12:00:00,IoTPond3,1,23.8125,38.0,3.481,7.31694
2021-06-23 12:00:00,IoTpond1,6,24.5,100.0,4.923,8.33378
2021-06-23 12:00:00,IoTPond4,2,24.5625,81.0,5.122,8.21121
2021-06-23 12:00:00,IoTPond9,5,23.75,8.0,12.113499999999998,7.957
2021-06-23 13:00:00,IoTPond6,3,23.8125,95.0,9.6765,7.39411
2021-06-23 13:00:00,IoTPond3,1,23.75,32.0,3.294,7.34417
2021-06-23 13:00:00,IoTpond1,6,24.375,100.0,5.747,8.32924
2021-06-23 13:00:00,IoTPond2,0,24.375,100.0,5.747,8.32924
2021-06-23 13:00:00,IoTPond4,2,24.4375,80.0,4.978,8.21121
2021-06-23 13:00:00,IoTPond9,5,23.625,6.0,12.118,7.957
2021-06-23 14:00:00,IoTPond2,0,24.375,100.0,6.837,8.31108
2021-06-23 14:00:00,IoTPond4,2,24.4375,80.0,4.919,8.19759
2021-06-23 14:00:00,IoTPond9,5,23.625,6.0,12.346,7.94792
2021-06-23 14:00:00,IoTPond3,1,23.75,31.0,4.3965,7.36233
2021-06-23 14:00:00,IoTPond6,3,23.875,95.0,9.953,7.38957
2021-06-23 14:00:00,IoTpond1,6,24.375,100.0,6.837,8.31108
2021-06-23 15:00:00,IoTPond2,0,24.375,100.0,7.759,8.30654
2021-06-23 15:00:00,IoTpond1,6,24.375,100.0,7.759,8.30654
2021-06-23 15:00:00,IoTPond3,1,23.75,31.0,4.392,7.35779
2021-06-23 15:00:00,IoTPond4,2,24.5,80.0,4.872,8.19305
2021-06-23 15:00:00,IoTPond9,5,23.71875,6.0,11.5375,7.93203
2021-06-23 15:00:00,IoTPond6,3,23.875,96.0,10.917,7.38957
2021-06-23 16:00:00,IoTPond3,1,23.75,31.0,5.061,7.35779
2021-06-23 16:00:00,IoTpond1,6,24.4375,100.0,7.632,8.302
2021-06-23 16:00:00,IoTPond4,2,24.5,80.0,5.3325,8.18851
2021-06-23 16:00:00,IoTPond9,5,23.75,8.0,12.1495,7.94111
2021-06-23 16:00:00,IoTPond2,0,24.4375,100.0,7.632,8.302
2021-06-23 16:00:00,IoTPond6,3,23.9375,100.0,11.2965,7.38957
2021-06-23 17:00:00,IoTPond4,2,24.5,81.0,5.358,8.18851
2021-06-23 17:00:00,IoTPond9,5,23.75,6.0,11.279,7.93884
2021-06-23 17:00:00,IoTpond1,6,24.4375,100.0,7.437,8.29292
2021-06-23 17:00:00,IoTPond6,3,23.9375,100.0,10.98,7.39865
2021-06-23 17:00:00,IoTPond2,0,24.4375,100.0,7.437,8.29292
2021-06-23 17:00:00,IoTPond3,1,23.8125,33.0,5.008,7.32148
2021-06-23 18:00:00,IoTPond2,0,24.4375,100.0,6.8335,8.302
2021-06-23 18:00:00,IoTPond6,3,23.875,100.0,9.9305,7.40319
2021-06-23 18:00:00,IoTPond9,5,23.71875,8.5,9.227,7.94338
2021-06-23 18:00:00,IoTPond3,1,23.75,34.0,5.133,7.30786
2021-06-23 18:00:00,IoTpond1,6,24.4375,100.0,6.8335,8.302
2021-06-23 18:00:00,IoTPond4,2,24.5,80.0,5.4805,8.18851
2021-06-23 18:00:00,IoTPond7,4,24.8125,29.0,11.824,7.82082
2021-06-23 19:00:00,IoTpond1,6,24.375,100.0,7.5345,8.302
2021-06-23 19:00:00,IoTPond2,0,24.375,100.0,7.5345,8.302
2021-06-23 19:00:00,IoTPond3,1,23.75,35.0,5.08,7.31694
2021-06-23 19:00:00,IoTPond6,3,23.8125,100.0,10.167,7.41227
2021-06-23 19:00:00,IoTPond7,4,24.8125,29.0,11.976,7.79812
2021-06-23 19:00:00,IoTPond4,2,24.4375,80.0,6.398,8.18851
2021-06-23 19:00:00,IoTPond9,5,23.6875,9.0,8.99,7.93884
2021-06-23 20:00:00,IoTPond7,4,24.71875,29.0,12.2045,7.79812
2021-06-23 20:00:00,IoTPond9,5,23.625,8.0,7.34,7.93884
2021-06-23 20:00:00,IoTPond2,0,24.3125,100.0,5.941,8.302
2021-06-23 20:00:00,IoTPond4,2,24.375,80.0,7.86,8.18851
2021-06-23 20:00:00,IoTpond1,6,24.3125,100.0,5.941,8.302
2021-06-23 20:00:00,IoTPond6,3,23.75,100.0,9.386500000000002,7.419074999999999
2021-06-23 20:00:00,IoTPond3,1,23.6875,36.0,5.08,7.31694
2021-06-23 21:00:00,IoTPond7,4,24.6875,29.0,12.703,7.79358
2021-06-23 21:00:00,IoTPond9,5,23.5625,9.0,7.0120000000000005,7.93884
2021-06-23 21:00:00,IoTpond1,6,24.25,100.0,5.417,8.29292
2021-06-23 21:00:00,IoTPond6,3,23.6875,100.0,7.927,7.43042
2021-06-23 21:00:00,IoTPond2,0,24.25,100.0,5.417,8.29292
2021-06-23 21:00:00,IoTPond4,2,24.3125,80.0,7.598,8.18851
2021-06-23 21:00:00,IoTPond3,1,23.6875,35.0,4.816000000000001,7.31694
2021-06-23 22:00:00,IoTPond3,1,23.5625,32.0,4.2844999999999995,7.32148
2021-06-23 22:00:00,IoTPond9,5,23.46875,9.0,7.147,7.93884
2021-06-23 22:00:00,IoTPond6,3,23.625,100.0,8.65,7.43042
2021-06-23 22:00:00,IoTPond4,2,24.25,80.0,7.4885,8.18851
2021-06-23 22:00:00,IoTPond7,4,24.625,29.0,13.222999999999999,7.78904
2021-06-23 22:00:00,IoTpond1,6,24.1875,100.0,4.678000000000001,8.28838
2021-06-23 22:00:00,IoTPond2,0,24.1875,100.0,4.678000000000001,8.28838
2021-06-23 23:00:00,IoTPond3,1,23.5,30.0,5.08,7.32148
2021-06-23 23:00:00,IoTPond4,2,24.1875,80.0,7.911,8.18851
2021-06-23 23:00:00,IoTPond9,5,23.375,8.0,7.319,7.92523
2021-06-23 23:00:00,IoTPond7,4,24.5625,29.0,12.991,7.79358
2021-06-23 23:00:00,IoTPond6,3,23.5625,100.0,7.846,7.43042
2021-06-23 23:00:00,IoTPond2,0,24.125,100.0,4.166,8.28384
2021-06-23 23:00:00,IoTpond1,6,24.125,100.0,4.166,8.28384
2021-06-24 00:00:00,IoTPond2,0,24.0625,100.0,4.361,8.27476
2021-06-24 00:00:00,IoTPond7,4,24.4375,29.0,13.371,7.7845
2021-06-24 00:00:00,IoTPond3,1,23.5,28.0,5.08,7.32602
2021-06-24 00:00:00,IoTPond6,3,23.5,100.0,7.109500000000001,7.43496
2021-06-24 00:00:00,IoTPond9,5,23.3125,6.5,6.702,7.92069
2021-06-24 00:00:00,IoTPond4,2,24.15625,80.0,5.3035,8.18851
2021-06-24 00:00:00,IoTpond1,6,24.0625,100.0,4.361,8.27476
2021-06-24 01:00:00,IoTPond9,5,23.25,7.0,5.941,7.91615
2021-06-24 01:00:00,IoTPond6,3,23.4375,100.0,6.976,7.43723
2021-06-24 01:00:00,IoTPond3,1,23.4375,28.0,4.008,7.32602
2021-06-24 01:00:00,IoTpond1,6,24.0,100.0,3.617,8.27022
2021-06-24 01:00:00,IoTPond4,2,24.125,80.0,8.1345,8.18851
2021-06-24 01:00:00,IoTPond2,0,24.0,100.0,3.617,8.27022
2021-06-24 01:00:00,IoTPond7,4,24.375,29.0,13.16,7.7845
2021-06-24 02:00:00,IoTPond3,1,23.375,26.0,3.49,7.32375
2021-06-24 02:00:00,IoTPond9,5,23.1875,6.0,8.458,7.91161
2021-06-24 02:00:00,IoTPond6,3,23.4375,100.0,6.3065,7.44177
2021-06-24 02:00:00,IoTPond2,0,23.9375,100.0,3.311,8.27022
2021-06-24 02:00:00,IoTPond4,2,24.0625,80.0,7.1585,8.18398
2021-06-24 02:00:00,IoTpond1,6,23.9375,100.0,3.311,8.27022
2021-06-24 02:00:00,IoTPond7,4,24.3125,28.0,13.312,7.79358
2021-06-24 03:00:00,IoTPond6,3,23.3125,100.0,6.7575,7.44858
2021-06-24 03:00:00,IoTPond7,4,24.3125,29.0,13.654,7.164865
2021-06-24 03:00:00,IoTPond4,2,23.96875,80.0,7.384,8.18398
2021-06-24 03:00:00,IoTPond3,1,23.3125,26.0,3.811,7.32148
2021-06-24 03:00:00,IoTpond1,6,23.9375,100.0,3.8425000000000002,8.26569
2021-06-24 03:00:00,IoTPond2,0,23.9375,100.0,3.8425000000000002,8.26569
2021-06-24 03:00:00,IoTPond9,5,23.0625,6.0,8.634,7.90707
2021-06-24 04:00:00,IoTPond7,4,24.1875,29.0,13.7345,7.648315
2021-06-24 04:00:00,IoTPond4,2,23.9375,80.0,7.498,8.17944
2021-06-24 04:00:00,IoTPond2,0,23.875,100.0,3.338,8.26569
2021-06-24 04:00:00,IoTPond6,3,23.25,100.0,6.686,7.44858
2021-06-24 04:00:00,IoTpond1,6,23.875,100.0,3.338,8.26569
2021-06-24 04:00:00,IoTPond9,5,23.0,40.0,8.634,7.90707
2021-06-24 04:00:00,IoTPond3,1,23.25,25.0,4.427,7.32602
2021-06-24 05:00:00,IoTPond6,3,23.1875,100.0,7.141,7.45312
2021-06-24 05:00:00,IoTPond4,2,23.875,80.0,9.587,8.17944
2021-06-24 05:00:00,IoTPond9,5,22.9375,73.0,8.458,7.90253
2021-06-24 05:00:00,IoTPond2,0,23.8125,100.0,3.079,8.26569
2021-06-24 05:00:00,IoTPond3,1,23.1875,25.0,5.08,7.32148
2021-06-24 05:00:00,IoTpond1,6,23.8125,100.0,3.079,8.26569
2021-06-24 05:00:00,IoTPond7,4,24.125,29.0,13.709,7.77996
2021-06-24 06:00:00,IoTPond9,5,22.875,67.0,8.634,7.90253
2021-06-24 06:00:00,IoTPond6,3,23.1875,100.0,5.164,7.45312
2021-06-24 06:00:00,IoTPond7,4,24.0625,29.0,13.709,7.77088
2021-06-24 06:00:00,IoTPond4,2,23.8125,80.0,4.517,8.18398
2021-06-24 06:00:00,IoTpond1,6,23.6875,100.0,3.535,8.26569
2021-06-24 06:00:00,IoTPond3,1,23.125,24.0,5.08,7.32148
2021-06-24 06:00:00,IoTPond2,0,23.6875,100.0,3.535,8.26569
2021-06-24 07:00:00,IoTPond2,0,23.6875,100.0,5.2575,8.26115
2021-06-24 07:00:00,IoTPond4,2,23.75,80.0,8.1585,8.18398
2021-06-24 07:00:00,IoTpond1,6,23.6875,100.0,5.2575,8.26115
2021-06-24 07:00:00,IoTPond6,3,23.125,99.0,5.213,7.4395
2021-06-24 07:00:00,IoTPond9,5,22.84375,66.0,8.458,7.89799
2021-06-24 07:00:00,IoTPond3,1,23.125,22.0,4.543,7.33056
2021-06-24 08:00:00,IoTPond4,2,23.75,80.0,8.373,8.1749
2021-06-24 08:00:00,IoTPond6,3,23.1875,95.0,6.106,7.4395
2021-06-24 08:00:00,IoTpond1,6,23.6875,100.0,5.2485,8.25661
2021-06-24 08:00:00,IoTPond9,5,22.8125,64.0,7.352,7.89345
2021-06-24 08:00:00,IoTPond2,0,23.6875,100.0,5.2485,8.25661
2021-06-24 08:00:00,IoTPond3,1,23.0625,20.0,4.6955,7.33056
2021-06-24 09:00:00,IoTPond4,2,23.8125,80.0,7.574,8.16128
2021-06-24 09:00:00,IoTPond3,1,23.125,79.0,5.08,7.33056
2021-06-24 09:00:00,IoTPond6,3,23.3125,70.0,10.56,7.41681
2021-06-24 09:00:00,IoTPond2,0,23.75,100.0,5.882,8.24299
2021-06-24 09:00:00,IoTPond9,5,22.875,61.0,7.457,7.88437
2021-06-24 09:00:00,IoTPond7,4,24.25,29.0,13.887,7.77088
2021-06-24 09:00:00,IoTpond1,6,23.75,100.0,5.882,8.24299
2021-06-24 10:00:00,IoTpond1,6,23.9375,100.0,11.6045,8.20213
2021-06-24 10:00:00,IoTPond3,1,23.25,92.0,5.08,7.32602
2021-06-24 10:00:00,IoTPond9,5,23.0625,61.0,7.412,7.87075
2021-06-24 10:00:00,IoTPond2,0,23.9375,100.0,11.6045,8.20213
2021-06-24 10:00:00,IoTPond4,2,24.0,80.0,6.153,8.14312
2021-06-24 10:00:00,IoTPond6,3,23.5,96.0,11.52,7.414540000000001
2021-06-24 11:00:00,IoTPond4,2,24.25,80.0,3.8834999999999997,8.14766
2021-06-24 11:00:00,IoTPond9,5,23.3125,61.0,6.744,7.85713
2021-06-24 11:00:00,IoTPond3,1,23.4375,97.0,5.159,7.31694
2021-06-24 11:00:00,IoTPond2,0,24.15625,100.0,11.93,8.20213
2021-06-24 11:00:00,IoTpond1,6,24.15625,100.0,11.93,8.20213
2021-06-24 11:00:00,IoTPond6,3,23.75,83.0,8.953,7.40773
2021-06-24 12:00:00,IoTPond2,0,24.375,100.0,13.05,8.20213
2021-06-24 12:00:00,IoTPond6,3,24.0,98.0,11.52,7.41681
2021-06-24 12:00:00,IoTpond1,6,24.375,100.0,13.05,8.20213
2021-06-24 12:00:00,IoTPond3,1,23.625,95.0,7.561,7.31467
2021-06-24 12:00:00,IoTPond4,2,24.5625,82.0,5.4254999999999995,8.13404
2021-06-24 12:00:00,IoTPond9,5,23.6875,63.0,6.153,7.85713
2021-06-24 13:00:00,IoTPond9,5,24.0,65.0,6.042999999999999,7.85713
2021-06-24 13:00:00,IoTPond6,3,24.125,99.0,6.93,7.42134
2021-06-24 13:00:00,IoTPond4,2,24.8125,83.0,8.528,8.1295
2021-06-24 13:00:00,IoTPond3,1,23.875,98.0,7.293,7.3124
2021-06-24 13:00:00,IoTPond2,0,24.6875,100.0,12.2635,8.20213
2021-06-24 13:00:00,IoTpond1,6,24.6875,100.0,12.2635,8.20213
2021-06-24 14:00:00,IoTpond1,6,24.8125,100.0,11.033999999999999,8.20667
2021-06-24 14:00:00,IoTPond6,3,24.25,99.5,12.1915,7.43042
2021-06-24 14:00:00,IoTPond3,1,23.9375,98.0,6.359999999999999,7.30786
2021-06-24 14:00:00,IoTPond2,0,24.8125,100.0,11.033999999999999,8.20667
2021-06-24 14:00:00,IoTPond9,5,24.3125,65.0,8.697,7.87529
2021-06-24 14:00:00,IoTPond4,2,24.9375,83.0,5.696,8.12496
2021-06-24 15:00:00,IoTpond1,6,24.9375,100.0,12.247,8.20667
2021-06-24 15:00:00,IoTPond4,2,25.0625,85.0,7.729,8.12042
2021-06-24 15:00:00,IoTPond3,1,24.0,98.5,5.4935,7.30786
2021-06-24 15:00:00,IoTPond2,0,24.9375,100.0,12.247,8.20667
2021-06-24 15:00:00,IoTPond6,3,24.375,97.5,12.0105,7.43042
2021-06-24 15:00:00,IoTPond9,5,24.5,64.5,9.227,7.87302
2021-06-24 16:00:00,IoTPond2,0,25.0,100.0,11.5335,8.20213
2021-06-24 16:00:00,IoTPond6,3,24.4375,100.0,12.272,7.4395
2021-06-24 16:00:00,IoTPond3,1,24.125,99.0,5.08,7.30786
2021-06-24 16:00:00,IoTpond1,6,25.0,100.0,11.5335,8.20213
2021-06-24 16:00:00,IoTPond9,5,24.5625,68.5,8.046,7.86621
2021-06-24 16:00:00,IoTPond4,2,25.125,85.0,7.865,8.12042
2021-06-24 17:00:00,IoTPond3,1,24.1875,100.0,5.08,7.30332
2021-06-24 17:00:00,IoTPond9,5,24.5625,70.0,9.227,7.87529
2021-06-24 17:00:00,IoTPond6,3,24.4375,100.0,11.148,7.44404
2021-06-24 17:00:00,IoTPond4,2,25.1875,86.0,6.616,8.12042
2021-06-24 17:00:00,IoTpond1,6,25.0625,100.0,11.285,8.20213
2021-06-24 17:00:00,IoTPond2,0,25.0625,100.0,11.285,8.20213
2021-06-24 18:00:00,IoTPond4,2,25.25,86.0,8.089,8.11588
2021-06-24 18:00:00,IoTPond3,1,24.25,100.0,5.08,7.30332
2021-06-24 18:00:00,IoTPond6,3,24.4375,100.0,11.114,7.44858
2021-06-24 18:00:00,IoTpond1,6,25.125,100.0,10.524000000000001,8.2044
2021-06-24 18:00:00,IoTPond9,5,24.625,74.0,9.227,7.86621
2021-06-24 18:00:00,IoTPond2,0,25.125,100.0,10.524000000000001,8.2044
2021-06-24 19:00:00,IoTPond6,3,24.4375,100.0,9.589,7.45766
2021-06-24 19:00:00,IoTpond1,6,25.125,100.0,9.799,8.21121
2021-06-24 19:00:00,IoTPond2,0,25.125,100.0,9.799,8.21121
2021-06-24 19:00:00,IoTPond9,5,24.5625,75.0,9.227,7.87075
2021-06-24 19:00:00,IoTPond4,2,25.25,86.0,7.232,8.12042
2021-06-24 19:00:00,IoTPond3,1,24.3125,100.0,5.029,7.30332
2021-06-24 20:00:00,IoTpond1,6,25.0625,100.0,9.171,8.20213
2021-06-24 20:00:00,IoTPond9,5,24.5625,74.5,10.73,7.86621
2021-06-24 20:00:00,IoTPond4,2,25.1875,87.0,5.618,8.11588
2021-06-24 20:00:00,IoTPond3,1,24.25,100.0,4.0565,7.30786
2021-06-24 20:00:00,IoTPond6,3,24.4375,100.0,9.39,7.4622
2021-06-24 20:00:00,IoTPond2,0,25.0625,100.0,9.171,8.20213
2021-06-24 21:00:00,IoTPond3,1,24.25,100.0,4.133,7.30786
2021-06-24 21:00:00,IoTpond1,6,25.0625,100.0,7.5649999999999995,8.20213
2021-06-24 21:00:00,IoTPond9,5,24.4375,70.0,10.7255,7.86621
2021-06-24 21:00:00,IoTPond4,2,25.125,87.0,5.286,8.11588
2021-06-24 21:00:00,IoTPond6,3,24.375,100.0,8.857,7.46674
2021-06-24 21:00:00,IoTPond2,0,25.0625,100.0,7.5649999999999995,8.20213
2021-06-24 22:00:00,IoTpond1,6,25.0,100.0,8.45,8.20213
2021-06-24 22:00:00,IoTPond6,3,24.3125,100.0,7.6530000000000005,7.46674
2021-06-24 22:00:00,IoTPond4,2,25.0625,88.0,7.1,8.11588
2021-06-24 22:00:00,IoTPond9,5,24.375,68.0,9.931000000000001,7.86621
2021-06-24 22:00:00,IoTPond2,0,25.0,100.0,8.45,8.20213
2021-06-24 22:00:00,IoTPond3,1,24.1875,100.0,5.08,7.30332
2021-06-24 23:00:00,IoTPond2,0,24.9375,100.0,7.911,8.19759
2021-06-24 23:00:00,IoTpond1,6,24.9375,100.0,7.911,8.19759
2021-06-24 23:00:00,IoTPond9,5,24.3125,67.0,9.389,7.85713
2021-06-24 23:00:00,IoTPond4,2,25.0,88.0,7.28,8.11588
2021-06-24 23:00:00,IoTPond6,3,24.25,100.0,6.246,7.47128
2021-06-24 23:00:00,IoTPond3,1,24.1875,100.0,5.08,7.30332
2021-06-25 00:00:00,IoTPond9,5,24.25,69.0,8.874,7.85713
2021-06-25 00:00:00,IoTPond4,2,24.9375,95.0,8.0585,8.11588
2021-06-25 00:00:00,IoTPond2,0,24.875,100.0,6.529,8.19305
2021-06-25 00:00:00,IoTPond6,3,24.21875,100.0,6.0475,7.47582
2021-06-25 00:00:00,IoTPond3,1,24.125,92.0,4.352,7.30332
2021-06-25 00:00:00,IoTpond1,6,24.875,100.0,6.136,8.19305
2021-06-25 01:00:00,IoTPond9,5,24.125,67.0,8.546,7.85259
2021-06-25 01:00:00,IoTpond1,6,24.8125,100.0,3.7565,8.18851
2021-06-25 01:00:00,IoTPond2,0,24.8125,100.0,5.3705,8.19078
2021-06-25 01:00:00,IoTPond4,2,24.875,96.0,7.1245,8.11588
2021-06-25 01:00:00,IoTPond3,1,24.125,100.0,3.7185,7.30332
2021-06-25 01:00:00,IoTPond6,3,24.1875,100.0,6.1530000000000005,7.47582
2021-06-25 02:00:00,IoTpond1,6,24.8125,100.0,4.378,8.18851
2021-06-25 02:00:00,IoTPond2,0,24.8125,100.0,4.906000000000001,8.18851
2021-06-25 02:00:00,IoTPond4,2,24.8125,96.0,8.1345,8.11588
2021-06-25 02:00:00,IoTPond6,3,24.125,100.0,5.358,7.47582
2021-06-25 02:00:00,IoTPond9,5,24.0625,65.0,8.114,7.84805
2021-06-25 02:00:00,IoTPond3,1,24.0625,100.0,5.08,7.30332
2021-06-25 03:00:00,IoTpond1,6,24.75,100.0,4.006,8.18851
2021-06-25 03:00:00,IoTPond9,5,24.0,66.0,7.025,7.84805
2021-06-25 03:00:00,IoTPond4,2,24.75,96.0,6.8585,8.11588
2021-06-25 03:00:00,IoTPond6,3,24.0625,100.0,4.0985,7.4849
2021-06-25 03:00:00,IoTPond3,1,24.0625,100.0,3.5620000000000003,7.30332
2021-06-25 03:00:00,IoTPond2,0,24.75,100.0,4.547,8.18851
2021-06-25 04:00:00,IoTPond9,5,23.9375,67.0,8.221,7.84351
2021-06-25 04:00:00,IoTPond4,2,24.75,96.0,7.2725,8.11588
2021-06-25 04:00:00,IoTPond6,3,24.0625,100.0,3.2875,7.4849
2021-06-25 04:00:00,IoTPond3,1,24.0,92.0,5.08,7.30786
2021-06-25 04:00:00,IoTPond2,0,24.6875,100.0,4.779,8.18851
2021-06-25 04:00:00,IoTpond1,6,24.6875,100.0,4.04,8.18851
2021-06-25 05:00:00,IoTPond9,5,23.875,69.0,6.097,7.83898
2021-06-25 05:00:00,IoTPond2,0,24.625,100.0,4.978,8.18851
2021-06-25 05:00:00,IoTPond4,2,24.6875,97.0,7.125,8.11588
2021-06-25 05:00:00,IoTPond6,3,24.0,100.0,4.427,7.49852
2021-06-25 05:00:00,IoTpond1,6,24.625,100.0,3.82,8.18851
2021-06-25 05:00:00,IoTPond3,1,23.9375,96.0,3.026,7.30332
2021-06-25 06:00:00,IoTPond4,2,24.625,97.0,8.781,8.11588
2021-06-25 06:00:00,IoTpond1,6,24.5625,100.0,3.592,8.18851
2021-06-25 06:00:00,IoTPond3,1,23.875,100.0,4.0615000000000006,7.30786
2021-06-25 06:00:00,IoTPond6,3,23.9375,100.0,4.177,7.49398
2021-06-25 06:00:00,IoTPond9,5,23.8125,70.0,4.883,7.83444
2021-06-25 06:00:00,IoTPond2,0,24.5625,100.0,4.707,8.18398
2021-06-25 07:00:00,IoTPond3,1,23.875,88.0,3.195,7.30332
2021-06-25 07:00:00,IoTPond9,5,23.75,71.0,8.562,7.83444
2021-06-25 07:00:00,IoTPond4,2,24.5625,97.5,3.6719999999999997,8.11588
2021-06-25 07:00:00,IoTPond2,0,24.5625,100.0,5.764,8.18398
2021-06-25 07:00:00,IoTpond1,6,24.5625,100.0,4.5344999999999995,8.18398
2021-06-25 07:00:00,IoTPond6,3,23.9375,98.0,4.09,7.4849
2021-06-25 08:00:00,IoTPond3,1,23.875,91.0,5.08,7.30786
2021-06-25 08:00:00,IoTPond2,0,24.5625,100.0,4.2805,8.1749
2021-06-25 08:00:00,IoTpond1,6,24.5625,100.0,2.434,8.1749
2021-06-25 08:00:00,IoTPond4,2,24.625,100.0,5.633,8.11588
2021-06-25 08:00:00,IoTPond9,5,23.75,71.0,7.5025,7.82536
2021-06-25 08:00:00,IoTPond6,3,24.0,96.0,5.819000000000001,7.47128
2021-06-25 09:00:00,IoTPond3,1,23.875,85.0,3.66,7.30786
2021-06-25 09:00:00,IoTPond2,0,24.625,100.0,5.138,8.14766
2021-06-25 09:00:00,IoTPond9,5,23.8125,71.0,7.109999999999999,7.82536
2021-06-25 09:00:00,IoTpond1,6,24.625,100.0,4.006,8.14766
2021-06-25 09:00:00,IoTPond4,2,24.6875,100.0,3.4859999999999998,8.10907
2021-06-25 09:00:00,IoTPond6,3,24.0625,93.5,9.821000000000002,7.4622
2021-06-25 10:00:00,IoTPond9,5,23.9375,69.0,9.096,7.81628
2021-06-25 10:00:00,IoTpond1,6,24.75,100.0,5.362,8.13631
2021-06-25 10:00:00,IoTPond3,1,24.0,86.0,4.843,7.30786
2021-06-25 10:00:00,IoTPond2,0,24.75,100.0,9.0305,8.13177
2021-06-25 10:00:00,IoTPond4,2,24.8125,99.0,6.981,8.10226
2021-06-25 11:00:00,IoTPond6,3,24.6875,85.0,13.05,7.4395
2021-06-25 12:00:00,IoTPond2,0,25.4375,100.0,12.934999999999999,8.06595
2021-06-25 12:00:00,IoTPond6,3,25.09375,87.0,11.221,7.44177
2021-06-25 12:00:00,IoTpond1,6,25.4375,100.0,12.934999999999999,8.06595
2021-06-25 12:00:00,IoTPond7,4,26.125,31.0,8.186,7.71187
2021-06-25 12:00:00,IoTPond3,1,24.5625,84.0,8.435,7.29878
2021-06-25 13:00:00,IoTPond4,2,25.9375,100.0,7.721,8.08411
2021-06-25 13:00:00,IoTPond3,1,24.75,86.0,8.41,7.29424
2021-06-25 13:00:00,IoTPond2,0,25.6875,100.0,13.424,8.06822
2021-06-25 13:00:00,IoTPond7,4,26.375,30.0,10.482,7.70733
2021-06-25 13:00:00,IoTPond6,3,25.15625,92.0,12.963000000000001,7.45312
2021-06-25 13:00:00,IoTpond1,6,25.6875,100.0,13.424,8.06822
2021-06-25 14:00:00,IoTPond3,1,24.875,85.0,7.767,7.29424
2021-06-25 14:00:00,IoTPond4,2,26.0,100.0,7.1995000000000005,8.08411
2021-06-25 14:00:00,IoTPond7,4,26.5625,31.0,10.7175,7.72095
2021-06-25 14:00:00,IoTPond6,3,25.25,90.0,12.07,7.45766
2021-06-25 15:00:00,IoTPond7,4,26.75,31.0,9.780999999999999,7.70733
2021-06-25 15:00:00,IoTPond6,3,25.4375,95.0,11.333,7.4622
2021-06-25 15:00:00,IoTPond4,2,26.1875,100.0,7.576,8.07049
2021-06-25 15:00:00,IoTPond3,1,25.0,85.0,7.6080000000000005,7.29424
2021-06-25 16:00:00,IoTPond4,2,26.25,100.0,7.3325,8.07049
2021-06-25 16:00:00,IoTPond7,4,26.75,31.0,9.16,7.72095
2021-06-25 16:00:00,IoTPond9,5,25.75,78.0,8.514,7.82536
2021-06-25 16:00:00,IoTPond3,1,25.1875,88.0,6.311,7.2897
2021-06-25 16:00:00,IoTPond6,3,25.5625,96.5,13.376,7.46674
2021-06-25 17:00:00,IoTPond4,2,26.3125,100.0,7.036,8.07049
2021-06-25 17:00:00,IoTPond3,1,25.3125,88.0,6.3469999999999995,7.2897
2021-06-25 17:00:00,IoTPond7,4,26.875,31.0,8.802,7.72095
2021-06-25 17:00:00,IoTPond9,5,25.84375,74.0,12.053999999999998,7.80947
2021-06-25 17:00:00,IoTPond6,3,25.625,100.0,12.850999999999999,7.46674
2021-06-25 18:00:00,IoTPond7,4,26.8125,31.0,8.0485,7.72549
2021-06-25 18:00:00,IoTPond6,3,25.6875,100.0,12.27,7.47128
2021-06-25 18:00:00,IoTPond3,1,25.3125,90.0,6.111,7.28516
2021-06-25 18:00:00,IoTPond4,2,26.375,100.0,6.632,8.06595
2021-06-25 18:00:00,IoTPond9,5,25.875,76.0,11.822,7.8571349999999995
2021-06-25 19:00:00,IoTPond7,4,26.75,31.0,7.7364999999999995,7.73457
2021-06-25 19:00:00,IoTPond3,1,25.375,90.0,6.6,7.28516
2021-06-25 19:00:00,IoTPond9,5,25.84375,77.0,12.959,7.8230900000000005
2021-06-25 19:00:00,IoTPond4,2,26.3125,100.0,6.6165,8.06595
2021-06-25 19:00:00,IoTPond6,3,25.625,100.0,11.253,7.47582
2021-06-25 20:00:00,IoTPond9,5,25.8125,79.5,12.6905,7.81628
2021-06-25 20:00:00,IoTPond3,1,25.375,88.0,5.08,7.2897
2021-06-25 20:00:00,IoTPond7,4,26.75,31.0,7.287,7.73457
2021-06-25 20:00:00,IoTPond6,3,25.625,100.0,10.404,7.4849
2021-06-25 20:00:00,IoTPond4,2,26.3125,100.0,6.792,8.06595
2021-06-25 21:00:00,IoTPond4,2,26.3125,100.0,5.9544999999999995,8.05914
2021-06-25 21:00:00,IoTPond7,4,26.6875,31.0,6.9365000000000006,7.73457
2021-06-25 21:00:00,IoTPond3,1,25.375,87.0,4.877,7.2897
2021-06-25 21:00:00,IoTPond9,5,25.75,77.0,11.065000000000001,7.81401
2021-06-28 11:00:00,IoTPond6,3,24.3125,96.0,12.052,7.52121
2021-06-28 12:00:00,IoTpond1,6,25.03125,100.0,13.3675,7.929765
2021-06-28 12:00:00,IoTPond2,0,25.03125,100.0,13.3675,7.929765
2021-06-28 12:00:00,IoTPond4,2,25.1875,100.0,8.65,7.95246
2021-06-28 12:00:00,IoTPond7,4,25.625,34.0,9.964,7.45312
2021-06-28 12:00:00,IoTPond6,3,24.5,100.0,11.748,7.53483
2021-06-28 12:00:00,IoTPond3,1,24.1875,99.5,12.488,7.28516
2021-06-28 13:00:00,IoTPond2,0,25.125,100.0,12.559,7.957
2021-06-28 13:00:00,IoTPond6,3,24.5,100.0,7.336,7.37595
2021-06-28 13:00:00,IoTPond3,1,24.25,89.0,12.716000000000001,7.2897
2021-06-28 13:00:00,IoTPond4,2,25.25,100.0,10.164,7.957
2021-06-28 13:00:00,IoTPond7,4,25.5,34.0,9.475,7.46674
2021-06-28 13:00:00,IoTPond9,5,24.3125,86.5,8.003499999999999,7.69144
2021-06-28 13:00:00,IoTpond1,6,25.125,100.0,12.559,7.957
2021-06-28 14:00:00,IoTPond4,2,25.3125,100.0,9.803,7.957
2021-06-28 14:00:00,IoTPond9,5,24.375,89.5,12.5975,7.6869
2021-06-28 14:00:00,IoTpond1,6,25.125,100.0,13.023,7.96154
2021-06-28 14:00:00,IoTPond2,0,25.125,100.0,13.023,7.96154
2021-06-28 14:00:00,IoTPond3,1,24.3125,100.0,10.886,7.2897
2021-06-28 14:00:00,IoTPond7,4,25.5625,34.0,10.316,7.47128
2021-06-28 15:00:00,IoTPond3,1,24.3125,100.0,10.780000000000001,7.2897
2021-06-28 15:00:00,IoTPond4,2,25.3125,100.0,9.155000000000001,7.957
2021-06-28 15:00:00,IoTPond7,4,25.5,34.0,9.691,7.47582
2021-06-28 15:00:00,IoTpond1,6,25.125,100.0,11.445,7.96608
2021-06-28 15:00:00,IoTPond2,0,25.125,100.0,11.445,7.96608
2021-06-28 16:00:00,IoTpond1,6,25.125,100.0,12.471,7.957
2021-06-28 16:00:00,IoTPond7,4,25.5,34.0,9.339,7.46674
2021-06-28 16:00:00,IoTPond4,2,25.25,100.0,8.99,7.957
2021-06-28 16:00:00,IoTPond9,5,24.3125,84.0,12.399,7.70279
2021-06-28 16:00:00,IoTPond2,0,25.125,100.0,12.471,7.957
2021-06-28 16:00:00,IoTPond3,1,24.25,96.0,9.373000000000001,7.29424
2021-06-28 17:00:00,IoTPond4,2,25.25,100.0,8.914,7.95246
2021-06-28 17:00:00,IoTPond9,5,24.3125,85.5,11.1015,7.6959800000000005
2021-06-28 17:00:00,IoTPond2,0,25.125,100.0,11.421,7.957
2021-06-28 17:00:00,IoTPond7,4,25.5,34.0,9.375,7.4622
2021-06-28 17:00:00,IoTpond1,6,25.125,100.0,11.421,7.957
2021-06-28 17:00:00,IoTPond3,1,24.25,96.0,9.559,7.29424
2021-06-28 18:00:00,IoTPond3,1,24.25,100.0,8.587,7.29424
2021-06-28 18:00:00,IoTPond4,2,25.1875,100.0,9.0345,7.95473
2021-06-28 18:00:00,IoTPond7,4,25.4375,34.0,8.241,7.4622
2021-06-28 18:00:00,IoTpond1,6,25.0625,100.0,11.093,7.957
2021-06-28 18:00:00,IoTPond9,5,24.25,84.5,9.551,7.70506
2021-06-28 18:00:00,IoTPond2,0,25.0625,100.0,11.093,7.957
2021-06-28 19:00:00,IoTPond3,1,24.1875,98.0,8.147,7.29878
2021-06-28 19:00:00,IoTPond7,4,25.375,34.0,7.016,7.45766
2021-06-28 19:00:00,IoTpond1,6,25.0625,100.0,11.405,7.957
2021-06-28 19:00:00,IoTPond9,5,24.1875,84.0,12.492,7.69371
2021-06-28 19:00:00,IoTPond4,2,25.1875,100.0,7.489,7.94792
2021-06-28 19:00:00,IoTPond2,0,25.0625,100.0,11.405,7.957
2021-06-28 20:00:00,IoTPond4,2,25.125,100.0,6.9239999999999995,7.94792
2021-06-28 20:00:00,IoTPond3,1,24.1875,98.0,7.471,7.30332
2021-06-28 20:00:00,IoTpond1,6,25.0,100.0,9.511,7.95246
2021-06-28 20:00:00,IoTPond7,4,25.375,34.0,6.752,7.45312
2021-06-28 20:00:00,IoTPond9,5,24.1875,84.0,12.7455,7.68917
2021-06-28 20:00:00,IoTPond2,0,25.0,100.0,9.523,7.95246
2021-06-28 21:00:00,IoTPond2,0,24.9375,100.0,8.3885,7.94792
2021-06-28 21:00:00,IoTPond7,4,25.3125,34.0,6.74,7.44858
2021-06-28 21:00:00,IoTpond1,6,24.9375,100.0,8.3885,7.94792
2021-06-28 21:00:00,IoTPond9,5,24.125,89.0,13.256499999999999,7.68917
2021-06-28 21:00:00,IoTPond4,2,25.0625,100.0,6.511,7.94338
2021-06-28 21:00:00,IoTPond3,1,24.125,100.0,6.516,7.29878
2021-06-28 22:00:00,IoTPond7,4,25.25,34.0,6.696,7.44858
2021-06-28 22:00:00,IoTPond4,2,25.0,100.0,6.407,7.94338
2021-06-28 22:00:00,IoTPond3,1,24.125,100.0,6.381,7.30332
2021-06-28 22:00:00,IoTPond2,0,24.875,100.0,7.742,7.94792
2021-06-28 22:00:00,IoTPond9,5,24.0625,94.0,11.908999999999999,7.6869
2021-06-28 22:00:00,IoTpond1,6,24.875,100.0,7.742,7.94792
2021-06-28 23:00:00,IoTPond4,2,24.9375,100.0,6.102,7.94338
2021-06-28 23:00:00,IoTPond7,4,25.1875,34.0,5.598,7.4395
2021-06-28 23:00:00,IoTPond9,5,23.9375,94.0,10.903,7.68463
2021-06-28 23:00:00,IoTpond1,6,24.8125,100.0,7.361,7.94338
2021-06-28 23:00:00,IoTPond3,1,24.0625,100.0,5.954000000000001,7.30332
2021-06-28 23:00:00,IoTPond2,0,24.8125,100.0,7.361,7.94338
2021-06-29 00:00:00,IoTPond7,4,25.125,35.0,5.446,7.43496
2021-06-29 00:00:00,IoTPond4,2,24.875,100.0,5.5485,7.94338
2021-06-29 00:00:00,IoTPond3,1,24.0,100.0,5.304,7.30332
2021-06-29 00:00:00,IoTpond1,6,24.75,100.0,6.6265,7.94338
2021-06-29 00:00:00,IoTPond9,5,23.875,94.0,8.989,7.68463
2021-06-29 00:00:00,IoTPond2,0,24.75,100.0,6.635,7.94338
2021-06-29 01:00:00,IoTPond4,2,24.8125,100.0,5.578,7.94338
2021-06-29 01:00:00,IoTPond3,1,23.9375,100.0,5.168,7.30332
2021-06-29 01:00:00,IoTPond9,5,23.8125,93.0,8.583,7.68463
2021-06-29 01:00:00,IoTpond1,6,24.6875,100.0,5.933,7.94338
2021-06-29 01:00:00,IoTPond2,0,24.6875,100.0,5.95,7.94338
2021-06-29 01:00:00,IoTPond7,4,25.0625,34.0,5.03,7.43042
2021-06-29 02:00:00,IoTpond1,6,24.625,100.0,5.544,7.93884
2021-06-29 02:00:00,IoTPond9,5,23.75,96.0,7.284,7.68009
2021-06-29 02:00:00,IoTPond4,2,24.75,100.0,5.561,7.94338
2021-06-29 02:00:00,IoTPond7,4,25.0,34.0,4.797,7.43042
2021-06-29 02:00:00,IoTPond3,1,23.875,100.0,5.231,7.30332
2021-06-29 02:00:00,IoTPond2,0,24.625,100.0,5.603,7.93884
2021-06-29 03:00:00,IoTPond9,5,23.6875,96.0,6.3425,7.68009
2021-06-29 03:00:00,IoTPond4,2,24.6875,100.0,5.2989999999999995,7.93884
2021-06-29 03:00:00,IoTPond3,1,23.8125,100.0,4.865,7.30332
2021-06-29 03:00:00,IoTPond2,0,24.625,100.0,4.8765,7.93884
2021-06-29 03:00:00,IoTpond1,6,24.625,100.0,4.834,7.93884
2021-06-29 03:00:00,IoTPond7,4,24.9375,34.0,4.969,7.43042
2021-06-29 04:00:00,IoTPond4,2,24.625,100.0,4.598,7.93884
2021-06-29 04:00:00,IoTPond7,4,24.875,34.5,4.7075,7.42134
2021-06-29 04:00:00,IoTPond2,0,24.5625,100.0,4.462,7.93884
2021-06-29 04:00:00,IoTPond9,5,23.625,96.0,5.0255,7.68009
2021-06-29 04:00:00,IoTPond3,1,23.75,100.0,4.222,7.30332
2021-06-29 04:00:00,IoTpond1,6,24.5625,100.0,4.445,7.93884
2021-06-29 05:00:00,IoTPond4,2,24.625,100.0,4.936,7.93884
2021-06-29 05:00:00,IoTPond3,1,23.6875,100.0,4.168,7.30332
2021-06-29 05:00:00,IoTPond9,5,23.5,96.0,4.847,7.68009
2021-06-29 05:00:00,IoTPond2,0,24.5,100.0,4.7835,7.93884
2021-06-29 05:00:00,IoTpond1,6,24.46875,100.0,4.75,7.93884
2021-06-29 05:00:00,IoTPond7,4,24.8125,34.0,5.519,7.41227
2021-06-29 06:00:00,IoTPond2,0,24.375,100.0,3.702,7.92976
2021-06-29 06:00:00,IoTPond4,2,24.5,100.0,6.2669999999999995,7.93884
2021-06-29 06:00:00,IoTPond9,5,23.4375,96.0,4.088,7.68009
2021-06-29 06:00:00,IoTpond1,6,24.375,100.0,3.6174999999999997,7.92976
2021-06-29 06:00:00,IoTPond3,1,23.6875,100.0,4.356,7.30332
2021-06-29 06:00:00,IoTPond7,4,24.75,34.0,4.6865000000000006,7.41227
2021-06-29 07:00:00,IoTPond4,2,24.5,100.0,5.0455,7.93884
2021-06-29 07:00:00,IoTpond1,6,24.3125,100.0,3.714,7.92976
2021-06-29 07:00:00,IoTPond9,5,23.375,94.0,3.651,7.68009
2021-06-29 07:00:00,IoTPond3,1,23.625,100.0,3.499,7.30332
2021-06-29 07:00:00,IoTPond7,4,24.6875,34.0,4.9945,7.40319
2021-06-29 07:00:00,IoTPond2,0,24.375,100.0,3.795,7.92976
2021-06-29 08:00:00,IoTPond9,5,23.375,93.0,4.4495000000000005,7.67555
2021-06-29 08:00:00,IoTPond7,4,24.6875,34.0,5.443,7.38957
2021-06-29 08:00:00,IoTPond3,1,23.5625,100.0,3.82,7.30332
2021-06-29 08:00:00,IoTpond1,6,24.3125,100.0,4.124,7.92523
2021-06-29 08:00:00,IoTPond4,2,24.4375,100.0,4.978,7.93884
2021-06-29 08:00:00,IoTPond2,0,24.3125,100.0,4.183,7.92523
2021-06-29 09:00:00,IoTPond2,0,24.3125,100.0,4.3185,7.92069
2021-06-29 09:00:00,IoTPond7,4,24.6875,34.0,5.2989999999999995,7.38957
2021-06-29 09:00:00,IoTpond1,6,24.3125,100.0,4.268,7.92069
2021-06-29 09:00:00,IoTPond9,5,23.375,91.0,7.248,7.67102
2021-06-29 09:00:00,IoTPond4,2,24.4375,100.0,4.589,7.92976
2021-06-29 09:00:00,IoTPond3,1,23.5625,99.0,4.026,7.30332
2021-06-29 10:00:00,IoTpond1,6,24.3125,100.0,5.231,7.91161
2021-06-29 10:00:00,IoTPond2,0,24.3125,100.0,5.324,7.91161
2021-06-29 10:00:00,IoTPond9,5,23.5,91.0,9.203,7.66648
2021-06-29 10:00:00,IoTPond4,2,24.5,100.0,5.172,7.92976
2021-06-29 10:00:00,IoTPond3,1,23.5625,100.0,4.1905,7.30332
2021-06-29 10:00:00,IoTPond7,4,24.8125,34.0,5.768000000000001,7.38957
2021-06-29 11:00:00,IoTPond7,4,24.875,35.0,6.609,7.38503
2021-06-29 11:00:00,IoTPond2,0,24.40625,100.0,6.711,7.90707
2021-06-29 11:00:00,IoTPond3,1,23.625,98.0,5.15,7.30332
2021-06-29 11:00:00,IoTPond9,5,23.5,91.0,11.328,7.6574
2021-06-29 11:00:00,IoTPond4,2,24.5625,100.0,5.7135,7.92976
2021-06-29 11:00:00,IoTpond1,6,24.4375,100.0,6.55,7.90707
2021-06-29 12:00:00,IoTPond3,1,23.6875,99.0,5.784,7.29424
2021-06-29 12:00:00,IoTPond4,2,24.625,100.0,5.992,7.92523
2021-06-29 12:00:00,IoTPond7,4,25.0,35.0,7.545,7.38503
2021-06-29 12:00:00,IoTPond2,0,24.4375,100.0,6.811999999999999,7.90253
2021-06-29 12:00:00,IoTPond9,5,23.625,91.0,12.997,7.66194
2021-06-29 12:00:00,IoTpond1,6,24.4375,100.0,6.7780000000000005,7.90253
2021-06-29 13:00:00,IoTPond6,3,23.875,96.0,8.641,7.67555
2021-06-29 13:00:00,IoTPond7,4,25.0,34.0,7.765000000000001,7.38503
2021-06-29 13:00:00,IoTPond4,2,24.6875,100.0,6.5545,7.92523
2021-06-29 13:00:00,IoTpond1,6,24.5,100.0,6.761,7.90253
2021-06-29 13:00:00,IoTPond3,1,23.75,100.0,6.097,7.29424
2021-06-29 13:00:00,IoTPond9,5,23.75,87.0,9.227,7.65286
2021-06-29 13:00:00,IoTPond2,0,24.5,100.0,7.26,7.90253
2021-06-29 14:00:00,IoTPond2,0,24.5625,100.0,8.046,7.89799
2021-06-29 14:00:00,IoTpond1,6,24.5625,100.0,6.558,7.89799
2021-06-29 14:00:00,IoTPond9,5,23.8125,91.0,9.227,7.6574
2021-06-29 14:00:00,IoTPond4,2,24.75,100.0,7.4035,7.92069
2021-06-29 14:00:00,IoTPond3,1,23.8125,100.0,5.08,7.2897
2021-06-29 14:00:00,IoTPond7,4,25.125,33.0,7.977,7.38049
2021-06-29 14:00:00,IoTPond6,3,23.9375,94.0,10.852,7.62108
2021-06-29 15:00:00,IoTpond1,6,24.625,100.0,8.198,7.89799
2021-06-29 15:00:00,IoTPond9,5,23.875,97.0,9.227,7.65286
2021-06-29 15:00:00,IoTPond6,3,24.0625,84.5,12.0015,7.59384
2021-06-29 15:00:00,IoTPond3,1,23.8125,99.0,5.918,7.2897
2021-06-29 15:00:00,IoTPond7,4,25.25,33.0,9.779,7.37595
2021-06-29 15:00:00,IoTPond2,0,24.625,100.0,8.857,7.89799
2021-06-29 15:00:00,IoTPond4,2,24.875,100.0,6.2965,7.92069
2021-06-29 16:00:00,IoTPond3,1,23.9375,98.0,7.3475,7.29424
2021-06-29 16:00:00,IoTPond7,4,25.375,33.0,9.119,7.36687
2021-06-29 16:00:00,IoTPond4,2,24.9375,100.0,9.415,7.91615
2021-06-29 16:00:00,IoTpond1,6,24.75,100.0,7.894,7.88891
2021-06-29 16:00:00,IoTPond2,0,24.6875,100.0,8.887,7.88891
2021-06-29 16:00:00,IoTPond9,5,24.0,97.0,9.227,7.64832
2021-06-29 16:00:00,IoTPond6,3,24.25,95.0,11.376,7.56661
2021-06-29 17:00:00,IoTPond7,4,25.4375,33.0,8.65,7.36687
2021-06-29 17:00:00,IoTPond3,1,24.0625,99.0,5.84,7.2897
2021-06-29 17:00:00,IoTPond6,3,24.3125,100.0,10.007,7.612
2021-06-29 17:00:00,IoTpond1,6,24.8125,100.0,7.4925,7.88891
2021-06-29 17:00:00,IoTPond9,5,24.125,98.0,9.227,7.64832
2021-06-29 17:00:00,IoTPond2,0,24.8125,100.0,8.528,7.88891
2021-06-29 17:00:00,IoTPond4,2,25.0,100.0,8.51,7.91615
2021-06-29 18:00:00,IoTPond9,5,24.1875,98.0,9.28,7.6574
2021-06-29 18:00:00,IoTPond6,3,24.3125,100.0,9.517,7.66648
2021-06-29 18:00:00,IoTPond2,0,24.875,100.0,7.319,7.89799
2021-06-29 18:00:00,IoTPond7,4,25.4375,33.0,7.965,7.36687
2021-06-29 18:00:00,IoTPond3,1,24.125,100.0,5.257,7.2897
2021-06-29 18:00:00,IoTPond4,2,25.0625,100.0,8.41,7.91615
2021-06-29 18:00:00,IoTpond1,6,24.875,100.0,6.5415,7.89799
2021-06-29 19:00:00,IoTPond2,0,24.875,100.0,7.099,7.89799
2021-06-29 19:00:00,IoTPond7,4,25.4375,33.0,7.677,7.364599999999999
2021-06-29 19:00:00,IoTPond4,2,25.0625,100.0,8.057,7.918419999999999
2021-06-29 19:00:00,IoTPond6,3,24.25,100.0,8.46,7.68463
2021-06-29 19:00:00,IoTPond3,1,24.125,100.0,5.08,7.29424
2021-06-29 19:00:00,IoTPond9,5,24.1875,96.0,9.227,7.6574
2021-06-29 19:00:00,IoTpond1,6,24.875,100.0,5.4595,7.89799
2021-06-29 20:00:00,IoTPond3,1,24.125,100.0,5.35,7.29424
2021-06-29 20:00:00,IoTPond2,0,24.875,100.0,6.7315000000000005,7.89799
2021-06-29 20:00:00,IoTPond7,4,25.375,32.5,8.0855,7.37368
2021-06-29 20:00:00,IoTPond4,2,25.0,100.0,5.566,7.91161
2021-06-29 20:00:00,IoTPond9,5,24.125,96.0,12.357,7.6574
2021-06-29 20:00:00,IoTpond1,6,24.875,100.0,6.643000000000001,7.89799
2021-06-29 20:00:00,IoTPond6,3,24.25,100.0,8.414,7.6574
2021-06-29 21:00:00,IoTpond1,6,24.8125,100.0,6.102,7.89799
2021-06-29 21:00:00,IoTPond2,0,24.8125,100.0,6.6259999999999994,7.89799
2021-06-29 21:00:00,IoTPond3,1,24.0625,100.0,5.08,7.30332
2021-06-29 21:00:00,IoTPond9,5,24.0625,96.0,9.737,7.66194
2021-06-29 21:00:00,IoTPond4,2,24.9375,100.0,6.151,7.91161
2021-06-29 21:00:00,IoTPond6,3,24.125,100.0,7.869,7.66648
2021-06-29 22:00:00,IoTPond6,3,24.0625,100.0,6.922,7.6574
2021-06-29 22:00:00,IoTPond2,0,24.6875,100.0,5.848,7.89799
2021-06-29 22:00:00,IoTpond1,6,24.75,100.0,5.003,7.89799
2021-06-29 22:00:00,IoTPond9,5,23.9375,96.0,9.227,7.6574
2021-06-29 22:00:00,IoTPond3,1,24.0,100.0,5.08,7.30332
2021-06-29 22:00:00,IoTPond4,2,24.875,100.0,8.418,7.91161
2021-06-29 23:00:00,IoTpond1,6,24.625,100.0,4.767,7.89799
2021-06-29 23:00:00,IoTPond6,3,24.0,100.0,7.099,7.66648
2021-06-29 23:00:00,IoTPond2,0,24.625,100.0,5.8100000000000005,7.89799
2021-06-29 23:00:00,IoTPond9,5,23.8125,96.0,9.227,7.6574
2021-06-29 23:00:00,IoTPond4,2,24.8125,100.0,5.612,7.91161
2021-06-29 23:00:00,IoTPond3,1,23.9375,100.0,5.08,7.30332
2021-06-30 00:00:00,IoTPond9,5,23.75,96.0,9.227,7.6574
2021-06-30 00:00:00,IoTPond4,2,24.6875,100.0,8.714,7.91161
2021-06-30 00:00:00,IoTPond6,3,23.9375,100.0,5.7125,7.65286
2021-06-30 00:00:00,IoTPond3,1,23.8125,100.0,5.08,7.30332
2021-06-30 00:00:00,IoTpond1,6,24.5625,100.0,4.31,7.89799
2021-06-30 00:00:00,IoTPond2,0,24.5625,100.0,5.586,7.89799
2021-06-30 01:00:00,IoTPond2,0,24.5,100.0,5.6114999999999995,7.89799
2021-06-30 01:00:00,IoTpond1,6,24.5,100.0,4.302,7.89799
2021-06-30 01:00:00,IoTPond4,2,24.5625,100.0,4.183,7.91161
2021-06-30 01:00:00,IoTPond6,3,23.8125,100.0,5.9719999999999995,7.64832
2021-06-30 01:00:00,IoTPond3,1,23.75,99.0,5.08,7.30332
2021-06-30 01:00:00,IoTPond9,5,23.625,96.0,8.293,7.6574
2021-06-30 02:00:00,IoTPond4,2,24.5,100.0,8.934,7.91161
2021-06-30 02:00:00,IoTPond2,0,24.375,100.0,4.6865,7.89799
2021-06-30 02:00:00,IoTPond6,3,23.75,100.0,5.293,7.64832
2021-06-30 02:00:00,IoTPond9,5,23.5625,96.0,8.634,7.65286
2021-06-30 02:00:00,IoTPond3,1,23.6875,100.0,5.08,7.30786
2021-06-30 02:00:00,IoTpond1,6,24.375,100.0,4.0355,7.89799
2021-06-30 03:00:00,IoTPond2,0,24.3125,100.0,4.378,7.89345
2021-06-30 03:00:00,IoTpond1,6,24.3125,100.0,2.7635,7.89799
2021-06-30 03:00:00,IoTPond9,5,23.4375,96.0,7.0075,7.65286
2021-06-30 03:00:00,IoTPond6,3,23.625,100.0,4.392,7.65286
2021-06-30 03:00:00,IoTPond4,2,24.4375,100.0,8.228,7.91161
2021-06-30 03:00:00,IoTPond3,1,23.625,100.0,5.07,7.30786
2021-06-30 04:00:00,IoTPond4,2,24.375,100.0,7.099,7.91615
2021-06-30 04:00:00,IoTPond6,3,23.625,100.0,4.5745000000000005,7.63924
2021-06-30 04:00:00,IoTPond2,0,24.25,100.0,4.175,7.89345
2021-06-30 04:00:00,IoTPond3,1,23.5625,100.0,4.356,7.30332
2021-06-30 04:00:00,IoTpond1,6,24.25,100.0,2.789,7.89345
2021-06-30 04:00:00,IoTPond9,5,23.3125,94.0,6.757,7.65286
2021-06-30 05:00:00,IoTPond9,5,23.25,94.0,8.458,7.65059
2021-06-30 05:00:00,IoTPond2,0,24.1875,100.0,3.735,7.88891
2021-06-30 05:00:00,IoTPond3,1,23.5,100.0,5.08,7.30786
2021-06-30 05:00:00,IoTPond4,2,24.25,100.0,8.841,7.91615
2021-06-30 05:00:00,IoTPond6,3,23.5,100.0,3.7755,7.64832
2021-06-30 05:00:00,IoTpond1,6,24.1875,100.0,2.941,7.88891
2021-06-30 06:00:00,IoTPond3,1,23.4375,100.0,4.329,7.30786
2021-06-30 06:00:00,IoTPond4,2,24.125,100.0,7.869,7.91161
2021-06-30 06:00:00,IoTPond6,3,23.4375,100.0,3.481,7.65286
2021-06-30 06:00:00,IoTPond9,5,23.125,96.0,8.027000000000001,7.64832
2021-06-30 06:00:00,IoTpond1,6,24.0625,100.0,2.324,7.89345
2021-06-30 06:00:00,IoTPond2,0,24.0625,100.0,3.135,7.89345
2021-06-30 07:00:00,IoTPond6,3,23.4375,99.0,3.8335,7.612
2021-06-30 07:00:00,IoTPond4,2,24.125,100.0,8.393,7.91161
2021-06-30 07:00:00,IoTPond3,1,23.375,100.0,4.8065,7.30786
2021-06-30 07:00:00,IoTPond2,0,24.0,100.0,3.993,7.89345
2021-06-30 07:00:00,IoTpond1,6,24.0,100.0,2.73,7.88891
2021-06-30 07:00:00,IoTPond9,5,23.0625,95.0,8.634,7.63924
2021-06-30 08:00:00,IoTPond3,1,23.3125,99.0,3.758,7.30786
2021-06-30 08:00:00,IoTPond6,3,23.4375,94.0,4.668,7.59384
2021-06-30 08:00:00,IoTpond1,6,24.0,100.0,2.975,7.88437
2021-06-30 08:00:00,IoTPond2,0,24.0,100.0,4.344,7.88437
2021-06-30 08:00:00,IoTPond9,5,23.0,95.0,8.634,7.63016
2021-06-30 08:00:00,IoTPond4,2,24.0625,100.0,6.672499999999999,7.90707
2021-06-30 09:00:00,IoTPond4,2,24.125,100.0,4.179,7.9048
2021-06-30 09:00:00,IoTpond1,6,24.0625,100.0,4.775,7.86621
2021-06-30 09:00:00,IoTPond9,5,23.125,95.0,7.525,7.62108
2021-06-30 09:00:00,IoTPond6,3,23.5625,91.0,10.132,7.57569
2021-06-30 09:00:00,IoTPond2,0,24.0625,100.0,5.2825,7.86621
2021-06-30 09:00:00,IoTPond3,1,23.375,98.0,4.526,7.30786
2021-06-30 10:00:00,IoTPond6,3,23.75,94.0,11.6405,7.58023
2021-06-30 10:00:00,IoTPond2,0,24.1875,100.0,10.066,7.84351
2021-06-30 10:00:00,IoTPond9,5,23.25,95.0,9.4115,7.60746
2021-06-30 10:00:00,IoTPond3,1,23.5,95.0,7.329,7.30332
2021-06-30 10:00:00,IoTPond4,2,24.3125,100.0,7.970000000000001,7.89799
2021-06-30 10:00:00,IoTpond1,6,24.1875,100.0,9.9225,7.84351
2021-06-30 11:00:00,IoTPond2,0,24.375,100.0,10.717,7.84805
2021-06-30 11:00:00,IoTPond3,1,23.6875,97.0,6.6815,7.29424
2021-06-30 11:00:00,IoTPond6,3,23.90625,94.0,12.257,7.57569
2021-06-30 11:00:00,IoTPond4,2,24.5,100.0,6.88,7.89799
2021-06-30 11:00:00,IoTpond1,6,24.375,100.0,10.5435,7.84805
2021-06-30 11:00:00,IoTPond9,5,23.5,95.0,12.613,7.60746
2021-06-30 12:00:00,IoTPond6,3,24.0625,98.0,12.12,7.58023
2021-06-30 12:00:00,IoTPond4,2,24.6875,100.0,8.371500000000001,7.89799
2021-06-30 12:00:00,IoTPond2,0,24.5,100.0,12.052,7.83898
2021-06-30 12:00:00,IoTPond9,5,23.75,94.0,9.227,7.60746
2021-06-30 12:00:00,IoTPond3,1,23.8125,98.0,7.775,7.29424
2021-06-30 12:00:00,IoTpond1,6,24.5625,100.0,10.59,7.83898
2021-06-30 13:00:00,IoTPond9,5,23.9375,95.0,8.664000000000001,7.61654
2021-06-30 13:00:00,IoTPond6,3,24.1875,95.0,11.5115,7.58023
2021-06-30 13:00:00,IoTPond3,1,23.9375,99.0,7.748,7.29424
2021-06-30 13:00:00,IoTPond2,0,24.6875,100.0,10.742,7.84805
2021-06-30 13:00:00,IoTPond4,2,24.875,100.0,8.6675,7.89345
2021-06-30 13:00:00,IoTpond1,6,24.6875,100.0,10.387,7.84805
2021-06-30 14:00:00,IoTPond6,3,24.3125,97.0,11.372,7.57569
2021-06-30 14:00:00,IoTPond3,1,24.0,99.0,7.095,7.29424
2021-06-30 14:00:00,IoTpond1,6,24.875,100.0,7.784,7.83444
2021-06-30 14:00:00,IoTPond9,5,24.3125,94.0,9.227,7.612
2021-06-30 14:00:00,IoTPond2,0,24.875,100.0,8.7895,7.83444
2021-06-30 15:00:00,IoTPond3,1,24.125,98.0,6.381,7.2897
2021-06-30 15:00:00,IoTpond1,6,24.9375,100.0,8.554,7.83898
2021-06-30 15:00:00,IoTPond9,5,24.4375,94.0,9.227,7.612
2021-06-30 15:00:00,IoTPond6,3,24.40625,97.5,13.701,7.571149999999999
2021-06-30 15:00:00,IoTPond2,0,24.9375,100.0,11.815999999999999,7.83898
2021-06-30 16:00:00,IoTpond1,6,25.0625,100.0,9.210999999999999,7.83898
2021-06-30 16:00:00,IoTPond2,0,25.0625,100.0,11.373,7.83898
2021-06-30 16:00:00,IoTPond6,3,24.5,100.0,11.596,7.57569
2021-06-30 16:00:00,IoTPond3,1,24.25,99.0,6.635,7.2897
2021-06-30 16:00:00,IoTPond9,5,24.5625,84.0,9.227,7.61654
2021-06-30 17:00:00,IoTPond9,5,24.625,94.0,9.517,7.61654
2021-06-30 17:00:00,IoTPond3,1,24.3125,100.0,6.2755,7.28516
2021-06-30 17:00:00,IoTPond6,3,24.5625,100.0,10.754999999999999,7.57569
2021-06-30 17:00:00,IoTPond2,0,25.125,100.0,10.797,7.83898
2021-06-30 17:00:00,IoTpond1,6,25.125,100.0,9.963999999999999,7.83898
2021-06-30 18:00:00,IoTPond2,0,25.1875,100.0,10.347999999999999,7.84805
2021-06-30 18:00:00,IoTPond9,5,24.6875,86.0,10.1505,7.614269999999999
2021-06-30 18:00:00,IoTPond6,3,24.5625,100.0,10.725,7.58023
2021-06-30 18:00:00,IoTPond3,1,24.375,100.0,5.671,7.2897
2021-06-30 18:00:00,IoTpond1,6,25.1875,100.0,8.746,7.84805
2021-06-30 19:00:00,IoTpond1,6,25.1875,100.0,8.586,7.84805
2021-06-30 19:00:00,IoTPond3,1,24.375,99.0,5.08,7.2897
2021-06-30 19:00:00,IoTPond9,5,24.625,92.0,11.1055,7.61654
2021-06-30 19:00:00,IoTPond6,3,24.5625,100.0,8.08,7.58477
2021-06-30 19:00:00,IoTPond2,0,25.1875,100.0,9.859,7.84805
2021-06-30 20:00:00,IoTPond3,1,24.4375,100.0,5.08,7.29878
2021-06-30 20:00:00,IoTPond9,5,24.5625,85.0,9.227,7.61654
2021-06-30 20:00:00,IoTPond2,0,25.1875,100.0,7.857,7.84805
2021-06-30 20:00:00,IoTPond6,3,24.5625,100.0,7.074,7.59838
2021-06-30 20:00:00,IoTpond1,6,25.1875,100.0,7.272,7.84805
2021-06-30 21:00:00,IoTPond9,5,24.5,86.0,9.227,7.61654
2021-06-30 21:00:00,IoTPond2,0,25.125,100.0,8.338,7.84351
2021-06-30 21:00:00,IoTPond3,1,24.375,100.0,5.08,7.30786
2021-06-30 21:00:00,IoTPond6,3,24.5,100.0,6.787,7.59384
2021-06-30 21:00:00,IoTpond1,6,25.125,100.0,7.661,7.84351
2021-06-30 22:00:00,IoTPond3,1,24.375,99.0,4.826,7.29424
2021-06-30 22:00:00,IoTPond2,0,25.125,100.0,7.352,7.84351
2021-06-30 22:00:00,IoTpond1,6,25.125,100.0,6.375,7.84351
2021-06-30 22:00:00,IoTPond9,5,24.4375,86.0,9.227,7.612
2021-06-30 22:00:00,IoTPond6,3,24.4375,100.0,5.400499999999999,7.59384
2021-06-30 23:00:00,IoTpond1,6,25.0625,100.0,5.31,7.84351
2021-06-30 23:00:00,IoTPond2,0,25.0625,100.0,6.407,7.84351
2021-06-30 23:00:00,IoTPond9,5,24.4375,87.0,9.227,7.612
2021-06-30 23:00:00,IoTPond3,1,24.3125,99.0,5.067,7.29424
2021-06-30 23:00:00,IoTPond6,3,24.375,100.0,5.172,7.5893
2021-07-01 00:00:00,IoTpond1,6,25.0625,100.0,5.534,7.83898
2021-07-01 00:00:00,IoTPond2,0,25.0625,100.0,6.095,7.83898
2021-07-01 00:00:00,IoTPond9,5,24.3125,82.0,8.634,7.61654
2021-07-01 00:00:00,IoTPond6,3,24.3125,100.0,4.6225000000000005,7.59384
2021-07-01 00:00:00,IoTPond3,1,24.3125,99.0,4.5765,7.30332
2021-07-01 01:00:00,IoTPond9,5,24.1875,82.0,8.418,7.62108
2021-07-01 01:00:00,IoTPond3,1,24.25,100.0,4.4075,7.30332
2021-07-01 01:00:00,IoTPond6,3,24.25,100.0,4.221500000000001,7.59384
2021-07-01 01:00:00,IoTpond1,6,24.9375,100.0,5.122,7.84351
2021-07-01 01:00:00,IoTPond2,0,24.9375,100.0,6.305,7.84351
2021-07-01 02:00:00,IoTPond3,1,24.1875,100.0,4.606,7.30332
2021-07-01 02:00:00,IoTPond9,5,24.0625,95.0,5.6625,7.614269999999999
2021-07-01 02:00:00,IoTPond2,0,24.875,100.0,6.034,7.83898
2021-07-01 02:00:00,IoTpond1,6,24.875,100.0,4.969,7.83898
2021-07-01 02:00:00,IoTPond6,3,24.1875,100.0,3.761,7.59384
2021-07-01 03:00:00,IoTPond2,0,24.8125,100.0,5.891,7.83444
2021-07-01 03:00:00,IoTPond3,1,24.125,99.0,5.08,7.30786
2021-07-01 03:00:00,IoTpond1,6,24.8125,100.0,4.2425,7.83898
2021-07-01 03:00:00,IoTPond9,5,24.0,95.0,8.1345,7.612
2021-07-01 03:00:00,IoTPond6,3,24.125,100.0,3.4059999999999997,7.5893
2021-07-01 04:00:00,IoTPond2,0,24.75,100.0,5.0835,7.83444
2021-07-01 04:00:00,IoTpond1,6,24.75,100.0,3.811,7.83444
2021-07-01 04:00:00,IoTPond6,3,24.0625,100.0,3.668,7.59838
2021-07-01 04:00:00,IoTPond3,1,24.0625,99.0,4.7155000000000005,7.30332
2021-07-01 04:00:00,IoTPond9,5,23.875,95.0,6.217499999999999,7.60746
2021-07-01 05:00:00,IoTPond2,0,24.6875,100.0,5.02,7.83444
2021-07-01 05:00:00,IoTPond3,1,24.0,99.0,5.08,7.30786
2021-07-01 05:00:00,IoTpond1,6,24.6875,100.0,3.8579999999999997,7.83444
2021-07-01 05:00:00,IoTPond6,3,24.0625,100.0,3.3975,7.54391
2021-07-01 05:00:00,IoTPond9,5,23.875,95.0,8.458,7.60746
2021-07-01 06:00:00,IoTPond3,1,23.9375,99.0,4.099,7.30332
2021-07-01 06:00:00,IoTpond1,6,24.625,100.0,3.0255,7.83444
2021-07-01 06:00:00,IoTPond2,0,24.625,100.0,3.934,7.83671
2021-07-01 06:00:00,IoTPond9,5,23.75,94.0,7.704,7.60746
2021-07-01 06:00:00,IoTPond6,3,24.0,100.0,3.871,7.55299
2021-07-01 07:00:00,IoTPond6,3,23.9375,98.0,3.16,7.54391
2021-07-01 07:00:00,IoTPond3,1,23.9375,99.0,5.052,7.31694
2021-07-01 07:00:00,IoTPond2,0,24.625,100.0,6.465,7.8299
2021-07-01 07:00:00,IoTpond1,6,24.625,100.0,4.0985,7.83444
2021-07-01 07:00:00,IoTPond9,5,23.75,93.0,8.634,7.60746
2021-07-01 08:00:00,IoTPond6,3,23.9375,97.0,4.4625,7.53483
2021-07-01 08:00:00,IoTPond3,1,23.875,98.0,4.0615,7.30332
2021-07-01 08:00:00,IoTPond2,0,24.5625,100.0,5.578,7.8299
2021-07-01 08:00:00,IoTPond9,5,23.6875,94.0,7.007,7.60292
2021-07-01 08:00:00,IoTpond1,6,24.5625,100.0,4.382,7.8299
2021-07-01 09:00:00,IoTPond6,3,24.0,94.0,7.594,7.53256
2021-07-01 09:00:00,IoTPond2,0,24.625,100.0,6.212,7.82536
2021-07-01 09:00:00,IoTPond3,1,23.9375,98.0,5.08,7.30332
2021-07-01 09:00:00,IoTpond1,6,24.625,100.0,4.454,7.82536
2021-07-01 09:00:00,IoTPond9,5,23.75,93.0,9.1615,7.59838
2021-07-01 10:00:00,IoTpond1,6,24.75,100.0,9.6985,7.80266
2021-07-01 10:00:00,IoTPond2,0,24.75,100.0,9.9435,7.80266
2021-07-01 10:00:00,IoTPond9,5,23.875,93.0,9.7165,7.5893
2021-07-01 10:00:00,IoTPond3,1,24.0625,90.0,5.443,7.30332
2021-07-01 11:00:00,IoTPond3,1,24.3125,95.0,8.367,7.29424
2021-07-01 11:00:00,IoTpond1,6,25.0625,100.0,9.924,7.80266
2021-07-01 11:00:00,IoTPond2,0,25.0625,100.0,10.604,7.80266
2021-07-01 11:00:00,IoTPond9,5,24.125,93.0,9.227,7.57569
2021-07-01 12:00:00,IoTpond1,6,25.1875,100.0,10.036000000000001,7.81628
2021-07-01 12:00:00,IoTPond2,0,25.1875,100.0,11.425,7.81628
2021-07-01 12:00:00,IoTPond9,5,24.375,95.0,9.227,7.59157
2021-07-01 12:00:00,IoTPond3,1,24.4375,99.0,8.540500000000002,7.2897
2021-07-01 13:00:00,IoTpond1,6,25.1875,100.0,11.173,7.82536
2021-07-01 13:00:00,IoTPond3,1,24.4375,97.0,6.7485,7.267
2021-07-01 13:00:00,IoTPond9,5,24.3125,96.0,12.513000000000002,7.60292
2021-07-01 13:00:00,IoTPond2,0,25.1875,100.0,11.173,7.82536
2021-07-01 14:00:00,IoTPond2,0,25.1875,100.0,10.793,7.82082
2021-07-01 14:00:00,IoTPond9,5,24.375,96.0,12.162,7.60292
2021-07-01 14:00:00,IoTPond3,1,24.4375,96.0,5.7765,7.37595
2021-07-01 14:00:00,IoTpond1,6,25.1875,100.0,10.793,7.82082
2021-07-01 15:00:00,IoTpond1,6,25.3125,100.0,12.23,7.80266
2021-07-01 15:00:00,IoTPond6,3,24.8125,86.0,11.537,7.52575
2021-07-01 15:00:00,IoTPond2,0,25.3125,100.0,12.23,7.80266
2021-07-01 15:00:00,IoTPond9,5,24.5,95.0,10.184,7.59384
2021-07-01 15:00:00,IoTPond3,1,24.5,96.0,6.601,8.56529
2021-07-01 16:00:00,IoTPond2,0,25.5,100.0,11.396999999999998,7.79812
2021-07-01 16:00:00,IoTpond1,6,25.5,100.0,9.948,7.79812
2021-07-01 16:00:00,IoTPond9,5,24.625,95.0,9.227,7.58477
2021-07-01 16:00:00,IoTPond6,3,24.9375,97.0,11.275,7.52575
2021-07-01 16:00:00,IoTPond3,1,24.6875,97.0,6.381,9.94983
2021-07-01 17:00:00,IoTPond2,0,25.5625,100.0,9.707,7.80266
2021-07-01 17:00:00,IoTpond1,6,25.5625,100.0,8.153,7.80266
2021-07-01 17:00:00,IoTPond6,3,25.0625,100.0,9.851,7.53483
2021-07-01 17:00:00,IoTPond9,5,24.8125,95.0,9.227,7.58477
2021-07-01 17:00:00,IoTPond3,1,24.8125,97.5,5.4345,9.929400000000001
2021-07-01 18:00:00,IoTPond9,5,24.875,96.0,9.227,7.59384
2021-07-01 18:00:00,IoTpond1,6,25.625,100.0,7.929,7.80266
2021-07-01 18:00:00,IoTPond2,0,25.625,100.0,9.083,7.80266
2021-07-01 18:00:00,IoTPond6,3,25.0625,100.0,9.315,7.53483
2021-07-01 19:00:00,IoTpond1,6,25.625,100.0,10.244,7.81174
2021-07-01 19:00:00,IoTPond2,0,25.625,100.0,10.821,7.81174
2021-07-01 19:00:00,IoTPond6,3,25.0625,100.0,7.917,7.53483
2021-07-01 19:00:00,IoTPond3,1,24.875,97.0,5.08,8.735520000000001
2021-07-01 19:00:00,IoTPond9,5,24.8125,96.0,9.227,7.59384
2021-07-01 20:00:00,IoTPond9,5,24.8125,96.0,9.227,7.59838
2021-07-01 20:00:00,IoTPond6,3,25.0,100.0,7.015499999999999,7.53483
2021-07-01 20:00:00,IoTPond2,0,25.625,100.0,10.104,7.81628
2021-07-01 20:00:00,IoTPond3,1,24.875,97.0,4.6865000000000006,8.04779
2021-07-01 20:00:00,IoTpond1,6,25.625,100.0,8.942,7.81628
2021-07-01 21:00:00,IoTPond3,1,24.8125,97.0,4.686,7.80947
2021-07-01 21:00:00,IoTpond1,6,25.5625,100.0,7.048,7.81628
2021-07-01 21:00:00,IoTPond6,3,24.9375,100.0,6.4995,7.53483
2021-07-01 21:00:00,IoTPond9,5,24.6875,96.0,8.634,7.59838
2021-07-01 21:00:00,IoTPond2,0,25.5625,100.0,8.602,7.81628
2021-07-01 22:00:00,IoTpond1,6,25.4375,100.0,7.689,7.81628
2021-07-01 22:00:00,IoTPond6,3,24.8125,100.0,5.0495,7.53937
2021-07-01 22:00:00,IoTPond3,1,24.75,98.0,5.08,7.8299
2021-07-01 22:00:00,IoTPond2,0,25.4375,100.0,8.722,7.81628
2021-07-01 22:00:00,IoTPond9,5,24.625,96.0,8.634,7.59838
2021-07-01 23:00:00,IoTPond6,3,24.6875,100.0,4.2595,7.54618
2021-07-01 23:00:00,IoTpond1,6,25.375,100.0,6.439,7.81628
2021-07-01 23:00:00,IoTPond2,0,25.375,100.0,8.053,7.81628
2021-07-01 23:00:00,IoTPond3,1,24.6875,97.0,4.623,7.72549
2021-07-01 23:00:00,IoTPond9,5,24.5,95.0,8.634,7.60292
2021-07-02 00:00:00,IoTPond2,0,25.25,100.0,7.368,7.81628
2021-07-02 00:00:00,IoTPond9,5,24.375,95.0,4.8635,7.59838
2021-07-02 00:00:00,IoTpond1,6,25.25,100.0,6.724,7.81628
2021-07-02 00:00:00,IoTPond3,1,24.625,99.0,2.899,7.51213
2021-07-02 00:00:00,IoTPond6,3,24.625,100.0,3.651,7.54845
2021-07-02 01:00:00,IoTPond9,5,24.25,96.0,3.8914999999999997,7.59838
2021-07-02 01:00:00,IoTPond3,1,24.5625,95.0,2.586,7.60746
2021-07-02 01:00:00,IoTpond1,6,25.1875,100.0,6.72,7.81174
2021-07-02 01:00:00,IoTPond2,0,25.1875,100.0,6.752,7.81174
2021-07-02 01:00:00,IoTPond6,3,24.5,100.0,2.408,7.57115
2021-07-02 02:00:00,IoTPond9,5,24.125,95.0,3.0549999999999997,7.59384
2021-07-02 02:00:00,IoTPond2,0,25.0625,100.0,5.638,7.81174
2021-07-02 02:00:00,IoTPond6,3,24.4375,100.0,2.687,7.55753
2021-07-02 02:00:00,IoTpond1,6,25.0625,100.0,5.622,7.81174
2021-07-02 02:00:00,IoTPond3,1,24.4375,95.0,2.755,7.53937
2021-07-02 03:00:00,IoTPond6,3,24.375,100.0,2.713,7.55753
2021-07-02 03:00:00,IoTPond9,5,24.0625,95.0,3.465,7.59384
2021-07-02 03:00:00,IoTpond1,6,25.0,100.0,5.400499999999999,7.81174
2021-07-02 03:00:00,IoTPond2,0,25.0,100.0,5.448499999999999,7.81174
2021-07-02 03:00:00,IoTPond3,1,24.375,96.0,2.273,7.51213
2021-07-02 04:00:00,IoTPond6,3,24.25,100.0,2.451,7.56207
2021-07-02 04:00:00,IoTPond9,5,24.0,95.0,2.481,7.59384
2021-07-02 04:00:00,IoTpond1,6,24.875,100.0,5.967,7.81174
2021-07-02 04:00:00,IoTPond3,1,24.3125,95.0,2.603,7.50306
2021-07-02 04:00:00,IoTPond2,0,24.875,100.0,6.009,7.81174
2021-07-02 05:00:00,IoTPond3,1,24.1875,96.0,2.417,7.53483
2021-07-02 05:00:00,IoTPond2,0,24.8125,100.0,5.477,7.81174
2021-07-02 05:00:00,IoTPond9,5,23.875,95.0,3.186,7.5893
2021-07-02 05:00:00,IoTpond1,6,24.8125,100.0,5.451,7.81174
2021-07-02 05:00:00,IoTPond6,3,24.1875,100.0,2.9025,7.55753
2021-07-02 06:00:00,IoTPond3,1,24.125,97.0,5.063000000000001,7.4849
2021-07-02 06:00:00,IoTPond6,3,24.125,100.0,3.194,7.55753
2021-07-02 06:00:00,IoTPond9,5,23.75,95.0,8.458,7.58477
2021-07-02 06:00:00,IoTPond2,0,24.75,100.0,6.618,7.8072
2021-07-02 06:00:00,IoTpond1,6,24.75,100.0,5.73,7.8072
2021-07-02 07:00:00,IoTPond9,5,23.75,95.0,8.634,7.58023
2021-07-02 07:00:00,IoTpond1,6,24.6875,100.0,5.384,7.80266
2021-07-02 07:00:00,IoTPond3,1,24.0625,97.0,4.141,7.47128
2021-07-02 07:00:00,IoTPond6,3,24.0625,99.0,2.827,7.55299
2021-07-02 07:00:00,IoTPond2,0,24.6875,100.0,6.681,7.80266
2021-07-02 08:00:00,IoTpond1,6,24.625,100.0,3.934,7.80266
2021-07-02 08:00:00,IoTPond3,1,24.0625,95.0,5.08,7.43496
2021-07-02 08:00:00,IoTPond6,3,24.0625,98.0,4.09,7.54391
2021-07-02 08:00:00,IoTPond2,0,24.625,100.0,5.9035,7.80266
2021-07-02 08:00:00,IoTPond9,5,23.6875,95.0,8.458,7.57569
2021-07-02 09:00:00,IoTPond6,3,24.0625,93.0,5.654,7.53483
2021-07-02 09:00:00,IoTPond3,1,24.0,95.0,4.327,7.43042
2021-07-02 09:00:00,IoTPond9,5,23.6875,95.0,8.458,7.57569
2021-07-02 09:00:00,IoTpond1,6,24.625,100.0,5.443,7.79358
2021-07-02 09:00:00,IoTPond2,0,24.625,100.0,6.381,7.79358
2021-07-02 10:00:00,IoTPond2,0,24.6875,100.0,7.057,7.77996
2021-07-02 10:00:00,IoTPond3,1,24.0625,92.0,4.86,7.44404
2021-07-02 10:00:00,IoTPond6,3,24.3125,94.0,11.9725,7.53483
2021-07-02 10:00:00,IoTpond1,6,24.6875,100.0,5.722,7.77996
2021-07-02 10:00:00,IoTPond9,5,23.75,95.0,9.227,7.55753
2021-07-02 11:00:00,IoTPond2,0,24.9375,100.0,10.675,7.7618
2021-07-02 11:00:00,IoTPond6,3,24.5,90.0,8.751999999999999,7.53483
2021-07-02 11:00:00,IoTpond1,6,24.9375,100.0,9.813,7.7618
2021-07-02 11:00:00,IoTPond9,5,24.0625,95.0,9.227,7.54845
2021-07-02 11:00:00,IoTPond3,1,24.25,93.0,5.637,6.86526
2021-07-02 12:00:00,IoTPond3,1,24.40625,92.0,7.5135000000000005,6.86753
2021-07-02 12:00:00,IoTPond6,3,24.6875,93.0,6.8545,7.53483
2021-07-02 12:00:00,IoTPond9,5,24.375,95.0,8.579,7.53937
2021-07-02 12:00:00,IoTPond4,2,25.375,100.0,8.354,7.8299
2021-07-02 12:00:00,IoTPond2,0,25.125,100.0,10.527999999999999,7.7618
2021-07-02 12:00:00,IoTpond1,6,25.125,100.0,9.9555,7.7618
2021-07-02 13:00:00,IoTpond1,6,25.40625,100.0,8.758,7.75727
2021-07-02 13:00:00,IoTPond2,0,25.4375,100.0,9.807,7.75727
2021-07-02 13:00:00,IoTPond3,1,24.5625,95.0,7.839,6.83121
2021-07-02 13:00:00,IoTPond6,3,24.875,96.0,9.415,7.53483
2021-07-02 13:00:00,IoTPond4,2,25.625,100.0,8.914,7.8299
2021-07-02 13:00:00,IoTPond9,5,24.6875,95.0,8.502,7.53937
2021-07-02 14:00:00,IoTPond6,3,25.0,95.0,7.581,7.53483
2021-07-02 14:00:00,IoTPond4,2,25.75,100.0,6.159,7.82536
2021-07-02 14:00:00,IoTPond3,1,24.6875,96.0,7.67,6.81306
2021-07-02 14:00:00,IoTPond2,0,25.5625,100.0,9.94,7.76634
2021-07-02 14:00:00,IoTPond9,5,25.0625,96.0,10.7,7.54845
2021-07-02 14:00:00,IoTpond1,6,25.5625,100.0,9.1985,7.76634
2021-07-02 15:00:00,IoTPond4,2,25.875,100.0,6.3255,7.82536
2021-07-02 15:00:00,IoTPond3,1,24.8125,96.0,7.8725,6.72681
2021-07-02 15:00:00,IoTPond9,5,25.25,96.0,9.227,7.54845
2021-07-02 15:00:00,IoTPond2,0,25.6875,100.0,8.874,7.75273
2021-07-02 15:00:00,IoTpond1,6,25.6875,100.0,8.205,7.75273
2021-07-02 15:00:00,IoTPond6,3,25.1875,91.0,8.794,7.53483
2021-07-02 16:00:00,IoTPond4,2,26.0625,100.0,6.095,7.82536
2021-07-02 16:00:00,IoTPond3,1,24.9375,96.0,7.809,6.66779
2021-07-02 16:00:00,IoTPond9,5,25.4375,96.0,9.227,7.55299
2021-07-02 16:00:00,IoTPond6,3,25.3125,99.0,12.054,7.54845
2021-07-02 16:00:00,IoTPond2,0,25.875,100.0,8.7665,7.75727
2021-07-02 16:00:00,IoTpond1,6,25.875,100.0,8.306,7.75727
2021-07-02 17:00:00,IoTPond6,3,25.3125,100.0,10.668,7.56207
2021-07-02 17:00:00,IoTPond3,1,25.0625,97.0,6.912,7.54391
2021-07-02 17:00:00,IoTPond2,0,25.875,100.0,12.222,7.76634
2021-07-02 17:00:00,IoTPond9,5,25.5,97.0,9.227,7.56661
2021-07-02 17:00:00,IoTPond4,2,26.0625,100.0,6.2135,7.82536
2021-07-02 17:00:00,IoTpond1,6,25.875,100.0,7.4205000000000005,7.77088
2021-07-02 18:00:00,IoTPond2,0,25.875,100.0,11.469,7.76634
2021-07-02 18:00:00,IoTPond3,1,25.0625,98.0,5.606,7.5007850000000005
2021-07-02 18:00:00,IoTPond6,3,25.3125,100.0,9.787,7.57569
2021-07-02 18:00:00,IoTPond9,5,25.4375,97.0,9.227,7.56661
2021-07-02 18:00:00,IoTPond4,2,26.0625,100.0,5.2765,7.82536
2021-07-02 18:00:00,IoTpond1,6,25.875,100.0,11.802,7.76861
2021-07-02 19:00:00,IoTPond4,2,26.0,100.0,8.9655,7.82536
2021-07-02 19:00:00,IoTPond6,3,25.25,100.0,8.297999999999998,7.58023
2021-07-02 19:00:00,IoTPond2,0,25.8125,100.0,11.7015,7.76634
2021-07-02 19:00:00,IoTPond3,1,25.0,93.0,5.766500000000001,7.371409999999999
2021-07-02 19:00:00,IoTPond9,5,25.375,97.0,9.227,7.56207
2021-07-02 20:00:00,IoTPond6,3,25.1875,100.0,7.4205000000000005,7.58023
2021-07-02 20:00:00,IoTPond2,0,25.8125,100.0,10.324,7.76634
2021-07-02 20:00:00,IoTPond3,1,25.0,93.0,5.63,6.82667
2021-07-02 20:00:00,IoTPond9,5,25.25,97.0,9.227,7.56661
2021-07-02 20:00:00,IoTPond4,2,25.9375,100.0,6.247,7.82536
2021-07-02 21:00:00,IoTPond6,3,25.09375,100.0,6.026999999999999,7.58023
2021-07-02 21:00:00,IoTPond2,0,25.75,100.0,10.833,7.76634
2021-07-02 21:00:00,IoTPond3,1,24.9375,96.0,5.08,6.80852
2021-07-02 21:00:00,IoTPond4,2,25.875,100.0,8.005,7.82536
2021-07-02 21:00:00,IoTPond9,5,25.1875,97.0,9.227,7.56207
2021-07-02 22:00:00,IoTPond6,3,25.0625,100.0,4.837,7.58477
2021-07-02 22:00:00,IoTPond3,1,24.875,96.0,5.08,6.81306
2021-07-02 22:00:00,IoTPond9,5,25.0625,97.0,9.227,7.56207
2021-07-02 22:00:00,IoTPond4,2,25.8125,100.0,6.704,7.82536
2021-07-02 22:00:00,IoTPond2,0,25.6875,100.0,9.415,7.76634
2021-07-02 23:00:00,IoTPond4,2,25.75,100.0,8.326,7.82536
2021-07-02 23:00:00,IoTPond6,3,24.9375,100.0,4.5105,7.58477
2021-07-02 23:00:00,IoTPond3,1,24.8125,97.0,5.08,6.80852
2021-07-02 23:00:00,IoTPond9,5,24.9375,98.0,9.227,7.56207
2021-07-02 23:00:00,IoTPond2,0,25.5625,100.0,10.34,7.77088
2021-07-03 00:00:00,IoTPond4,2,25.6875,100.0,8.366,7.82536
2021-07-03 00:00:00,IoTPond3,1,24.75,97.0,5.08,6.78128
2021-07-03 00:00:00,IoTPond9,5,24.8125,98.0,9.227,7.56207
2021-07-03 00:00:00,IoTPond6,3,24.8125,100.0,4.065,7.59384
2021-07-03 00:00:00,IoTPond2,0,25.5,100.0,9.179,7.76634
2021-07-03 01:00:00,IoTPond9,5,24.75,98.0,9.227,7.56207
2021-07-03 01:00:00,IoTPond3,1,24.625,97.0,5.08,6.75858
2021-07-03 01:00:00,IoTPond2,0,25.4375,100.0,8.434,7.76634
2021-07-03 01:00:00,IoTPond6,3,24.75,100.0,3.1695,7.59384
2021-07-03 01:00:00,IoTPond4,2,25.5625,100.0,8.314,7.82536
2021-07-03 02:00:00,IoTPond6,3,24.625,100.0,3.4565,7.59384
2021-07-03 02:00:00,IoTPond4,2,25.5,100.0,8.45,7.82536
2021-07-03 02:00:00,IoTPond9,5,24.625,98.0,9.227,7.56207
2021-07-03 02:00:00,IoTPond2,0,25.3125,100.0,7.216,7.76634
2021-07-03 02:00:00,IoTPond3,1,24.5625,97.0,4.505,6.73589
2021-07-03 03:00:00,IoTPond9,5,24.5,98.0,9.190000000000001,7.55753
2021-07-03 03:00:00,IoTPond2,0,25.25,100.0,6.832,7.76634
2021-07-03 03:00:00,IoTPond6,3,24.5625,100.0,2.975,7.59384
2021-07-03 03:00:00,IoTPond4,2,25.375,100.0,6.952,7.82536
2021-07-03 03:00:00,IoTPond3,1,24.5,97.0,4.361,6.72681
2021-07-03 04:00:00,IoTPond2,0,25.1875,100.0,6.992,7.76634
2021-07-03 04:00:00,IoTPond6,3,24.5,100.0,2.814,7.59838
2021-07-03 04:00:00,IoTPond3,1,24.4375,92.0,5.08,6.72227
2021-07-03 04:00:00,IoTPond9,5,24.4375,98.0,8.344999999999999,7.55753
2021-07-03 04:00:00,IoTPond4,2,25.3125,100.0,8.081,7.82536
2021-07-03 05:00:00,IoTPond6,3,24.4375,100.0,2.3280000000000003,7.59838
2021-07-03 05:00:00,IoTPond2,0,25.125,100.0,6.616,7.76634
2021-07-03 05:00:00,IoTPond3,1,24.375,91.0,4.454,6.71773
2021-07-03 05:00:00,IoTPond9,5,24.3125,98.0,7.784,7.55753
2021-07-03 05:00:00,IoTPond4,2,25.25,100.0,8.61,7.82536
2021-07-03 06:00:00,IoTPond6,3,24.3125,100.0,2.214,7.59838
2021-07-03 06:00:00,IoTPond2,0,25.0,100.0,4.605,7.76634
2021-07-03 06:00:00,IoTPond4,2,25.1875,100.0,7.977,7.82536
2021-07-03 06:00:00,IoTPond9,5,24.25,98.0,7.0275,7.55753
2021-07-03 06:00:00,IoTPond3,1,24.25,93.0,4.099,6.72227
2021-07-03 07:00:00,IoTPond2,0,24.9375,100.0,5.603,7.7618
2021-07-03 07:00:00,IoTPond6,3,24.25,100.0,1.665,7.59838
2021-07-03 07:00:00,IoTPond9,5,24.125,97.0,8.634,7.55753
2021-07-03 07:00:00,IoTPond3,1,24.1875,94.0,3.93,6.70411
2021-07-03 07:00:00,IoTPond4,2,25.125,100.0,7.441,7.82536
2021-07-03 08:00:00,IoTPond4,2,25.0,100.0,7.493,7.82536
2021-07-03 08:00:00,IoTPond2,0,24.875,100.0,3.786,7.7618
2021-07-03 08:00:00,IoTPond3,1,24.125,94.0,3.135,6.69049
2021-07-03 08:00:00,IoTPond6,3,24.125,100.0,0.8785000000000001,7.59838
2021-07-03 08:00:00,IoTPond9,5,24.0625,97.0,8.458,7.54845
2021-07-03 09:00:00,IoTPond7,4,25.0,32.0,6.6114999999999995,7.14444
2021-07-03 09:00:00,IoTPond6,3,24.0,100.0,1.436,7.59838
2021-07-03 09:00:00,IoTPond9,5,23.875,97.0,2.9645,7.56207
2021-07-03 09:00:00,IoTPond2,0,24.75,100.0,2.73,7.76634
2021-07-03 09:00:00,IoTPond4,2,24.9375,100.0,3.296,7.82536
2021-07-03 09:00:00,IoTPond3,1,24.0625,93.0,2.366,6.74043
2021-07-03 10:00:00,IoTPond7,4,24.9375,33.0,6.6419999999999995,7.12628
2021-07-03 10:00:00,IoTPond9,5,23.5625,91.0,5.82,7.53483
2021-07-03 10:00:00,IoTPond3,1,23.9375,96.0,2.2175000000000002,6.75858
2021-07-03 10:00:00,IoTPond6,3,23.9375,100.0,2.249,7.60292
2021-07-03 10:00:00,IoTPond2,0,24.625,100.0,2.577,7.76634
2021-07-03 10:00:00,IoTPond4,2,24.75,100.0,3.135,7.82536
2021-07-03 11:00:00,IoTPond6,3,23.875,100.0,1.9855,7.60519
2021-07-03 11:00:00,IoTPond4,2,24.625,100.0,3.287,7.82536
2021-07-03 11:00:00,IoTPond7,4,24.75,33.0,6.051,7.13082
2021-07-03 11:00:00,IoTPond9,5,23.4375,90.0,5.195,7.53483
2021-07-03 11:00:00,IoTPond2,0,24.5625,100.0,2.958,7.76634
2021-07-03 11:00:00,IoTPond3,1,23.8125,95.0,2.258,6.73589
2021-07-03 12:00:00,IoTPond6,3,23.75,97.0,3.552,7.612
2021-07-03 12:00:00,IoTPond9,5,23.3125,91.0,5.641,7.53483
2021-07-03 12:00:00,IoTPond2,0,24.4375,100.0,3.194,7.7618
2021-07-03 12:00:00,IoTPond7,4,24.625,33.0,5.992,7.12628
2021-07-03 12:00:00,IoTPond3,1,23.6875,95.0,2.401,6.73135
2021-07-03 12:00:00,IoTPond4,2,24.5,100.0,3.089,7.8299
2021-07-03 13:00:00,IoTPond7,4,24.5625,33.0,5.1765,7.12628
2021-07-03 13:00:00,IoTPond4,2,24.4375,100.0,7.298,7.82536
2021-07-03 13:00:00,IoTPond3,1,23.6875,96.0,3.847,6.71773
2021-07-03 13:00:00,IoTPond2,0,24.375,100.0,3.9805,7.7618
2021-07-03 13:00:00,IoTPond9,5,23.25,94.0,7.918,7.53483
2021-07-03 13:00:00,IoTPond6,3,23.6875,96.0,4.909,7.59384
2021-07-03 14:00:00,IoTPond3,1,23.625,96.0,3.8605,6.66552
2021-07-03 14:00:00,IoTPond7,4,24.5625,33.0,5.578,7.12628
2021-07-03 14:00:00,IoTPond9,5,23.25,95.0,9.227,7.53483
2021-07-03 14:00:00,IoTPond4,2,24.4375,100.0,8.933499999999999,7.82536
2021-07-03 14:00:00,IoTPond2,0,24.3125,100.0,4.64,7.75727
2021-07-03 14:00:00,IoTPond6,3,23.6875,98.0,4.9225,7.5893
2021-07-03 15:00:00,IoTPond4,2,24.4375,100.0,5.24,7.82536
2021-07-03 15:00:00,IoTPond2,0,24.3125,100.0,5.443,7.75273
2021-07-03 15:00:00,IoTPond9,5,23.25,95.0,9.227,7.537100000000001
2021-07-03 15:00:00,IoTPond6,3,23.6875,99.5,6.396000000000001,7.5893
2021-07-03 15:00:00,IoTPond3,1,23.625,92.0,4.271,6.64056
2021-07-03 15:00:00,IoTPond7,4,24.625,33.0,8.193999999999999,7.110390000000001
2021-07-03 16:00:00,IoTPond9,5,23.25,96.0,9.227,7.53937
2021-07-03 16:00:00,IoTPond2,0,24.3125,100.0,5.6754999999999995,7.75273
2021-07-03 16:00:00,IoTPond7,4,24.5625,33.0,7.776,7.09904
2021-07-03 16:00:00,IoTPond3,1,23.625,92.0,4.516500000000001,6.63148
2021-07-03 16:00:00,IoTPond6,3,23.625,100.0,4.409,7.59384
2021-07-03 16:00:00,IoTPond4,2,24.375,100.0,10.049,7.82536
2021-07-03 17:00:00,IoTPond9,5,23.1875,97.0,9.227,7.53937
2021-07-03 17:00:00,IoTPond4,2,24.3125,100.0,9.627,7.82536
2021-07-03 17:00:00,IoTPond7,4,24.5,33.0,8.207,7.09904
2021-07-03 17:00:00,IoTPond6,3,23.5625,100.0,3.847,7.59838
2021-07-03 17:00:00,IoTPond3,1,23.5625,92.0,5.08,6.64056
2021-07-03 17:00:00,IoTPond2,0,24.25,100.0,4.783,7.75273
2021-07-03 18:00:00,IoTPond6,3,23.5625,100.0,4.1685,7.59838
2021-07-03 18:00:00,IoTPond4,2,24.3125,100.0,10.560500000000001,7.82536
2021-07-03 18:00:00,IoTPond9,5,23.1875,98.0,9.227,7.53937
2021-07-03 18:00:00,IoTPond3,1,23.5,93.0,5.08,6.62694
2021-07-03 18:00:00,IoTPond7,4,24.5,33.0,8.4305,7.09904
2021-07-03 18:00:00,IoTPond2,0,24.1875,100.0,5.480499999999999,7.75273
2021-07-03 19:00:00,IoTPond2,0,24.1875,100.0,4.8,7.75273
2021-07-03 19:00:00,IoTPond3,1,23.5,93.0,4.355499999999999,6.63148
2021-07-03 19:00:00,IoTPond6,3,23.5,100.0,3.6105,7.60292
2021-07-03 19:00:00,IoTPond4,2,24.25,100.0,9.813,7.82536
2021-07-03 19:00:00,IoTPond9,5,23.125,98.0,9.227,7.53937
2021-07-03 19:00:00,IoTPond7,4,24.4375,33.0,8.5275,7.0945
2021-07-03 20:00:00,IoTPond3,1,23.4375,94.0,3.8695,6.63602
2021-07-03 20:00:00,IoTPond4,2,24.1875,100.0,7.928,7.82536
2021-07-03 20:00:00,IoTPond2,0,24.125,100.0,4.834,7.75727
2021-07-03 20:00:00,IoTPond6,3,23.4375,100.0,3.883,7.60292
2021-07-03 20:00:00,IoTPond7,4,24.375,33.0,8.688,7.0945
2021-07-03 20:00:00,IoTPond9,5,23.0625,98.0,9.227,7.53937
2021-07-03 21:00:00,IoTPond6,3,23.375,100.0,3.646,7.60746
2021-07-03 21:00:00,IoTPond3,1,23.375,94.0,3.231,6.64056
2021-07-03 21:00:00,IoTPond4,2,24.1875,100.0,7.294,7.82536
2021-07-03 21:00:00,IoTPond9,5,23.0,98.0,8.634,7.53937
2021-07-03 21:00:00,IoTPond2,0,24.0625,100.0,4.2844999999999995,7.75727
2021-07-03 21:00:00,IoTPond7,4,24.3125,32.0,8.739,7.0945
2021-07-03 22:00:00,IoTPond3,1,23.375,94.0,5.08,6.63602
2021-07-03 22:00:00,IoTPond2,0,24.0625,100.0,4.855,7.75273
2021-07-03 22:00:00,IoTPond9,5,22.9375,98.0,8.634,7.53937
2021-07-03 22:00:00,IoTPond4,2,24.125,100.0,9.245999999999999,7.82536
2021-07-03 22:00:00,IoTPond7,4,24.25,32.0,8.714,7.0945
2021-07-03 22:00:00,IoTPond6,3,23.375,100.0,2.812,7.60292
2021-07-03 23:00:00,IoTPond9,5,22.875,98.0,8.458,7.53937
2021-07-03 23:00:00,IoTPond3,1,23.3125,93.0,5.08,6.64056
2021-07-03 23:00:00,IoTPond7,4,24.25,33.0,8.751999999999999,7.0945
2021-07-03 23:00:00,IoTPond2,0,24.0,100.0,4.311,7.75273
2021-07-03 23:00:00,IoTPond6,3,23.3125,100.0,3.7625,7.60292
2021-07-03 23:00:00,IoTPond4,2,24.0625,100.0,9.1195,7.82536
2021-07-04 00:00:00,IoTPond7,4,24.125,33.0,8.781500000000001,7.08996
2021-07-04 00:00:00,IoTPond3,1,23.25,94.0,4.606,6.64964
2021-07-04 00:00:00,IoTPond2,0,23.9375,100.0,3.669,7.75273
2021-07-04 00:00:00,IoTPond6,3,23.25,100.0,3.423,7.60292
2021-07-04 00:00:00,IoTPond4,2,24.0,100.0,9.889,7.82536
2021-07-04 00:00:00,IoTPond9,5,22.8125,98.0,8.634,7.53937
2021-07-04 01:00:00,IoTPond7,4,24.125,33.0,8.874,7.0945
2021-07-04 01:00:00,IoTPond6,3,23.1875,100.0,2.919,7.60292
2021-07-04 01:00:00,IoTPond2,0,23.875,100.0,4.017,7.75273
2021-07-04 01:00:00,IoTPond4,2,23.9375,100.0,8.936,7.82536
2021-07-04 01:00:00,IoTPond3,1,23.1875,93.0,3.133,6.64964
2021-07-04 01:00:00,IoTPond9,5,22.75,98.0,8.458,7.53937
2021-07-04 02:00:00,IoTPond6,3,23.125,100.0,3.41,7.60292
2021-07-04 02:00:00,IoTPond4,2,23.875,100.0,8.427,7.82536
2021-07-04 02:00:00,IoTPond9,5,22.6875,98.0,8.458,7.53937
2021-07-04 02:00:00,IoTPond3,1,23.125,92.0,4.106,6.66325
2021-07-04 02:00:00,IoTPond2,0,23.8125,100.0,4.3025,7.75273
2021-07-04 02:00:00,IoTPond7,4,24.0625,32.0,8.8025,7.09904
2021-07-04 03:00:00,IoTPond2,0,23.6875,100.0,4.0075,7.75727
2021-07-04 03:00:00,IoTPond4,2,23.8125,100.0,9.766,7.82536
2021-07-04 03:00:00,IoTPond3,1,23.0625,92.0,5.08,6.66325
2021-07-04 03:00:00,IoTPond9,5,22.625,98.0,8.634,7.53937
2021-07-04 03:00:00,IoTPond6,3,23.0,100.0,2.74,7.60746
2021-07-04 03:00:00,IoTPond7,4,23.9375,33.0,9.275,7.0945
2021-07-04 04:00:00,IoTPond7,4,23.875,33.0,9.3505,7.0945
2021-07-04 04:00:00,IoTPond9,5,22.5,98.0,8.634,7.53937
2021-07-04 04:00:00,IoTPond4,2,23.75,100.0,9.087,7.82536
2021-07-04 04:00:00,IoTPond2,0,23.625,100.0,4.008,7.75273
2021-07-04 04:00:00,IoTPond6,3,22.9375,100.0,2.0614999999999997,7.60746
2021-07-04 04:00:00,IoTPond3,1,23.0,92.0,3.675,6.65871
2021-07-04 05:00:00,IoTPond6,3,22.875,100.0,2.614,7.60746
2021-07-04 05:00:00,IoTPond2,0,23.5625,100.0,5.4625,7.75273
2021-07-04 05:00:00,IoTPond7,4,23.75,33.0,9.355,7.0945
2021-07-04 05:00:00,IoTPond3,1,22.9375,93.0,4.7105,6.64964
2021-07-04 05:00:00,IoTPond9,5,22.4375,99.0,8.634,7.53937
2021-07-04 05:00:00,IoTPond4,2,23.65625,100.0,9.217,7.82536
2021-07-04 06:00:00,IoTPond2,0,23.5,100.0,3.374,7.75273
2021-07-04 06:00:00,IoTPond4,2,23.5625,100.0,9.569,7.82536
2021-07-04 06:00:00,IoTPond3,1,22.875,93.0,3.935,6.63602
2021-07-04 06:00:00,IoTPond9,5,22.375,99.0,8.634,7.53937
2021-07-04 06:00:00,IoTPond6,3,22.8125,100.0,2.066,7.60746
2021-07-04 06:00:00,IoTPond7,4,23.6875,33.0,9.31,7.08769
2021-07-04 07:00:00,IoTPond6,3,22.8125,98.0,3.133,7.59838
2021-07-04 07:00:00,IoTPond9,5,22.3125,100.0,8.634,7.53483
2021-07-04 07:00:00,IoTPond4,2,23.5,100.0,9.543,7.82536
2021-07-04 07:00:00,IoTPond3,1,22.8125,93.0,5.08,6.59516
2021-07-04 07:00:00,IoTPond2,0,23.4375,100.0,4.338,7.74819
2021-07-04 07:00:00,IoTPond7,4,23.625,33.0,9.4395,7.08542
2021-07-04 08:00:00,IoTPond2,0,23.4375,100.0,4.124,7.74365
2021-07-04 08:00:00,IoTPond4,2,23.5625,100.0,9.087,7.82536
2021-07-04 08:00:00,IoTPond7,4,23.6875,33.0,9.516,7.08088
2021-07-04 08:00:00,IoTPond9,5,22.3125,97.0,8.597000000000001,7.53483
2021-07-04 08:00:00,IoTPond3,1,22.8125,91.0,4.284,6.54069
2021-07-04 08:00:00,IoTPond6,3,22.875,96.0,5.332,7.58477
2021-07-04 09:00:00,IoTPond6,3,23.0,81.0,8.195,7.57115
2021-07-04 09:00:00,IoTPond9,5,22.4375,95.0,9.0365,7.53483
2021-07-04 09:00:00,IoTPond7,4,23.8125,33.0,9.293,7.06727
2021-07-04 09:00:00,IoTPond3,1,22.875,91.0,5.08,6.44536
2021-07-04 09:00:00,IoTPond2,0,23.5,100.0,7.0875,7.73911
2021-07-04 09:00:00,IoTPond4,2,23.625,100.0,8.73,7.82536
2021-07-04 10:00:00,IoTPond6,3,23.34375,88.5,10.208,7.56661
2021-07-04 10:00:00,IoTPond4,2,23.8125,100.0,7.61,7.82082
2021-07-04 10:00:00,IoTPond3,1,23.0625,81.0,5.534,6.18207
2021-07-04 10:00:00,IoTPond2,0,23.625,100.0,9.989,7.70279
2021-07-04 10:00:00,IoTPond7,4,23.9375,33.0,9.3015,7.04911
2021-07-04 10:00:00,IoTPond9,5,22.5,96.0,9.227,7.53029
2021-07-04 11:00:00,IoTPond3,1,23.375,86.0,8.529499999999999,6.20023
2021-07-04 11:00:00,IoTPond2,0,24.0625,100.0,10.945,7.70279
2021-07-04 11:00:00,IoTPond4,2,24.1875,100.0,6.922,7.81628
2021-07-04 11:00:00,IoTPond6,3,23.5625,94.0,11.537500000000001,7.57569
2021-07-04 11:00:00,IoTPond7,4,24.25,33.0,8.79,7.03549
2021-07-04 11:00:00,IoTPond9,5,22.9375,98.0,9.227,7.52121
2021-07-04 12:00:00,IoTPond4,2,24.5,100.0,7.032,7.81174
2021-07-04 12:00:00,IoTPond3,1,23.5625,90.0,9.056000000000001,6.32279
2021-07-04 12:00:00,IoTPond6,3,23.75,95.0,11.498,7.5893
2021-07-04 12:00:00,IoTPond2,0,24.25,100.0,11.224,7.70733
2021-07-04 12:00:00,IoTPond7,4,24.5625,33.0,9.111,7.02641
2021-07-04 12:00:00,IoTPond9,5,23.3125,96.0,9.227,7.52575
2021-07-04 13:00:00,IoTPond9,5,23.53125,94.0,9.227,7.52802
2021-07-04 13:00:00,IoTPond2,0,24.375,100.0,9.3985,7.71187
2021-07-04 13:00:00,IoTPond4,2,24.6875,100.0,5.6665,7.81174
2021-07-04 13:00:00,IoTPond7,4,24.8125,33.0,8.934,7.01733
2021-07-04 13:00:00,IoTPond3,1,23.6875,82.0,9.4755,6.38181
2021-07-04 13:00:00,IoTPond6,3,23.9375,95.0,11.319,7.59384
2021-07-04 14:00:00,IoTPond4,2,24.8125,100.0,6.381,7.8072
2021-07-04 14:00:00,IoTPond9,5,23.75,94.0,8.293,7.53029
2021-07-04 14:00:00,IoTPond2,0,24.53125,100.0,5.946,7.70733
2021-07-04 14:00:00,IoTPond3,1,23.8125,82.0,9.672,6.41812
2021-07-04 14:00:00,IoTPond7,4,25.0,33.0,8.967,7.01733
2021-07-04 14:00:00,IoTPond6,3,24.0,95.0,11.359,7.59838
2021-07-04 15:00:00,IoTPond2,0,24.71875,100.0,10.9875,7.70733
2021-07-04 15:00:00,IoTPond6,3,24.1875,92.0,10.201,7.60292
2021-07-04 15:00:00,IoTPond7,4,25.1875,33.0,8.618,7.02187
2021-07-04 15:00:00,IoTPond4,2,24.9375,100.0,6.5965,7.8072
2021-07-04 15:00:00,IoTPond9,5,24.0,94.0,9.227,7.53483
2021-07-04 15:00:00,IoTPond3,1,23.9375,84.0,9.935,6.44082
2021-07-04 16:00:00,IoTPond3,1,24.0625,86.0,8.156,6.499829999999999
2021-07-04 16:00:00,IoTPond6,3,24.3125,99.0,10.869,7.60746
2021-07-04 16:00:00,IoTPond7,4,25.3125,32.0,8.858,7.02187
2021-07-04 16:00:00,IoTPond4,2,25.0625,100.0,5.23,7.80266
2021-07-04 16:00:00,IoTPond9,5,24.125,96.0,9.227,7.53029
2021-07-04 16:00:00,IoTPond2,0,24.8125,100.0,9.77,7.70733
2021-07-04 17:00:00,IoTPond6,3,24.375,100.0,11.08,7.612
2021-07-04 17:00:00,IoTPond9,5,24.25,98.0,9.227,7.53483
2021-07-04 17:00:00,IoTPond3,1,24.1875,88.0,8.9545,6.56339
2021-07-04 17:00:00,IoTPond7,4,25.375,32.0,8.53,7.01279
2021-07-04 17:00:00,IoTPond2,0,24.9375,100.0,9.686,7.71187
2021-07-04 17:00:00,IoTPond4,2,25.125,100.0,7.016,7.80266
2021-07-04 18:00:00,IoTPond3,1,24.25,84.0,7.311,6.72227
2021-07-04 18:00:00,IoTPond7,4,25.375,32.0,10.42,7.03549
2021-07-04 18:00:00,IoTPond2,0,24.9375,100.0,11.025500000000001,7.71414
2021-07-04 18:00:00,IoTPond6,3,24.375,100.0,8.160499999999999,7.61654
2021-07-04 18:00:00,IoTPond9,5,24.3125,99.0,9.227,7.53483
2021-07-04 18:00:00,IoTPond4,2,25.1875,100.0,8.702,7.804930000000001
2021-07-04 19:00:00,IoTPond4,2,25.125,100.0,6.199,7.8072
2021-07-04 19:00:00,IoTPond9,5,24.25,99.0,9.227,7.53483
2021-07-04 19:00:00,IoTPond3,1,24.25,83.0,7.1375,6.85845
2021-07-04 19:00:00,IoTPond6,3,24.3125,100.0,6.651,7.62562
2021-07-04 19:00:00,IoTPond7,4,25.375,32.0,8.762,7.04911
2021-07-04 19:00:00,IoTPond2,0,24.9375,100.0,11.050999999999998,7.72549
2021-07-04 20:00:00,IoTPond6,3,24.25,100.0,5.071,7.6347
2021-07-04 20:00:00,IoTPond7,4,25.25,32.0,9.835,7.06273
2021-07-04 20:00:00,IoTPond4,2,25.0625,100.0,8.241,7.80266
2021-07-04 20:00:00,IoTPond3,1,24.1875,87.0,6.2669999999999995,7.38957
2021-07-04 20:00:00,IoTPond2,0,24.875,100.0,10.886,7.73003
2021-07-04 20:00:00,IoTPond9,5,24.1875,99.0,9.227,7.53483
2021-07-04 21:00:00,IoTPond9,5,24.0625,99.0,9.227,7.53483
2021-07-04 21:00:00,IoTPond3,1,24.0625,82.5,5.08,7.38049
2021-07-04 21:00:00,IoTPond2,0,24.75,100.0,10.564499999999999,7.73003
2021-07-04 21:00:00,IoTPond6,3,24.1875,100.0,3.913,7.64832
2021-07-04 21:00:00,IoTPond7,4,25.1875,32.0,8.586,7.06273
2021-07-04 21:00:00,IoTPond4,2,25.0,100.0,6.968,7.8072
2021-07-04 22:00:00,IoTPond4,2,24.875,100.0,9.584,7.8072
2021-07-04 22:00:00,IoTPond6,3,24.0625,100.0,3.9425,7.65286
2021-07-04 22:00:00,IoTPond7,4,25.125,33.0,8.354,7.06727
2021-07-04 22:00:00,IoTPond2,0,24.6875,100.0,10.036999999999999,7.73003
2021-07-04 22:00:00,IoTPond3,1,24.0,81.0,5.658,7.38049
2021-07-04 22:00:00,IoTPond9,5,23.9375,99.0,9.227,7.53483
2021-07-04 23:00:00,IoTPond9,5,23.84375,94.0,9.227,7.53483
2021-07-04 23:00:00,IoTPond2,0,24.625,100.0,8.5155,7.72549
2021-07-04 23:00:00,IoTPond3,1,23.9375,81.0,5.0885,7.37595
2021-07-04 23:00:00,IoTPond4,2,24.8125,100.0,12.145,7.80266
2021-07-04 23:00:00,IoTPond7,4,25.0,33.0,7.869,7.07181
2021-07-05 00:00:00,IoTPond2,0,24.625,100.0,7.666,7.72095
2021-07-06 14:00:00,IoTPond4,2,24.8125,99.0,2.442,7.77542
2021-07-06 14:00:00,IoTPond3,1,23.75,24.0,7.199,7.30786
2021-07-06 14:00:00,IoTPond7,4,24.8125,33.0,10.725,7.04003
2021-07-06 14:00:00,IoTPond2,0,24.5625,100.0,5.612,7.68009
2021-07-06 15:00:00,IoTPond9,5,23.8125,100.0,8.634,7.53029
2021-07-06 15:00:00,IoTPond2,0,24.5625,100.0,8.236,7.68463
2021-07-06 15:00:00,IoTPond7,4,24.90625,34.0,9.660499999999999,7.0423
2021-07-06 15:00:00,IoTPond3,1,23.75,24.5,7.1185,7.31013
2021-07-06 15:00:00,IoTPond4,2,24.78125,99.0,4.289,7.78904
2021-07-07 09:00:00,IoTPond6,3,23.6875,93.0,3.436,7.65286
2021-07-07 10:00:00,IoTPond4,2,24.4375,99.0,3.49,7.76634
2021-07-07 10:00:00,IoTPond2,0,24.25,100.0,6.829000000000001,7.64832
2021-07-07 10:00:00,IoTPond6,3,23.8125,88.0,5.0255,7.65286
2021-07-07 10:00:00,IoTPond7,4,24.625,33.0,2.299,7.01733
2021-07-07 10:00:00,IoTPond9,5,23.375,86.0,9.227,7.47128
2021-07-07 10:00:00,IoTPond3,1,23.625,35.0,6.811,7.3124
2021-07-07 11:00:00,IoTPond4,2,24.625,98.0,6.119,7.75727
2021-07-07 11:00:00,IoTPond6,3,24.125,86.0,9.749500000000001,7.65286
2021-07-07 11:00:00,IoTPond7,4,24.75,33.0,6.1114999999999995,7.01279
2021-07-07 11:00:00,IoTPond9,5,23.5,84.0,9.227,7.46674
2021-07-07 11:00:00,IoTPond3,1,23.75,30.0,9.8325,7.31013
2021-07-07 11:00:00,IoTPond2,0,24.375,100.0,9.077,7.63924
2021-07-07 12:00:00,IoTPond4,2,25.0625,98.0,6.119,7.75273
2021-07-07 12:00:00,IoTPond9,5,24.0,83.0,8.404499999999999,7.45993
2021-07-07 12:00:00,IoTPond3,1,24.0625,31.0,9.551,7.30786
2021-07-07 12:00:00,IoTPond7,4,25.3125,34.0,8.746,6.99917
2021-07-07 12:00:00,IoTPond6,3,24.375,94.0,9.283999999999999,7.6574
2021-07-07 12:00:00,IoTPond2,0,24.8125,100.0,8.177,7.6347
2021-07-07 13:00:00,IoTPond9,5,24.4375,81.0,7.26,7.46674
2021-07-07 13:00:00,IoTPond6,3,24.5625,96.0,7.4885,7.66194
2021-07-07 13:00:00,IoTPond2,0,25.0,100.0,11.405,7.63924
2021-07-07 13:00:00,IoTPond7,4,25.6875,34.0,10.492,6.99464
2021-07-07 13:00:00,IoTPond4,2,25.3125,99.0,6.391,7.74819
2021-07-07 13:00:00,IoTPond3,1,24.1875,33.0,9.69,7.30332
2021-07-07 14:00:00,IoTPond9,5,24.84375,80.0,8.657499999999999,7.46674
2021-07-07 14:00:00,IoTPond6,3,24.6875,95.0,6.3345,7.66648
2021-07-07 14:00:00,IoTPond2,0,25.25,100.0,9.859,7.63924
2021-07-07 14:00:00,IoTPond4,2,25.5,99.0,6.375,7.74365
2021-07-07 14:00:00,IoTPond7,4,26.09375,34.0,10.942,6.98102
2021-07-07 14:00:00,IoTPond3,1,24.3125,33.0,11.131,7.30332
2021-07-07 15:00:00,IoTPond7,4,26.1875,34.0,10.501,6.97648
2021-07-07 15:00:00,IoTPond2,0,25.375,100.0,11.293,7.6347
2021-07-07 15:00:00,IoTPond4,2,25.6875,99.0,7.985,7.74365
2021-07-07 15:00:00,IoTPond3,1,24.5,32.0,9.922,7.29424
2021-07-07 15:00:00,IoTPond6,3,24.875,92.0,4.073,7.66648
2021-07-07 15:00:00,IoTPond9,5,25.0625,78.0,9.227,7.47582
2021-07-07 16:00:00,IoTPond7,4,26.3125,34.0,10.4435,6.97648
2021-07-07 16:00:00,IoTPond3,1,24.625,27.0,9.517,7.29424
2021-07-07 16:00:00,IoTPond9,5,25.1875,84.0,9.227,7.47582
2021-07-07 16:00:00,IoTPond4,2,25.8125,100.0,6.3309999999999995,7.74365
2021-07-07 16:00:00,IoTPond2,0,25.5625,100.0,10.773,7.63016
2021-07-07 16:00:00,IoTPond6,3,25.0625,97.0,3.42,7.67555
2021-07-07 17:00:00,IoTPond4,2,25.875,100.0,3.74,7.74365
2021-07-07 17:00:00,IoTPond6,3,25.0625,100.0,1.854,7.68009
2021-07-07 17:00:00,IoTPond9,5,25.3125,86.0,9.227,7.47582
2021-07-07 17:00:00,IoTPond7,4,26.375,34.0,9.6705,6.97648
2021-07-07 17:00:00,IoTPond3,1,24.75,27.0,8.19,7.2897
2021-07-07 17:00:00,IoTPond2,0,25.6875,100.0,10.46,7.63924
2021-07-07 18:00:00,IoTPond3,1,24.8125,26.0,6.381,7.2897
2021-07-07 18:00:00,IoTPond4,2,25.9375,100.0,3.8,7.74365
2021-07-07 18:00:00,IoTPond9,5,25.3125,85.0,9.227,7.4849
2021-07-07 18:00:00,IoTPond7,4,26.375,34.0,8.6845,6.98556
2021-07-07 18:00:00,IoTPond6,3,25.0625,100.0,3.876,7.68009
2021-07-07 18:00:00,IoTPond2,0,25.6875,100.0,8.241,7.64832
2021-07-07 19:00:00,IoTPond2,0,25.625,100.0,6.4030000000000005,7.6574
2021-07-07 19:00:00,IoTPond3,1,24.8125,29.0,5.08,7.29424
2021-07-07 19:00:00,IoTPond6,3,25.0,100.0,6.436,7.68463
2021-07-07 19:00:00,IoTPond4,2,25.875,100.0,2.907,7.74365
2021-07-07 19:00:00,IoTPond9,5,25.1875,83.0,9.227,7.4849
2021-07-07 19:00:00,IoTPond7,4,26.1875,34.0,6.701,6.99917
2021-07-07 20:00:00,IoTPond7,4,26.0625,34.0,6.076,7.00371
2021-07-07 20:00:00,IoTPond9,5,25.0625,82.0,8.9865,7.4849
2021-07-07 20:00:00,IoTPond2,0,25.5625,100.0,2.963,7.6574
2021-07-07 20:00:00,IoTPond3,1,24.75,29.0,5.08,7.29878
2021-07-07 20:00:00,IoTPond4,2,25.75,100.0,2.202,7.74365
2021-07-07 20:00:00,IoTPond6,3,24.9375,100.0,8.604,7.69371
2021-07-07 21:00:00,IoTPond9,5,25.0,83.0,8.514,7.4849
2021-07-07 21:00:00,IoTPond4,2,25.6875,100.0,2.667,7.74365
2021-07-07 21:00:00,IoTPond3,1,24.6875,16.0,8.807,7.30332
2021-07-07 21:00:00,IoTPond6,3,24.875,100.0,5.7635000000000005,7.70733
2021-07-07 21:00:00,IoTPond7,4,26.0,34.0,5.353,7.00371
2021-07-07 21:00:00,IoTPond2,0,25.5,100.0,4.901,7.65286
2021-07-07 22:00:00,IoTPond4,2,25.625,100.0,2.927,7.74365
2021-07-07 22:00:00,IoTPond9,5,24.875,77.0,9.056000000000001,7.47809
2021-07-07 22:00:00,IoTPond3,1,24.625,15.0,8.984,7.30786
2021-07-07 22:00:00,IoTPond6,3,24.75,100.0,9.542,7.70733
2021-07-07 22:00:00,IoTPond7,4,25.9375,34.0,4.621,7.00371
2021-07-07 22:00:00,IoTPond2,0,25.4375,100.0,6.92,7.6574
2021-07-07 23:00:00,IoTPond7,4,25.8125,34.0,2.851,7.00371
2021-07-07 23:00:00,IoTPond3,1,24.5625,15.0,7.353,7.30786
2021-07-07 23:00:00,IoTPond9,5,24.75,77.0,7.319,7.48036
2021-07-07 23:00:00,IoTPond2,0,25.3125,100.0,6.912,7.6574
2021-07-07 23:00:00,IoTPond6,3,24.6875,100.0,4.606,7.71187
2021-07-07 23:00:00,IoTPond4,2,25.5,100.0,3.8165,7.74365
2021-07-08 00:00:00,IoTPond7,4,25.75,34.0,2.971,7.00371
2021-07-08 00:00:00,IoTPond9,5,24.6875,75.0,6.102,7.47582
2021-07-08 00:00:00,IoTPond3,1,24.5,13.5,6.5329999999999995,7.31013
2021-07-08 00:00:00,IoTPond2,0,25.25,100.0,4.133,7.6574
2021-07-08 00:00:00,IoTPond6,3,24.625,100.0,6.7989999999999995,7.7232199999999995
2021-07-08 00:00:00,IoTPond4,2,25.4375,100.0,2.186,7.74365
2021-07-08 01:00:00,IoTPond4,2,25.375,100.0,5.486,7.74365
2021-07-08 01:00:00,IoTPond3,1,24.4375,15.0,5.612,7.30786
2021-07-08 01:00:00,IoTPond6,3,24.5625,100.0,4.627000000000001,7.7232199999999995
2021-07-08 01:00:00,IoTPond7,4,25.625,33.0,1.97,7.01279
2021-07-08 01:00:00,IoTPond2,0,25.1875,100.0,3.2555,7.6574
2021-07-08 01:00:00,IoTPond9,5,24.5625,74.0,4.733,7.47582
2021-07-08 02:00:00,IoTPond4,2,25.3125,100.0,6.5435,7.73911
2021-07-08 02:00:00,IoTPond7,4,25.5,33.0,3.1035,7.00371
2021-07-08 02:00:00,IoTPond6,3,24.5,100.0,4.488,7.73003
2021-07-08 02:00:00,IoTPond3,1,24.375,15.0,7.167,7.3124
2021-07-08 02:00:00,IoTPond2,0,25.125,100.0,7.793,7.65286
2021-07-08 02:00:00,IoTPond9,5,24.4375,74.0,4.116,7.47582
2021-07-08 03:00:00,IoTPond6,3,24.375,100.0,10.104,7.73911
2021-07-08 03:00:00,IoTPond4,2,25.25,100.0,4.717,7.74365
2021-07-08 03:00:00,IoTPond3,1,24.3125,15.0,7.560499999999999,7.3124
2021-07-08 03:00:00,IoTPond2,0,25.0625,100.0,5.63,7.65286
2021-07-08 03:00:00,IoTPond7,4,25.4375,33.0,1.73,7.01052
2021-07-08 03:00:00,IoTPond9,5,24.3125,75.0,4.285,7.47128
2021-07-08 04:00:00,IoTPond2,0,25.0,100.0,6.711,7.65286
2021-07-08 04:00:00,IoTPond6,3,24.3125,100.0,6.381,7.73003
2021-07-08 04:00:00,IoTPond3,1,24.25,14.0,5.172499999999999,7.3124
2021-07-08 04:00:00,IoTPond4,2,25.1875,100.0,4.545,7.74365
2021-07-08 04:00:00,IoTPond7,4,25.375,33.0,1.874,7.00825
2021-07-08 04:00:00,IoTPond9,5,24.25,77.0,8.634,7.47582
2021-07-08 05:00:00,IoTPond3,1,24.21875,13.5,11.203,7.31467
2021-07-08 05:00:00,IoTPond4,2,25.0625,100.0,6.407,7.74819
2021-07-08 05:00:00,IoTPond2,0,24.9375,100.0,11.41,7.65286
2021-07-08 05:00:00,IoTPond6,3,24.3125,100.0,5.2775,7.73003
2021-07-08 05:00:00,IoTPond9,5,24.1875,77.0,8.634,7.47582
2021-07-08 05:00:00,IoTPond7,4,25.3125,33.0,9.042,7.00371
2021-07-08 06:00:00,IoTPond9,5,24.0625,81.0,8.914,7.47128
2021-07-08 06:00:00,IoTPond7,4,25.25,33.0,9.099,7.00825
2021-07-08 06:00:00,IoTPond3,1,24.1875,14.0,9.187,7.3124
2021-07-08 06:00:00,IoTPond2,0,24.875,100.0,6.4275,7.65513
2021-07-08 06:00:00,IoTPond6,3,24.25,100.0,6.651,7.73911
2021-07-08 06:00:00,IoTPond4,2,25.0,100.0,4.501,7.74365
2021-07-08 07:00:00,IoTPond7,4,25.1875,33.0,5.102,7.01279
2021-07-08 07:00:00,IoTPond3,1,24.125,14.0,7.911,7.3124
2021-07-08 07:00:00,IoTPond6,3,24.1875,99.0,5.468,7.74819
2021-07-08 07:00:00,IoTPond9,5,24.0625,84.0,9.227,7.47128
2021-07-08 07:00:00,IoTPond2,0,24.8125,100.0,6.714499999999999,7.64832
2021-07-08 07:00:00,IoTPond4,2,24.9375,100.0,3.114,7.74365
2021-07-08 08:00:00,IoTPond6,3,24.1875,99.0,8.68,7.73684
2021-07-08 08:00:00,IoTPond4,2,24.9375,100.0,6.601,7.73911
2021-07-08 08:00:00,IoTPond2,0,24.8125,100.0,3.059,7.64832
2021-07-08 08:00:00,IoTPond9,5,24.0,80.0,8.634,7.46674
2021-07-08 08:00:00,IoTPond7,4,25.1875,33.0,6.832,7.00371
2021-07-08 08:00:00,IoTPond3,1,24.0625,13.0,11.089,7.31694
2021-07-08 09:00:00,IoTPond4,2,25.0,100.0,6.4115,7.73911
2021-07-08 09:00:00,IoTPond3,1,24.0625,14.0,10.425,7.3124
2021-07-08 09:00:00,IoTPond7,4,25.25,33.0,2.09,6.99917
2021-07-08 09:00:00,IoTPond6,3,24.3125,96.0,2.975,7.72549
2021-07-08 09:00:00,IoTPond2,0,24.8125,100.0,4.479,7.63924
2021-07-08 09:00:00,IoTPond9,5,24.0625,76.0,8.2605,7.4622
2021-07-08 10:00:00,IoTPond2,0,24.9375,100.0,5.092499999999999,7.612
2021-07-08 10:00:00,IoTPond3,1,24.25,15.0,5.08,7.3124
2021-07-08 10:00:00,IoTPond7,4,25.375,33.0,2.4905,6.99464
2021-07-08 10:00:00,IoTPond6,3,24.625,85.0,7.074,7.72549
2021-07-08 10:00:00,IoTPond9,5,24.125,75.0,8.623000000000001,7.4553899999999995
2021-07-08 10:00:00,IoTPond4,2,25.1875,98.0,2.531,7.73911
2021-07-08 11:00:00,IoTPond3,1,24.5,14.0,7.64,7.30786
2021-07-08 11:00:00,IoTPond6,3,24.9375,88.5,10.120999999999999,7.73003
2021-07-08 11:00:00,IoTPond7,4,25.6875,33.0,3.996,6.98102
2021-07-08 11:00:00,IoTPond9,5,24.5,75.0,9.227,7.4395
2021-07-08 11:00:00,IoTPond2,0,25.25,100.0,10.164,7.60746
2021-07-08 11:00:00,IoTPond4,2,25.4375,97.0,7.264,7.73003
2021-07-08 12:00:00,IoTPond4,2,25.875,98.0,8.9375,7.73003
2021-07-08 12:00:00,IoTPond7,4,26.125,33.0,9.031,6.96286
2021-07-08 12:00:00,IoTPond6,3,25.1875,95.0,10.476,7.73457
2021-07-08 12:00:00,IoTPond9,5,24.9375,76.0,8.682,7.44858
2021-07-08 12:00:00,IoTPond3,1,24.75,14.0,10.1125,7.29424
2021-07-08 12:00:00,IoTPond2,0,25.53125,100.0,11.773499999999999,7.60519
2021-07-08 13:00:00,IoTPond2,0,25.875,100.0,11.109,7.60746
2021-07-08 13:00:00,IoTPond7,4,26.6875,33.0,10.408999999999999,6.95378
2021-07-08 13:00:00,IoTPond4,2,26.25,99.0,7.968500000000001,7.72549
2021-07-08 13:00:00,IoTPond6,3,25.375,95.5,8.758,7.73911
2021-07-08 13:00:00,IoTPond3,1,24.9375,15.0,9.7365,7.2897
2021-07-08 13:00:00,IoTPond9,5,25.46875,75.0,9.163,7.4395
2021-07-08 14:00:00,IoTPond9,5,25.6875,73.5,9.8515,7.45312
2021-07-08 14:00:00,IoTPond7,4,27.0,34.0,7.207,6.95378
2021-07-08 14:00:00,IoTPond2,0,26.0625,100.0,8.589,7.612
2021-07-08 14:00:00,IoTPond4,2,26.375,99.0,6.236,7.72095
2021-07-08 14:00:00,IoTPond3,1,25.03125,13.0,9.915,7.2897
2021-07-08 14:00:00,IoTPond6,3,25.5,97.0,6.207,7.74365
2021-07-08 15:00:00,IoTPond6,3,25.5625,98.0,4.1165,7.74592
2021-07-08 15:00:00,IoTPond9,5,26.0,72.0,9.742,7.45766
2021-07-08 15:00:00,IoTPond2,0,26.25,100.0,11.3115,7.612
2021-07-08 15:00:00,IoTPond4,2,26.5625,100.0,7.805,7.72095
2021-07-08 15:00:00,IoTPond3,1,25.125,12.0,7.777,7.2897
2021-07-08 15:00:00,IoTPond7,4,27.1875,34.0,10.9515,6.95832
2021-07-08 16:00:00,IoTPond2,0,26.25,100.0,8.909,7.62108
2021-07-08 16:00:00,IoTPond4,2,26.625,100.0,6.114,7.72095
2021-07-08 16:00:00,IoTPond3,1,25.1875,13.0,5.734,7.2897
2021-07-08 16:00:00,IoTPond6,3,25.5625,100.0,2.29,7.75273
2021-07-08 16:00:00,IoTPond7,4,27.125,34.0,9.609,6.9674
2021-07-08 16:00:00,IoTPond9,5,26.0,73.0,8.102,7.45766
2021-07-08 17:00:00,IoTPond4,2,26.5,100.0,3.533,7.72095
2021-07-08 17:00:00,IoTPond2,0,26.1875,100.0,7.112,7.63924
2021-07-08 17:00:00,IoTPond6,3,25.375,100.0,1.505,7.75727
2021-07-08 17:00:00,IoTPond7,4,26.875,34.0,7.904,6.98329
2021-07-08 17:00:00,IoTPond9,5,25.875,73.0,7.4085,7.46674
2021-07-08 17:00:00,IoTPond3,1,25.125,11.0,5.08,7.29424
2021-07-08 18:00:00,IoTPond4,2,26.25,100.0,3.122,7.72549
2021-07-08 18:00:00,IoTPond7,4,26.6875,34.0,6.004,6.99464
2021-07-08 18:00:00,IoTPond9,5,25.5625,74.0,9.439,7.46674
2021-07-08 18:00:00,IoTPond2,0,26.0,100.0,3.8375000000000004,7.6347
2021-07-08 18:00:00,IoTPond6,3,25.25,100.0,8.157499999999999,7.75727
2021-07-08 18:00:00,IoTPond3,1,25.0,13.0,3.34,7.30332
2021-07-08 19:00:00,IoTPond7,4,26.5,34.0,3.122,6.99464
2021-07-08 19:00:00,IoTPond2,0,25.90625,100.0,11.886,7.632429999999999
2021-07-08 19:00:00,IoTPond3,1,24.9375,15.0,11.292,7.30786
2021-07-08 19:00:00,IoTPond4,2,26.1875,100.0,3.777,7.72095
2021-07-08 19:00:00,IoTPond9,5,25.4375,76.0,11.397,7.46674
2021-07-08 19:00:00,IoTPond6,3,25.125,100.0,6.664,7.76634
2021-07-08 20:00:00,IoTPond2,0,25.75,100.0,7.673,7.6347
2021-07-08 20:00:00,IoTPond9,5,25.3125,79.5,9.0425,7.46901
2021-07-08 20:00:00,IoTPond7,4,26.375,34.0,1.926,6.99917
2021-07-08 20:00:00,IoTPond4,2,26.0,100.0,4.477,7.72095
2021-07-08 20:00:00,IoTPond3,1,24.875,14.0,8.469,7.30786
2021-07-08 20:00:00,IoTPond6,3,25.0625,100.0,5.401999999999999,7.76634
2021-07-08 21:00:00,IoTPond6,3,24.9375,100.0,4.9575,7.76634
2021-07-08 21:00:00,IoTPond9,5,25.125,80.0,7.36,7.47128
2021-07-08 21:00:00,IoTPond3,1,24.75,15.0,8.57,7.30786
2021-07-08 21:00:00,IoTPond7,4,26.1875,34.0,2.8095,6.99464
2021-07-08 21:00:00,IoTPond2,0,25.625,100.0,4.221,7.6347
2021-07-08 21:00:00,IoTPond4,2,25.875,100.0,3.596,7.72095
2021-07-08 22:00:00,IoTPond7,4,26.0625,34.0,5.17,6.99464
2021-07-08 22:00:00,IoTPond4,2,25.75,100.0,4.917,7.72095
2021-07-08 22:00:00,IoTPond2,0,25.5,100.0,6.147,7.6347
2021-07-08 22:00:00,IoTPond6,3,24.8125,100.0,6.047000000000001,7.77315
2021-07-08 22:00:00,IoTPond3,1,24.625,14.0,6.7059999999999995,7.31013
2021-07-08 22:00:00,IoTPond9,5,24.9375,83.0,7.776,7.46674
2021-07-08 23:00:00,IoTPond3,1,24.53125,15.5,5.519,7.3124
2021-07-08 23:00:00,IoTPond4,2,25.625,100.0,2.3705,7.72095
2021-07-08 23:00:00,IoTPond7,4,25.875,34.0,8.81,6.99464
2021-07-08 23:00:00,IoTPond9,5,24.75,80.0,6.406,7.46674
2021-07-08 23:00:00,IoTPond2,0,25.40625,100.0,8.013,7.63016
2021-07-08 23:00:00,IoTPond6,3,24.6875,100.0,7.3870000000000005,7.77088
2021-07-09 00:00:00,IoTPond7,4,25.75,34.0,5.47,6.99464
2021-07-09 00:00:00,IoTPond3,1,24.4375,18.0,5.4005,7.3124
2021-07-09 00:00:00,IoTPond6,3,24.625,100.0,1.589,7.77542
2021-07-09 00:00:00,IoTPond2,0,25.3125,100.0,7.977,7.63016
2021-07-09 00:00:00,IoTPond9,5,24.625,82.0,5.814500000000001,7.4622
2021-07-09 00:00:00,IoTPond4,2,25.5,100.0,2.747,7.72095
2021-07-09 01:00:00,IoTPond9,5,24.5,83.0,3.795,7.45766
2021-07-09 01:00:00,IoTPond4,2,25.375,100.0,3.291,7.72095
2021-07-09 01:00:00,IoTPond7,4,25.6875,34.0,6.884,6.99464
2021-07-09 01:00:00,IoTPond3,1,24.375,18.0,7.9195,7.3124
2021-07-09 01:00:00,IoTPond6,3,24.5625,100.0,1.191,7.77542
2021-07-09 01:00:00,IoTPond2,0,25.1875,100.0,6.319,7.62562
2021-07-09 02:00:00,IoTPond6,3,24.5,100.0,4.0355,7.78223
2021-07-09 02:00:00,IoTPond2,0,25.125,100.0,2.6505,7.632429999999999
2021-07-09 02:00:00,IoTPond4,2,25.28125,100.0,2.3579999999999997,7.72549
2021-07-09 02:00:00,IoTPond3,1,24.3125,19.0,13.075,7.30332
2021-07-09 02:00:00,IoTPond7,4,25.5625,33.0,4.725,6.99917
2021-07-09 02:00:00,IoTPond9,5,24.375,86.0,2.299,7.45766
2021-07-09 03:00:00,IoTPond4,2,25.25,100.0,3.9079999999999995,7.72095
2021-07-09 03:00:00,IoTPond9,5,24.3125,86.0,1.808,7.45766
2021-07-09 03:00:00,IoTPond3,1,24.25,27.0,12.2975,7.30786
2021-07-09 03:00:00,IoTPond6,3,24.4375,100.0,2.324,7.77542
2021-07-09 03:00:00,IoTPond7,4,25.4375,34.0,1.2730000000000001,6.99464
2021-07-09 04:00:00,IoTPond9,5,24.1875,87.0,1.4155,7.45766
2021-07-09 04:00:00,IoTPond2,0,24.9375,100.0,4.753500000000001,7.62562
2021-07-09 04:00:00,IoTPond4,2,25.125,100.0,4.221,7.72095
2021-07-09 04:00:00,IoTPond6,3,24.3125,100.0,5.654,7.78223
2021-07-09 04:00:00,IoTPond7,4,25.375,34.0,7.064,6.98556
2021-07-09 04:00:00,IoTPond3,1,24.1875,36.0,6.947,7.30786
2021-07-09 05:00:00,IoTPond3,1,24.125,25.0,9.745000000000001,7.3055900000000005
2021-07-09 05:00:00,IoTPond9,5,24.125,84.0,8.634,7.45766
2021-07-09 05:00:00,IoTPond2,0,24.9375,100.0,6.077,7.63924
2021-07-09 05:00:00,IoTPond4,2,25.0625,100.0,4.181,7.72549
2021-07-09 05:00:00,IoTPond6,3,24.25,100.0,6.943,7.77769
2021-07-09 05:00:00,IoTPond7,4,25.25,33.0,8.2015,6.98102
2021-07-09 06:00:00,IoTPond3,1,24.0625,29.0,12.517,7.30786
2021-07-09 06:00:00,IoTPond7,4,25.1875,34.0,6.111,6.98102
2021-07-09 06:00:00,IoTPond2,0,24.8125,100.0,6.005,7.62789
2021-07-09 06:00:00,IoTPond9,5,24.0,85.0,8.634,7.45766
2021-07-09 06:00:00,IoTPond4,2,25.0,100.0,4.741,7.73003
2021-07-09 06:00:00,IoTPond6,3,24.1875,100.0,11.148,7.77996
2021-07-09 07:00:00,IoTPond4,2,24.9375,100.0,10.9075,7.72549
2021-07-09 07:00:00,IoTPond6,3,24.1875,99.0,8.0715,7.77315
2021-07-09 07:00:00,IoTPond7,4,25.125,33.5,7.548500000000001,6.97648
2021-07-09 07:00:00,IoTPond3,1,24.0,31.0,8.114,7.3124
2021-07-09 07:00:00,IoTPond9,5,23.9375,84.0,8.634,7.45312
2021-07-09 07:00:00,IoTPond2,0,24.75,100.0,10.1675,7.62108
2021-07-09 08:00:00,IoTPond6,3,24.25,97.0,5.443,7.77996
2021-07-09 08:00:00,IoTPond4,2,24.9375,100.0,6.2545,7.72549
2021-07-09 08:00:00,IoTPond3,1,24.0,18.0,7.839,7.31694
2021-07-09 08:00:00,IoTPond7,4,25.1875,34.0,4.221,6.9674
2021-07-09 08:00:00,IoTPond9,5,23.9375,82.0,2.99,7.44858
2021-07-09 08:00:00,IoTPond2,0,24.75,100.0,6.4615,7.61881
2021-07-09 09:00:00,IoTPond3,1,24.0625,20.0,11.359,7.3124
2021-07-09 09:00:00,IoTPond2,0,24.8125,100.0,5.612,7.61654
2021-07-09 09:00:00,IoTPond6,3,24.25,93.0,4.073,7.77542
2021-07-09 09:00:00,IoTPond9,5,24.0,87.0,3.44,7.44858
2021-07-09 09:00:00,IoTPond7,4,25.1875,34.0,3.1155,6.9674
2021-07-09 09:00:00,IoTPond4,2,24.9375,100.0,8.371500000000001,7.72549
2021-07-09 10:00:00,IoTPond4,2,24.9375,99.5,3.8455,7.7232199999999995
2021-07-09 10:00:00,IoTPond6,3,24.375,90.5,2.3070000000000004,7.76634
2021-07-09 10:00:00,IoTPond2,0,24.875,100.0,2.358,7.612
2021-07-09 10:00:00,IoTPond9,5,24.0625,85.0,5.2780000000000005,7.44404
2021-07-09 10:00:00,IoTPond7,4,25.3125,34.0,1.842,6.95832
2021-07-09 10:00:00,IoTPond3,1,24.125,24.0,12.331,7.3124
2021-07-09 11:00:00,IoTPond7,4,25.5,34.0,4.016,6.95378
2021-07-09 11:00:00,IoTPond2,0,24.9375,100.0,4.488,7.60746
2021-07-09 11:00:00,IoTPond9,5,24.1875,84.0,9.5,7.43496
2021-07-09 11:00:00,IoTPond6,3,24.5625,96.0,3.3,7.76634
2021-07-09 11:00:00,IoTPond3,1,24.1875,22.0,11.385,7.3124
2021-07-09 12:00:00,IoTPond2,0,25.125,100.0,6.111,7.60746
2021-07-09 12:00:00,IoTPond7,4,25.75,34.0,8.133,6.95378
2021-07-09 12:00:00,IoTPond6,3,24.5625,98.5,2.6705,7.77996
2021-07-09 12:00:00,IoTPond3,1,24.3125,27.0,7.759,7.30332
2021-07-09 12:00:00,IoTPond9,5,24.5,86.0,12.568,7.43042
2021-07-09 13:00:00,IoTPond9,5,24.5,88.0,12.7705,7.44858
2021-07-09 13:00:00,IoTPond3,1,24.3125,28.0,7.539,7.30332
2021-07-09 13:00:00,IoTPond7,4,25.6875,34.0,8.354,6.9674
2021-07-09 13:00:00,IoTPond2,0,25.125,100.0,1.754,7.61654
2021-07-09 13:00:00,IoTPond6,3,24.5625,97.5,1.542,7.77542
2021-07-09 14:00:00,IoTPond2,0,25.125,100.0,1.617,7.61654
2021-07-09 14:00:00,IoTPond9,5,24.5625,89.0,12.188,7.44858
2021-07-09 14:00:00,IoTPond3,1,24.3125,31.0,7.484,7.30786
2021-07-09 14:00:00,IoTPond6,3,24.5,99.0,2.484,7.77542
2021-07-09 14:00:00,IoTPond7,4,25.75,33.0,8.818,6.96286
2021-07-09 15:00:00,IoTPond6,3,24.5,100.0,1.318,7.77542
2021-07-09 15:00:00,IoTPond2,0,25.0625,100.0,6.6835,7.612
2021-07-09 15:00:00,IoTPond9,5,24.5,89.0,10.235,7.44858
2021-07-09 15:00:00,IoTPond3,1,24.25,25.0,5.08,7.31013
2021-07-09 15:00:00,IoTPond7,4,25.6875,33.0,6.843999999999999,6.96059
2021-07-09 16:00:00,IoTPond9,5,24.5,89.0,11.224,7.44404
2021-07-09 16:00:00,IoTPond3,1,24.25,27.5,5.08,7.30786
2021-07-09 16:00:00,IoTPond6,3,24.4375,100.0,1.707,7.77996
2021-07-09 16:00:00,IoTPond2,0,25.0625,100.0,6.952,7.612
2021-07-09 16:00:00,IoTPond4,2,25.375,100.0,8.378,7.72095
2021-07-09 16:00:00,IoTPond7,4,25.625,32.0,10.448,6.956049999999999
2021-07-09 17:00:00,IoTPond4,2,25.3125,100.0,4.06,7.71187
2021-07-09 17:00:00,IoTPond7,4,25.625,32.0,7.769,6.95832
2021-07-09 17:00:00,IoTPond2,0,25.0625,100.0,6.888,7.612
2021-07-09 17:00:00,IoTPond6,3,24.375,100.0,4.124,7.77542
2021-07-09 17:00:00,IoTPond3,1,24.1875,29.0,8.942,7.30786
2021-07-09 17:00:00,IoTPond9,5,24.4375,92.0,9.227,7.44404
2021-07-09 18:00:00,IoTPond2,0,25.0,100.0,5.518,7.612
2021-07-09 18:00:00,IoTPond3,1,24.1875,30.0,11.072,7.30786
2021-07-09 18:00:00,IoTPond7,4,25.5625,33.0,7.489,6.95832
2021-07-09 18:00:00,IoTPond4,2,25.25,100.0,3.4035,7.7096
2021-07-09 18:00:00,IoTPond6,3,24.3125,100.0,7.209,7.7845
2021-07-09 18:00:00,IoTPond9,5,24.3125,93.0,9.227,7.44404
2021-07-09 19:00:00,IoTPond6,3,24.25,100.0,5.95,7.78223
2021-07-09 19:00:00,IoTPond4,2,25.1875,100.0,3.528,7.71187
2021-07-09 19:00:00,IoTPond3,1,24.0625,33.0,10.286,7.3124
2021-07-09 19:00:00,IoTPond2,0,24.875,100.0,6.094,7.61654
2021-07-09 19:00:00,IoTPond7,4,25.4375,32.0,6.728,6.95378
2021-07-09 19:00:00,IoTPond9,5,24.25,93.0,9.227,7.44858
2021-07-09 20:00:00,IoTPond9,5,24.125,95.0,8.634,7.44858
2021-07-09 20:00:00,IoTPond7,4,25.375,32.0,7.176,6.95378
2021-07-09 20:00:00,IoTPond4,2,25.0625,100.0,2.747,7.71641
2021-07-09 20:00:00,IoTPond3,1,24.0,27.5,10.3955,7.3124
2021-07-09 20:00:00,IoTPond2,0,24.8125,100.0,5.874,7.61654
2021-07-09 20:00:00,IoTPond6,3,24.1875,100.0,1.149,7.7845
2021-07-09 21:00:00,IoTPond4,2,25.0,100.0,3.604,7.71187
2021-07-09 21:00:00,IoTPond6,3,24.0625,100.0,8.6715,7.77996
2021-07-09 21:00:00,IoTPond9,5,24.0625,94.0,8.426,7.44404
2021-07-09 21:00:00,IoTPond3,1,24.0,28.0,10.159,7.3124
2021-07-09 21:00:00,IoTPond7,4,25.25,32.0,6.475,6.95378
2021-07-09 21:00:00,IoTPond2,0,24.75,100.0,8.452,7.612
2021-07-09 22:00:00,IoTPond3,1,23.875,28.0,10.632,7.3124
2021-07-09 22:00:00,IoTPond4,2,24.9375,100.0,2.958,7.71187
2021-07-09 22:00:00,IoTPond7,4,25.1875,33.0,5.975,6.95378
2021-07-09 22:00:00,IoTPond2,0,24.6875,100.0,6.178,7.612
2021-07-09 22:00:00,IoTPond6,3,24.0,100.0,6.867000000000001,7.77996
2021-07-09 22:00:00,IoTPond9,5,23.9375,94.0,8.436,7.44404
2021-07-09 23:00:00,IoTPond2,0,24.5625,100.0,5.5735,7.612
2021-07-09 23:00:00,IoTPond3,1,23.8125,27.0,10.998000000000001,7.3124
2021-07-09 23:00:00,IoTPond7,4,25.0625,33.0,5.558,6.95378
2021-07-09 23:00:00,IoTPond4,2,24.8125,100.0,2.67,7.71187
2021-07-09 23:00:00,IoTPond6,3,23.9375,100.0,7.276,7.78223
2021-07-09 23:00:00,IoTPond9,5,23.8125,92.0,8.51,7.44404
2021-07-10 00:00:00,IoTPond7,4,25.0,33.0,5.342,6.95378
2021-07-10 00:00:00,IoTPond3,1,23.75,28.0,11.2115,7.3124
2021-07-10 00:00:00,IoTPond9,5,23.75,93.0,8.634,7.4395
2021-07-10 00:00:00,IoTPond4,2,24.75,100.0,5.265,7.71187
2021-07-10 00:00:00,IoTPond2,0,24.5,100.0,4.6015,7.612
2021-07-10 00:00:00,IoTPond6,3,23.8125,100.0,7.2170000000000005,7.7845
2021-07-10 01:00:00,IoTPond6,3,23.75,100.0,5.427,7.7845
2021-07-10 01:00:00,IoTPond4,2,24.6875,100.0,3.811,7.71187
2021-07-10 01:00:00,IoTPond2,0,24.4375,100.0,5.155,7.612
2021-07-10 01:00:00,IoTPond7,4,24.875,33.0,5.35,6.95378
2021-07-10 01:00:00,IoTPond9,5,23.625,95.0,8.634,7.44858
2021-07-10 01:00:00,IoTPond3,1,23.6875,27.0,11.703,7.31694
2021-07-10 02:00:00,IoTPond6,3,23.75,100.0,7.405,7.79358
2021-07-10 02:00:00,IoTPond2,0,24.375,100.0,7.002,7.612
2021-07-10 02:00:00,IoTPond4,2,24.625,100.0,3.769,7.70733
2021-07-10 02:00:00,IoTPond3,1,23.625,92.0,5.08,7.31467
2021-07-10 02:00:00,IoTPond7,4,24.75,32.0,5.189,6.95378
2021-07-10 02:00:00,IoTPond9,5,23.5625,97.0,8.634,7.45312
2021-07-10 03:00:00,IoTPond9,5,23.5,95.0,8.634,7.45312
2021-07-10 03:00:00,IoTPond3,1,23.5625,20.0,12.221,7.3124
2021-07-10 03:00:00,IoTPond2,0,24.3125,100.0,7.547,7.61654
2021-07-10 03:00:00,IoTPond6,3,23.6875,100.0,7.605,7.78904
2021-07-10 03:00:00,IoTPond7,4,24.75,33.0,5.113,6.95832
2021-07-10 03:00:00,IoTPond4,2,24.5625,100.0,4.64,7.70733
2021-07-10 04:00:00,IoTPond3,1,23.5625,25.0,10.864,7.31694
2021-07-10 04:00:00,IoTPond9,5,23.4375,95.0,8.634,7.45312
2021-07-10 04:00:00,IoTPond2,0,24.25,100.0,5.798,7.612
2021-07-10 04:00:00,IoTPond7,4,24.6875,33.0,5.012,6.95378
2021-07-10 04:00:00,IoTPond6,3,23.625,100.0,9.239,7.7845
2021-07-10 04:00:00,IoTPond4,2,24.46875,100.0,2.5605,7.71187
2021-07-10 05:00:00,IoTPond4,2,24.4375,100.0,3.533,7.70733
2021-07-10 05:00:00,IoTPond3,1,23.5,26.0,10.721,7.31694
2021-07-10 05:00:00,IoTPond9,5,23.375,93.0,8.634,7.45312
2021-07-10 05:00:00,IoTPond7,4,24.625,33.0,5.1975,6.95832
2021-07-10 05:00:00,IoTPond2,0,24.1875,100.0,7.404,7.612
2021-07-10 05:00:00,IoTPond6,3,23.5625,100.0,8.793,7.79358
2021-07-10 06:00:00,IoTPond4,2,24.375,100.0,5.2059999999999995,7.71187
2021-07-10 06:00:00,IoTPond2,0,24.125,100.0,7.953,7.612
2021-07-10 06:00:00,IoTPond9,5,23.3125,94.0,8.634,7.45312
2021-07-10 06:00:00,IoTPond6,3,23.5,100.0,8.364,7.79358
2021-07-10 06:00:00,IoTPond7,4,24.5625,33.0,5.4384999999999994,6.95378
2021-07-10 06:00:00,IoTPond3,1,23.4375,28.0,9.837,7.31694
2021-07-10 07:00:00,IoTPond7,4,24.5,33.0,5.443,6.95378
2021-07-10 07:00:00,IoTPond9,5,23.25,94.0,8.634,7.44858
2021-07-10 07:00:00,IoTPond2,0,24.0625,100.0,5.912000000000001,7.612
2021-07-10 07:00:00,IoTPond4,2,24.3125,100.0,6.1235,7.70733
2021-07-10 07:00:00,IoTPond6,3,23.5,100.0,6.15,7.7845
2021-07-10 07:00:00,IoTPond3,1,23.375,33.0,8.855,7.31694
2021-07-10 08:00:00,IoTPond3,1,23.375,93.0,5.08,7.31694
2021-07-10 08:00:00,IoTPond9,5,23.25,94.0,8.634,7.4395
2021-07-10 08:00:00,IoTPond2,0,24.0625,100.0,5.7765,7.60973
2021-07-10 08:00:00,IoTPond4,2,24.3125,100.0,6.871,7.70733
2021-07-10 08:00:00,IoTPond7,4,24.5,32.0,5.6455,6.95378
2021-07-10 08:00:00,IoTPond6,3,23.5,100.0,4.704,7.77996
2021-07-10 09:00:00,IoTPond9,5,23.3125,94.0,8.634,7.43042
2021-07-10 09:00:00,IoTPond4,2,24.34375,100.0,5.6665,7.70279
2021-07-10 09:00:00,IoTPond3,1,23.375,16.0,10.953,7.31694
2021-07-10 09:00:00,IoTPond2,0,24.0625,100.0,4.1579999999999995,7.60292
2021-07-10 09:00:00,IoTPond7,4,24.5625,32.0,5.468,6.95378
2021-07-10 09:00:00,IoTPond6,3,23.5625,97.0,4.918,7.77996
2021-07-10 10:00:00,IoTPond2,0,24.125,100.0,2.8395,7.59838
2021-07-10 10:00:00,IoTPond4,2,24.4375,100.0,8.1055,7.70506
2021-07-10 10:00:00,IoTPond3,1,23.4375,19.0,8.962,7.31694
2021-07-10 10:00:00,IoTPond9,5,23.375,93.0,8.634,7.42134
2021-07-10 10:00:00,IoTPond6,3,23.625,96.0,4.3115000000000006,7.77542
2021-07-10 10:00:00,IoTPond7,4,24.6875,32.0,5.2185,6.95378
2021-07-10 11:00:00,IoTPond6,3,23.8125,95.0,6.463,7.77088
2021-07-10 11:00:00,IoTPond7,4,24.875,33.0,6.018000000000001,6.94924
2021-07-10 11:00:00,IoTPond3,1,23.5,24.5,7.721500000000001,7.3124
2021-07-10 11:00:00,IoTPond4,2,24.5,100.0,4.217499999999999,7.69825
2021-07-10 11:00:00,IoTPond2,0,24.25,100.0,3.811,7.59384
2021-07-10 11:00:00,IoTPond9,5,23.5,93.0,8.634,7.41227
2021-07-10 12:00:00,IoTPond6,3,24.0,97.0,6.0385,7.76634
2021-07-10 12:00:00,IoTPond7,4,25.125,32.0,10.676,6.9447
2021-07-10 12:00:00,IoTPond2,0,24.375,100.0,7.391,7.58477
2021-07-10 12:00:00,IoTPond9,5,23.8125,95.0,9.227,7.40773
2021-07-10 12:00:00,IoTPond3,1,23.6875,21.0,5.08,7.3124
2021-07-10 13:00:00,IoTPond9,5,24.125,95.0,9.203,7.41227
2021-07-10 13:00:00,IoTPond7,4,25.4375,33.0,6.776,6.93108
2021-07-10 13:00:00,IoTPond3,1,23.8125,37.0,5.08,7.30786
2021-07-10 13:00:00,IoTPond2,0,24.625,100.0,7.856,7.58477
2021-07-10 13:00:00,IoTPond6,3,24.1875,97.0,5.641,7.77088
2021-07-10 14:00:00,IoTPond3,1,23.875,23.0,4.817,7.30332
2021-07-10 14:00:00,IoTPond9,5,24.375,94.0,9.227,7.42134
2021-07-10 14:00:00,IoTPond7,4,25.6875,33.0,5.534,6.94016
2021-07-10 14:00:00,IoTPond2,0,24.75,100.0,7.2345,7.58023
2021-07-10 14:00:00,IoTPond4,2,25.125,99.0,9.05,7.68917
2021-07-10 14:00:00,IoTPond6,3,24.3125,97.0,4.758,7.76634
2021-07-10 14:00:00,IoTpond1,6,24.8125,100.0,8.57,7.56661
2021-07-10 15:00:00,IoTPond4,2,25.25,100.0,10.512,7.68917
2021-07-10 15:00:00,IoTPond3,1,24.0625,25.0,4.893,7.30332
2021-07-10 15:00:00,IoTPond7,4,25.875,33.0,4.877,6.94016
2021-07-10 15:00:00,IoTpond1,6,24.9375,100.0,6.2095,7.5734200000000005
2021-07-10 15:00:00,IoTPond9,5,24.65625,96.0,9.227,7.43496
2021-07-10 15:00:00,IoTPond6,3,24.4375,96.0,4.623,7.75273
2021-07-10 15:00:00,IoTPond2,0,24.9375,100.0,6.2095,7.5734200000000005
2021-07-10 16:00:00,IoTPond2,0,25.0625,100.0,4.741,7.58023
2021-07-10 16:00:00,IoTpond1,6,25.0625,100.0,4.741,7.58023
2021-07-10 16:00:00,IoTPond4,2,25.375,100.0,7.901,7.68917
2021-07-10 16:00:00,IoTPond9,5,24.75,95.0,9.227,7.41227
2021-07-10 16:00:00,IoTPond3,1,24.1875,30.0,4.733,7.30786
2021-07-10 16:00:00,IoTPond7,4,26.0,33.0,5.2495,6.93108
2021-07-10 16:00:00,IoTPond6,3,24.5625,100.0,3.871,7.75273
2021-07-10 17:00:00,IoTpond1,6,25.1875,100.0,2.002,7.58477
2021-07-10 17:00:00,IoTPond4,2,25.4375,100.0,6.367,7.69371
2021-07-10 17:00:00,IoTPond7,4,26.0,32.0,8.003,6.92654
2021-07-10 17:00:00,IoTPond3,1,24.3125,20.0,3.279,7.30786
2021-07-10 17:00:00,IoTPond9,5,24.8125,95.0,9.227,7.41681
2021-07-10 17:00:00,IoTPond2,0,25.1875,100.0,2.002,7.58477
2021-07-10 17:00:00,IoTPond6,3,24.5625,100.0,3.321,7.7618
2021-07-10 18:00:00,IoTPond9,5,24.8125,96.0,10.066,7.42134
2021-07-10 18:00:00,IoTPond4,2,25.4375,100.0,3.928,7.69371
2021-07-10 18:00:00,IoTpond1,6,25.1875,100.0,2.026,7.59384
2021-07-10 18:00:00,IoTPond7,4,25.9375,33.0,11.963,6.92654
2021-07-10 18:00:00,IoTPond6,3,24.5625,100.0,4.9905,7.7618
2021-07-10 18:00:00,IoTPond3,1,24.3125,27.0,3.068,7.30786
2021-07-10 18:00:00,IoTPond2,0,25.1875,100.0,2.026,7.59384
2021-07-10 19:00:00,IoTpond1,6,25.1875,100.0,7.968999999999999,7.5893
2021-07-10 19:00:00,IoTPond3,1,24.3125,19.0,5.08,7.3124
2021-07-10 19:00:00,IoTPond7,4,25.875,33.0,9.283,6.93108
2021-07-10 19:00:00,IoTPond9,5,24.8125,97.0,9.227,7.43042
2021-07-10 19:00:00,IoTPond6,3,24.5625,100.0,5.5865,7.759535
2021-07-10 19:00:00,IoTPond2,0,25.1875,100.0,7.968999999999999,7.5893
2021-07-10 19:00:00,IoTPond4,2,25.4375,100.0,4.445,7.68917
2021-07-10 20:00:00,IoTPond3,1,24.3125,19.0,5.08,7.3124
2021-07-10 20:00:00,IoTpond1,6,25.125,100.0,5.5625,7.5893
2021-07-10 20:00:00,IoTPond4,2,25.375,100.0,4.317,7.68917
2021-07-10 20:00:00,IoTPond7,4,25.8125,32.0,7.376,6.93108
2021-07-10 20:00:00,IoTPond6,3,24.5625,100.0,4.505,7.76634
2021-07-10 20:00:00,IoTPond9,5,24.75,97.0,7.9575,7.43042
2021-07-10 20:00:00,IoTPond2,0,25.125,100.0,5.5625,7.5893
2021-07-10 21:00:00,IoTPond6,3,24.5,100.0,8.984,7.76634
2021-07-10 21:00:00,IoTPond7,4,25.75,33.0,5.426,6.93108
2021-07-10 21:00:00,IoTPond3,1,24.3125,26.0,5.08,7.3124
2021-07-10 21:00:00,IoTPond9,5,24.625,97.0,7.666,7.43042
2021-07-10 21:00:00,IoTPond2,0,25.125,100.0,7.096,7.58477
2021-07-10 21:00:00,IoTpond1,6,25.125,100.0,7.096,7.58477
2021-07-10 21:00:00,IoTPond4,2,25.3125,100.0,4.068,7.68917
2021-07-10 22:00:00,IoTPond6,3,24.4375,100.0,3.824,7.7618
2021-07-10 22:00:00,IoTPond7,4,25.6875,33.0,4.273,6.93108
2021-07-10 22:00:00,IoTPond3,1,24.3125,16.0,5.08,7.31694
2021-07-10 22:00:00,IoTPond4,2,25.3125,100.0,3.832,7.68917
2021-07-10 22:00:00,IoTpond1,6,25.0625,100.0,6.255,7.59384
2021-07-10 22:00:00,IoTPond2,0,25.0625,100.0,6.255,7.59384
2021-07-10 22:00:00,IoTPond9,5,24.5625,97.0,5.426,7.43496
2021-07-10 23:00:00,IoTPond9,5,24.5,97.0,3.904,7.43042
2021-07-10 23:00:00,IoTpond1,6,25.0625,100.0,6.511,7.5893
2021-07-10 23:00:00,IoTPond7,4,25.625,33.0,4.353,6.93108
2021-07-10 23:00:00,IoTPond2,0,25.0625,100.0,6.511,7.5893
2021-07-10 23:00:00,IoTPond3,1,24.25,26.0,5.13,7.3124
2021-07-10 23:00:00,IoTPond6,3,24.4375,100.0,4.1195,7.76861
2021-07-10 23:00:00,IoTPond4,2,25.25,100.0,4.649,7.68917
2021-07-11 00:00:00,IoTPond7,4,25.5,33.0,1.049,6.93562
2021-07-11 00:00:00,IoTPond3,1,24.25,96.0,5.08,7.3124
2021-07-11 00:00:00,IoTPond6,3,24.34375,100.0,4.6865000000000006,7.76634
2021-07-11 00:00:00,IoTPond4,2,25.1875,100.0,3.019,7.68917
2021-07-11 00:00:00,IoTPond9,5,24.4375,97.0,3.651,7.42134
2021-07-11 00:00:00,IoTPond2,0,25.0,100.0,5.454,7.5893
2021-07-11 00:00:00,IoTpond1,6,25.0,100.0,5.454,7.5893
2021-07-11 01:00:00,IoTPond6,3,24.25,100.0,6.947,7.77542
2021-07-11 01:00:00,IoTPond2,0,24.96875,100.0,6.723000000000001,7.59384
2021-07-11 01:00:00,IoTPond4,2,25.125,100.0,7.4165,7.68463
2021-07-11 01:00:00,IoTPond9,5,24.375,97.0,3.1565000000000003,7.43042
2021-07-11 01:00:00,IoTpond1,6,24.96875,100.0,6.723000000000001,7.59384
2021-07-11 01:00:00,IoTPond7,4,25.4375,33.0,1.121,6.93562
2021-07-11 01:00:00,IoTPond3,1,24.1875,17.0,8.494,7.31694
2021-07-11 02:00:00,IoTPond9,5,24.25,97.0,8.437999999999999,7.42361
2021-07-11 02:00:00,IoTPond2,0,24.875,100.0,6.601,7.59384
2021-07-11 02:00:00,IoTPond3,1,24.125,22.0,7.361,7.3124
2021-07-11 02:00:00,IoTpond1,6,24.875,100.0,6.601,7.59384
2021-07-11 02:00:00,IoTPond4,2,25.0625,100.0,3.5675,7.68917
2021-07-11 02:00:00,IoTPond6,3,24.21875,100.0,8.1055,7.77542
2021-07-11 02:00:00,IoTPond7,4,25.375,33.0,0.961,6.94016
2021-07-11 03:00:00,IoTPond7,4,25.25,33.0,0.873,6.94016
2021-07-11 03:00:00,IoTPond2,0,24.8125,100.0,5.722,7.59838
2021-07-11 03:00:00,IoTPond9,5,24.125,99.0,8.562,7.43042
2021-07-11 03:00:00,IoTPond3,1,24.0625,30.0,5.958,7.31694
2021-07-11 03:00:00,IoTpond1,6,24.8125,100.0,5.434,7.59384
2021-07-11 03:00:00,IoTPond6,3,24.125,100.0,7.8475,7.76634
2021-07-11 04:00:00,IoTPond9,5,24.0625,98.0,2.087,7.43042
2021-07-11 04:00:00,IoTPond6,3,24.0625,100.0,6.2075,7.77315
2021-07-11 04:00:00,IoTPond7,4,25.125,33.0,0.849,6.94016
2021-07-11 04:00:00,IoTPond2,0,24.6875,100.0,5.4719999999999995,7.59838
2021-07-11 04:00:00,IoTPond3,1,24.0,28.0,6.99,7.31694
2021-07-11 05:00:00,IoTPond6,3,23.9375,100.0,7.668,7.77542
2021-07-11 05:00:00,IoTPond7,4,25.0625,33.0,1.073,6.94016
2021-07-11 05:00:00,IoTPond9,5,23.9375,98.0,2.499,7.43042
2021-07-11 05:00:00,IoTPond2,0,24.5625,100.0,5.451,7.59838
2021-07-11 05:00:00,IoTPond3,1,23.875,25.0,5.65,7.31694
2021-07-11 06:00:00,IoTPond6,3,23.875,100.0,9.815000000000001,7.77315
2021-07-11 06:00:00,IoTpond1,6,24.5,100.0,5.1765,7.59384
2021-07-11 06:00:00,IoTPond2,0,24.5,100.0,5.9375,7.59384
2021-07-11 06:00:00,IoTPond9,5,23.8125,97.0,2.08,7.41681
2021-07-11 06:00:00,IoTPond3,1,23.8125,33.0,5.08,7.31694
2021-07-11 06:00:00,IoTPond7,4,24.9375,33.0,1.479,6.94016
2021-07-11 07:00:00,IoTPond7,4,24.875,33.0,0.963,6.93108
2021-07-11 07:00:00,IoTpond1,6,24.5,100.0,5.853,7.59384
2021-07-11 07:00:00,IoTPond9,5,23.75,97.0,2.191,7.419074999999999
2021-07-11 07:00:00,IoTPond3,1,23.75,97.0,5.08,7.31694
2021-07-11 07:00:00,IoTPond6,3,23.8125,100.0,4.347,7.76634
2021-07-11 07:00:00,IoTPond2,0,24.5,100.0,5.853,7.59384
2021-07-11 08:00:00,IoTpond1,6,24.4375,100.0,6.592,7.5893
2021-07-11 08:00:00,IoTPond2,0,24.4375,100.0,6.592,7.5893
2021-07-11 08:00:00,IoTPond9,5,23.6875,97.0,3.026,7.41681
2021-07-11 08:00:00,IoTPond7,4,24.875,32.0,1.479,6.922
2021-07-11 08:00:00,IoTPond3,1,23.6875,28.5,8.4265,7.31694
2021-07-11 08:00:00,IoTPond6,3,23.8125,100.0,4.3335,7.75727
2021-07-11 09:00:00,IoTPond7,4,24.875,32.0,2.248,6.90839
2021-07-11 09:00:00,IoTPond9,5,23.6875,96.0,3.459,7.41227
2021-07-11 09:00:00,IoTpond1,6,24.4375,100.0,3.3935,7.58023
2021-07-11 09:00:00,IoTPond3,1,23.6875,31.0,5.57,7.31694
2021-07-11 09:00:00,IoTPond2,0,24.4375,100.0,3.3935,7.58023
2021-07-11 09:00:00,IoTPond6,3,23.875,96.0,3.811,7.74365
2021-07-11 10:00:00,IoTPond6,3,24.0625,95.0,7.1165,7.74365
2021-07-11 10:00:00,IoTpond1,6,24.5,100.0,4.471,7.56434
2021-07-11 10:00:00,IoTPond3,1,23.8125,30.0,5.08,7.31694
2021-07-11 10:00:00,IoTPond2,0,24.5,100.0,4.471,7.56434
2021-07-11 10:00:00,IoTPond9,5,23.75,97.0,4.606,7.40773
2021-07-11 10:00:00,IoTPond7,4,25.0,33.0,1.914,6.90385
2021-07-11 11:00:00,IoTpond1,6,24.625,100.0,7.488,7.55753
2021-07-11 11:00:00,IoTPond3,1,23.9375,93.0,5.08,7.31694
2021-07-11 11:00:00,IoTPond9,5,23.9375,97.0,9.44,7.39411
2021-07-11 11:00:00,IoTPond2,0,24.625,100.0,7.488,7.55753
2021-07-11 11:00:00,IoTPond7,4,25.1875,33.0,4.237,6.89023
2021-07-11 11:00:00,IoTPond6,3,24.1875,97.0,6.888,7.74365
2021-07-11 12:00:00,IoTPond2,0,24.8125,100.0,6.837,7.56207
2021-07-11 12:00:00,IoTPond7,4,25.375,32.0,6.127,6.88115
2021-07-11 12:00:00,IoTpond1,6,24.8125,100.0,6.837,7.56207
2021-07-11 12:00:00,IoTPond6,3,24.375,96.0,5.375,7.74365
2021-07-11 12:00:00,IoTPond9,5,24.1875,97.0,9.593,7.39865
2021-07-11 12:00:00,IoTPond3,1,24.0625,32.0,6.144,7.3124
2021-07-11 13:00:00,IoTPond9,5,24.5,97.0,8.097,7.38957
2021-07-11 13:00:00,IoTPond7,4,25.8125,32.0,9.491,6.87207
2021-07-11 13:00:00,IoTPond2,0,25.0625,100.0,7.761,7.55753
2021-07-11 13:00:00,IoTPond6,3,24.5625,96.0,6.28,7.74365
2021-07-11 13:00:00,IoTpond1,6,25.0625,100.0,7.761,7.55753
2021-07-11 13:00:00,IoTPond3,1,24.1875,99.0,6.491,7.3124
2021-07-11 14:00:00,IoTPond6,3,24.75,99.0,4.969,7.74365
2021-07-11 14:00:00,IoTPond7,4,26.03125,32.0,7.82,6.8584499999999995
2021-07-11 14:00:00,IoTPond9,5,24.875,96.0,8.012,7.38957
2021-07-11 14:00:00,IoTPond2,0,25.1875,100.0,8.434,7.54845
2021-07-11 14:00:00,IoTpond1,6,25.1875,100.0,8.434,7.54845
2021-07-11 14:00:00,IoTPond3,1,24.375,28.0,5.8185,7.30786
2021-07-11 15:00:00,IoTPond6,3,24.875,96.0,5.7385,7.74365
2021-07-11 15:00:00,IoTPond7,4,26.40625,31.5,12.085,6.483945
2021-07-11 15:00:00,IoTPond9,5,25.1875,97.0,8.634,7.39411
2021-07-11 15:00:00,IoTPond2,0,25.4375,100.0,8.77,7.54845
2021-07-11 15:00:00,IoTPond3,1,24.5625,35.5,5.84,7.29878
2021-07-11 15:00:00,IoTpond1,6,25.4375,100.0,8.77,7.54845
2021-07-11 16:00:00,IoTPond3,1,24.625,35.0,5.08,7.29424
2021-07-11 16:00:00,IoTpond1,6,25.5625,100.0,6.699999999999999,7.54845
2021-07-11 16:00:00,IoTPond2,0,25.5625,100.0,6.699999999999999,7.54845
2021-07-11 16:00:00,IoTPond9,5,25.25,96.0,9.227,7.39411
2021-07-11 16:00:00,IoTPond7,4,26.5,31.0,11.536,6.84029
2021-07-11 16:00:00,IoTPond6,3,24.9375,100.0,4.817,7.74819
2021-07-11 17:00:00,IoTPond9,5,25.3125,96.0,9.227,7.39865
2021-07-11 17:00:00,IoTPond7,4,26.4375,32.0,11.255,6.85845
2021-07-11 17:00:00,IoTPond4,2,25.875,100.0,3.716,7.68009
2021-07-11 17:00:00,IoTPond3,1,24.6875,40.0,5.08,7.29878
2021-07-11 17:00:00,IoTpond1,6,25.625,100.0,4.2490000000000006,7.56207
2021-07-11 17:00:00,IoTPond2,0,25.625,100.0,4.2490000000000006,7.56207
2021-07-11 17:00:00,IoTPond6,3,24.9375,100.0,2.062,7.75727
2021-07-11 18:00:00,IoTPond3,1,24.6875,93.0,3.782,7.30332
2021-07-11 18:00:00,IoTPond4,2,25.8125,100.0,2.979,7.68009
2021-07-11 18:00:00,IoTpond1,6,25.5625,100.0,1.409,7.57569
2021-07-11 18:00:00,IoTPond9,5,25.25,97.0,12.535,7.40546
2021-07-11 18:00:00,IoTPond2,0,25.5625,100.0,1.409,7.57569
2021-07-11 18:00:00,IoTPond7,4,26.3125,32.0,10.752,6.87207
2021-07-11 18:00:00,IoTPond6,3,24.8125,100.0,2.987,7.759535
2021-07-11 19:00:00,IoTPond9,5,25.0,97.0,9.227,7.41227
2021-07-11 19:00:00,IoTPond3,1,24.5625,35.0,3.042,7.3124
2021-07-11 19:00:00,IoTpond1,6,25.4375,100.0,2.843,7.57569
2021-07-11 19:00:00,IoTPond2,0,25.4375,100.0,2.843,7.57569
2021-07-11 19:00:00,IoTPond6,3,24.75,100.0,2.197,7.7618
2021-07-11 19:00:00,IoTPond4,2,25.625,100.0,2.859,7.68009
2021-07-11 19:00:00,IoTPond7,4,26.125,32.0,8.379999999999999,6.88115
2021-07-11 20:00:00,IoTPond7,4,26.0,32.0,6.788,6.88569
2021-07-11 20:00:00,IoTpond1,6,25.40625,100.0,7.096,7.571149999999999
2021-07-11 20:00:00,IoTPond3,1,24.5,42.5,4.741,7.31467
2021-07-11 20:00:00,IoTPond9,5,24.9375,97.0,8.602,7.40319
2021-07-11 20:00:00,IoTPond6,3,24.625,100.0,1.825,7.76634
2021-07-11 20:00:00,IoTPond2,0,25.40625,100.0,7.096,7.571149999999999
2021-07-11 20:00:00,IoTPond4,2,25.5625,100.0,3.175,7.68009
2021-07-11 21:00:00,IoTpond1,6,25.3125,100.0,6.407,7.57569
2021-07-11 21:00:00,IoTPond9,5,24.8125,97.0,9.0055,7.40319
2021-07-11 21:00:00,IoTPond7,4,25.90625,32.0,5.366,6.89023
2021-07-11 21:00:00,IoTPond2,0,25.3125,100.0,6.407,7.57569
2021-07-11 21:00:00,IoTPond4,2,25.5,100.0,6.896,7.68009
2021-07-11 21:00:00,IoTPond6,3,24.5625,100.0,2.3200000000000003,7.76634
2021-07-11 21:00:00,IoTPond3,1,24.4375,96.0,5.08,7.31694
2021-07-11 22:00:00,IoTPond2,0,25.1875,100.0,4.9375,7.56888
2021-07-11 22:00:00,IoTPond6,3,24.5,100.0,2.0620000000000003,7.76407
2021-07-11 22:00:00,IoTPond9,5,24.6875,96.0,7.2895,7.40319
2021-07-11 22:00:00,IoTPond7,4,25.8125,32.0,3.9239999999999995,6.89023
2021-07-11 22:00:00,IoTPond3,1,24.3125,94.0,5.08,7.31694
2021-07-11 22:00:00,IoTPond4,2,25.4375,100.0,5.4864999999999995,7.68009
2021-07-11 22:00:00,IoTpond1,6,25.1875,100.0,4.9375,7.56888
2021-07-11 23:00:00,IoTPond7,4,25.6875,32.0,2.895,6.89023
2021-07-11 23:00:00,IoTPond3,1,24.25,38.0,5.08,7.31694
2021-07-11 23:00:00,IoTPond4,2,25.25,100.0,4.2490000000000006,7.68009
2021-07-11 23:00:00,IoTpond1,6,25.125,100.0,8.838000000000001,7.56661
2021-07-11 23:00:00,IoTPond9,5,24.5625,96.0,5.122,7.40319
2021-07-11 23:00:00,IoTPond6,3,24.375,100.0,2.159,7.7618
2021-07-11 23:00:00,IoTPond2,0,25.125,100.0,8.838000000000001,7.56661
2021-07-12 00:00:00,IoTPond2,0,25.0,100.0,7.352,7.56661
2021-07-12 00:00:00,IoTPond7,4,25.5,32.0,1.89,6.89477
2021-07-12 00:00:00,IoTPond9,5,24.4375,96.0,5.388,7.40319
2021-07-12 00:00:00,IoTPond3,1,24.1875,95.0,5.08,7.31694
2021-07-12 00:00:00,IoTPond4,2,25.1875,100.0,6.095,7.67555
2021-07-12 00:00:00,IoTPond6,3,24.25,100.0,1.665,7.7618
2021-07-12 00:00:00,IoTpond1,6,25.0,100.0,7.352,7.56661
2021-07-12 01:00:00,IoTPond3,1,24.125,96.0,5.08,7.31694
2021-07-12 01:00:00,IoTPond4,2,25.09375,100.0,5.0015,7.68009
2021-07-12 01:00:00,IoTpond1,6,24.90625,100.0,7.7505,7.57569
2021-07-12 01:00:00,IoTPond2,0,24.90625,100.0,7.7505,7.57569
2021-07-12 01:00:00,IoTPond6,3,24.1875,100.0,2.3280000000000003,7.7618
2021-07-12 01:00:00,IoTPond9,5,24.25,97.0,5.417,7.40319
2021-07-12 01:00:00,IoTPond7,4,25.4375,32.0,3.524,6.89477
2021-07-12 02:00:00,IoTPond2,0,24.8125,100.0,5.265,7.57569
2021-07-12 02:00:00,IoTPond9,5,24.125,96.5,8.634,7.40319
2021-07-12 02:00:00,IoTPond6,3,24.125,100.0,2.383,7.76634
2021-07-12 02:00:00,IoTPond3,1,24.0,94.0,7.677,7.31694
2021-07-12 02:00:00,IoTPond4,2,25.0,100.0,6.095,7.68009
2021-07-12 02:00:00,IoTpond1,6,24.8125,100.0,5.265,7.57569
2021-07-12 02:00:00,IoTPond7,4,25.25,32.0,2.843,6.90385
2021-07-12 03:00:00,IoTPond7,4,25.1875,32.0,3.103,6.8970400000000005
2021-07-12 03:00:00,IoTPond9,5,24.0,97.0,8.634,7.39865
2021-07-12 03:00:00,IoTPond3,1,23.9375,94.0,5.793,7.31694
2021-07-12 03:00:00,IoTpond1,6,24.6875,100.0,4.53,7.56661
2021-07-12 03:00:00,IoTPond6,3,24.0,100.0,3.4055,7.76634
2021-07-12 03:00:00,IoTPond4,2,24.875,100.0,1.834,7.68009
2021-07-12 03:00:00,IoTPond2,0,24.6875,100.0,4.53,7.56661
2021-07-12 04:00:00,IoTPond3,1,23.8125,95.0,5.08,7.31694
2021-07-12 04:00:00,IoTpond1,6,24.5625,100.0,8.845,7.56661
2021-07-12 04:00:00,IoTPond6,3,23.9375,100.0,2.075,7.76634
2021-07-12 04:00:00,IoTPond2,0,24.5625,100.0,8.845,7.56661
2021-07-12 04:00:00,IoTPond7,4,25.0625,32.0,2.4425,6.90385
2021-07-12 04:00:00,IoTPond9,5,23.875,97.0,8.634,7.40319
2021-07-12 05:00:00,IoTpond1,6,24.5,100.0,8.363,7.56661
2021-07-12 05:00:00,IoTPond6,3,23.8125,100.0,1.901,7.76634
2021-07-12 05:00:00,IoTPond7,4,24.9375,32.0,2.214,6.90385
2021-07-12 05:00:00,IoTPond2,0,24.5,100.0,8.363,7.56661
2021-07-12 05:00:00,IoTPond3,1,23.75,96.0,5.173,7.31694
2021-07-12 05:00:00,IoTPond9,5,23.8125,98.0,8.634,7.40319
2021-07-12 06:00:00,IoTPond6,3,23.75,100.0,2.642,7.76634
2021-07-12 06:00:00,IoTpond1,6,24.4375,100.0,4.813000000000001,7.56661
2021-07-12 06:00:00,IoTPond7,4,24.875,32.0,2.121,6.90385
2021-07-12 06:00:00,IoTPond3,1,23.6875,95.0,6.864,7.31694
2021-07-12 06:00:00,IoTPond4,2,24.5625,100.0,7.04,7.68009
2021-07-12 06:00:00,IoTPond9,5,23.6875,97.0,8.634,7.39865
2021-07-12 06:00:00,IoTPond2,0,24.4375,100.0,4.813000000000001,7.56661
2021-07-12 07:00:00,IoTPond3,1,23.625,97.0,5.08,7.31694
2021-07-12 07:00:00,IoTpond1,6,24.375,100.0,7.522,7.56661
2021-07-12 07:00:00,IoTPond6,3,23.75,100.0,1.803,7.75727
2021-07-12 07:00:00,IoTPond9,5,23.625,97.0,8.634,7.39865
2021-07-12 07:00:00,IoTPond7,4,24.8125,32.0,1.7745,6.89931
2021-07-12 07:00:00,IoTPond2,0,24.375,100.0,7.522,7.56661
2021-07-12 07:00:00,IoTPond4,2,24.5,100.0,4.2765,7.68009
2021-07-12 08:00:00,IoTpond1,6,24.375,100.0,4.492,7.56207
2021-07-12 08:00:00,IoTPond9,5,23.5625,97.0,8.8865,7.396380000000001
2021-07-12 08:00:00,IoTPond4,2,24.5,100.0,4.783,7.68009
2021-07-12 08:00:00,IoTPond2,0,24.375,100.0,4.492,7.56207
2021-07-12 08:00:00,IoTPond3,1,23.625,98.0,5.08,7.31694
2021-07-12 08:00:00,IoTPond7,4,24.8125,32.0,2.163,6.89023
2021-07-12 08:00:00,IoTPond6,3,23.6875,100.0,2.8475,7.759535
2021-07-12 09:00:00,IoTPond4,2,24.5,100.0,4.285,7.68009
2021-07-12 09:00:00,IoTPond6,3,23.75,99.0,4.28,7.75727
2021-07-12 09:00:00,IoTpond1,6,24.375,100.0,1.5425,7.55753
2021-07-12 09:00:00,IoTPond2,0,24.375,100.0,1.5425,7.55753
2021-07-12 09:00:00,IoTPond7,4,24.8125,32.0,2.9285,6.88115
2021-07-12 09:00:00,IoTPond3,1,23.5625,95.0,5.08,7.31694
2021-07-12 09:00:00,IoTPond9,5,23.5625,97.0,8.634,7.38957
2021-07-12 10:00:00,IoTPond4,2,24.5625,100.0,8.739,7.68009
2021-07-12 10:00:00,IoTPond6,3,23.8125,100.0,3.918,7.7618
2021-07-12 10:00:00,IoTPond2,0,24.375,100.0,3.355,7.54845
2021-07-12 10:00:00,IoTPond3,1,23.625,92.0,5.4,7.31694
2021-07-12 10:00:00,IoTPond7,4,24.9375,32.0,4.4495000000000005,6.87207
2021-07-12 10:00:00,IoTpond1,6,24.375,100.0,3.355,7.54845
2021-07-12 10:00:00,IoTPond9,5,23.6875,96.5,8.634,7.38957
2021-07-12 11:00:00,IoTPond6,3,23.9375,95.0,6.231,7.75727
2021-07-12 11:00:00,IoTPond7,4,24.9375,32.0,6.22,6.87207
2021-07-12 11:00:00,IoTPond2,0,24.4375,100.0,3.4225,7.55753
2021-07-12 11:00:00,IoTPond9,5,23.75,96.0,6.891,7.38957
2021-07-12 11:00:00,IoTPond4,2,24.625,100.0,9.449,7.68009
2021-07-12 11:00:00,IoTpond1,6,24.4375,100.0,3.4225,7.55753
2021-07-12 11:00:00,IoTPond3,1,23.6875,88.0,5.08,7.31694
2021-07-12 12:00:00,IoTPond7,4,25.25,32.0,9.547,6.85845
2021-07-12 12:00:00,IoTPond2,0,24.5625,100.0,7.239,7.54391
2021-07-12 12:00:00,IoTPond9,5,24.0,93.5,9.227,7.38503
2021-07-12 12:00:00,IoTPond3,1,23.8125,92.0,5.08,7.31694
2021-07-12 12:00:00,IoTPond4,2,24.6875,100.0,9.069,7.68009
2021-07-12 12:00:00,IoTPond6,3,23.9375,100.0,6.195,7.77996
2021-07-12 12:00:00,IoTpond1,6,24.5625,100.0,7.239,7.54391
2021-07-12 13:00:00,IoTPond9,5,23.9375,95.0,8.634,7.40319
2021-07-12 13:00:00,IoTPond4,2,24.875,100.0,6.487,7.68009
2021-07-12 13:00:00,IoTPond7,4,24.9375,32.0,8.355,6.87661
2021-07-12 13:00:00,IoTpond1,6,24.5625,100.0,3.951,7.56661
2021-07-12 13:00:00,IoTPond2,0,24.5625,100.0,3.951,7.56661
2021-07-12 13:00:00,IoTPond3,1,23.8125,71.0,5.08,7.30786
2021-07-12 13:00:00,IoTPond6,3,23.8125,100.0,2.579,7.7845
2021-07-12 14:00:00,IoTPond9,5,23.75,97.0,5.7665,7.40773
2021-07-12 14:00:00,IoTPond3,1,23.5625,97.0,2.785,7.31694
2021-07-12 14:00:00,IoTPond7,4,24.8125,32.0,9.386,6.89023
2021-07-12 14:00:00,IoTpond1,6,24.3125,100.0,2.366,7.57569
2021-07-12 14:00:00,IoTPond6,3,23.6875,99.0,1.803,7.7845
2021-07-12 14:00:00,IoTPond2,0,24.3125,100.0,2.366,7.57569
2021-07-12 15:00:00,IoTPond7,4,24.6875,32.0,8.8955,6.89023
2021-07-12 15:00:00,IoTPond9,5,23.625,96.0,5.749,7.39865
2021-07-12 15:00:00,IoTpond1,6,24.25,100.0,1.174,7.56207
2021-07-12 15:00:00,IoTPond2,0,24.25,100.0,1.174,7.56207
2021-07-12 15:00:00,IoTPond3,1,23.5625,100.0,2.196,7.31694
2021-07-12 15:00:00,IoTPond6,3,23.75,100.0,3.2355,7.77996
2021-07-12 16:00:00,IoTPond9,5,23.625,97.0,6.543,7.39411
2021-07-12 16:00:00,IoTPond2,0,24.25,100.0,3.1479999999999997,7.55299
2021-07-12 16:00:00,IoTpond1,6,24.25,100.0,3.1479999999999997,7.55299
2021-07-12 16:00:00,IoTPond3,1,23.5625,60.0,5.08,7.31694
2021-07-12 16:00:00,IoTPond6,3,23.75,100.0,4.409,7.77996
2021-07-12 16:00:00,IoTPond7,4,24.6875,32.0,10.049,6.89023
2021-07-12 17:00:00,IoTPond7,4,24.625,32.0,7.539,6.88569
2021-07-12 17:00:00,IoTPond2,0,24.25,100.0,2.163,7.55299
2021-07-12 17:00:00,IoTpond1,6,24.25,100.0,2.163,7.55299
2021-07-12 17:00:00,IoTPond3,1,23.5625,93.5,5.08,7.31694
2021-07-12 17:00:00,IoTPond9,5,23.5625,97.0,7.855,7.39411
2021-07-12 17:00:00,IoTPond6,3,23.6875,100.0,3.4095,7.79358
2021-07-12 18:00:00,IoTPond7,4,24.625,32.0,6.191000000000001,6.89023
2021-07-12 18:00:00,IoTPond9,5,23.5,98.0,7.471,7.39865
2021-07-12 18:00:00,IoTpond1,6,24.1875,100.0,3.993,7.55753
2021-07-12 18:00:00,IoTPond4,2,24.375,100.0,5.6965,7.68009
2021-07-12 18:00:00,IoTPond3,1,23.5625,96.0,5.08,7.3124
2021-07-12 18:00:00,IoTPond2,0,24.1875,100.0,3.993,7.55753
2021-07-12 18:00:00,IoTPond6,3,23.625,100.0,2.316,7.79358
2021-07-12 19:00:00,IoTPond3,1,23.5,95.0,5.08,7.3124
2021-07-12 19:00:00,IoTPond9,5,23.4375,98.0,8.512,7.39865
2021-07-12 19:00:00,IoTPond4,2,24.3125,100.0,5.032500000000001,7.68009
2021-07-12 19:00:00,IoTPond6,3,23.5,100.0,2.99,7.80266
2021-07-12 19:00:00,IoTPond2,0,24.125,100.0,5.443,7.55753
2021-07-12 19:00:00,IoTpond1,6,24.125,100.0,5.443,7.55753
2021-07-12 19:00:00,IoTPond7,4,24.5,32.0,5.603,6.89023
2021-07-12 20:00:00,IoTPond3,1,23.4375,99.0,5.08,7.3124
2021-07-12 20:00:00,IoTPond4,2,24.25,100.0,4.268,7.68009
2021-07-12 20:00:00,IoTPond6,3,23.4375,100.0,2.3875,7.80266
2021-07-12 20:00:00,IoTpond1,6,24.0625,100.0,6.5375,7.55753
2021-07-12 20:00:00,IoTPond2,0,24.0625,100.0,6.5375,7.55753
2021-07-12 20:00:00,IoTPond7,4,24.375,32.0,4.8215,6.89023
2021-07-12 20:00:00,IoTPond9,5,23.3125,99.0,8.682,7.40319
2021-07-12 21:00:00,IoTPond4,2,24.1875,100.0,1.3815,7.6778200000000005
2021-07-12 21:00:00,IoTPond3,1,23.3125,95.0,8.641,7.31694
2021-07-12 21:00:00,IoTPond2,0,24.0,100.0,4.648,7.56207
2021-07-12 21:00:00,IoTPond9,5,23.1875,99.0,8.634,7.40319
2021-07-12 21:00:00,IoTPond7,4,24.3125,32.0,4.564,6.89023
2021-07-12 21:00:00,IoTPond6,3,23.3125,100.0,3.017,7.79812
2021-07-12 21:00:00,IoTpond1,6,24.0,100.0,4.648,7.56207
2021-07-12 22:00:00,IoTpond1,6,23.875,100.0,5.4,7.56207
2021-07-12 22:00:00,IoTPond7,4,24.1875,32.0,3.465,6.89023
2021-07-12 22:00:00,IoTPond6,3,23.25,100.0,2.191,7.80266
2021-07-12 22:00:00,IoTPond2,0,23.875,100.0,5.4,7.56207
2021-07-12 22:00:00,IoTPond4,2,24.0,100.0,4.715999999999999,7.68009
2021-07-12 22:00:00,IoTPond3,1,23.25,97.0,7.4405,7.31694
2021-07-12 22:00:00,IoTPond9,5,23.125,99.0,8.634,7.40319
2021-07-12 23:00:00,IoTPond9,5,23.0,97.0,8.634,7.39411
2021-07-12 23:00:00,IoTPond4,2,23.9375,100.0,1.9769999999999999,7.68009
2021-07-12 23:00:00,IoTPond7,4,24.125,32.0,2.755,6.89477
2021-07-12 23:00:00,IoTPond2,0,23.8125,100.0,5.829,7.56207
2021-07-12 23:00:00,IoTPond6,3,23.1875,100.0,3.0789999999999997,7.8072
2021-07-12 23:00:00,IoTPond3,1,23.1875,95.0,5.08,7.31694
2021-07-12 23:00:00,IoTpond1,6,23.8125,100.0,5.829,7.56207
2021-07-13 00:00:00,IoTPond7,4,24.0625,32.0,2.299,6.89477
2021-07-13 00:00:00,IoTPond2,0,23.75,100.0,5.999,7.56207
2021-07-13 00:00:00,IoTPond9,5,22.875,96.0,8.634,7.39411
2021-07-13 00:00:00,IoTPond3,1,23.125,98.0,5.115,7.31694
2021-07-13 00:00:00,IoTpond1,6,23.75,100.0,5.999,7.56207
2021-07-13 00:00:00,IoTPond4,2,23.875,100.0,4.021,7.68236
2021-07-13 00:00:00,IoTPond6,3,23.125,100.0,4.9,7.81174
2021-07-13 01:00:00,IoTPond2,0,23.6875,100.0,3.3475,7.55753
2021-07-13 01:00:00,IoTPond6,3,23.0625,100.0,2.959,7.80266
2021-07-13 01:00:00,IoTPond7,4,24.0,32.0,2.3615,6.89477
2021-07-13 01:00:00,IoTPond9,5,22.875,98.0,8.634,7.39411
2021-07-13 01:00:00,IoTPond4,2,23.8125,100.0,6.722,7.68009
2021-07-13 01:00:00,IoTPond3,1,23.0625,95.0,5.08,7.31694
2021-07-13 01:00:00,IoTpond1,6,23.6875,100.0,3.3475,7.55753
2021-07-13 02:00:00,IoTPond3,1,23.0,96.0,7.829,7.31694
2021-07-13 02:00:00,IoTPond6,3,23.0,100.0,1.9645000000000001,7.81174
2021-07-13 02:00:00,IoTPond9,5,22.8125,97.0,8.634,7.39411
2021-07-13 02:00:00,IoTPond4,2,23.75,100.0,2.276,7.68009
2021-07-13 02:00:00,IoTpond1,6,23.625,100.0,6.3065,7.55753
2021-07-13 02:00:00,IoTPond7,4,23.875,33.0,2.258,6.89477
2021-07-13 02:00:00,IoTPond2,0,23.625,100.0,6.3065,7.55753
2021-07-13 03:00:00,IoTPond3,1,22.9375,99.0,5.08,7.31694
2021-07-13 03:00:00,IoTPond4,2,23.6875,100.0,4.213,7.68009
2021-07-13 03:00:00,IoTpond1,6,23.625,100.0,8.909,7.55753
2021-07-13 03:00:00,IoTPond2,0,23.625,100.0,8.909,7.55753
2021-07-13 03:00:00,IoTPond7,4,23.8125,32.0,1.803,6.89477
2021-07-13 03:00:00,IoTPond6,3,22.9375,100.0,1.991,7.81174
2021-07-13 03:00:00,IoTPond9,5,22.6875,95.0,8.634,7.39411
2021-07-13 04:00:00,IoTPond2,0,23.5625,100.0,4.972,7.56207
2021-07-13 04:00:00,IoTPond6,3,22.875,100.0,1.9765000000000001,7.81628
2021-07-13 04:00:00,IoTPond4,2,23.625,100.0,3.66,7.68009
2021-07-13 04:00:00,IoTPond3,1,22.9375,96.0,5.08,7.31694
2021-07-13 04:00:00,IoTpond1,6,23.5625,100.0,4.972,7.56207
2021-07-13 04:00:00,IoTPond7,4,23.75,32.0,2.088,6.89477
2021-07-13 04:00:00,IoTPond9,5,22.625,94.0,9.139,7.38957
2021-07-13 05:00:00,IoTPond4,2,23.5625,100.0,3.481,7.68009
2021-07-13 05:00:00,IoTPond6,3,22.875,100.0,2.019,7.81401
2021-07-13 05:00:00,IoTPond2,0,23.5,100.0,5.5344999999999995,7.56207
2021-07-13 05:00:00,IoTPond3,1,22.875,100.0,5.08,7.31694
2021-07-13 05:00:00,IoTpond1,6,23.5,100.0,5.5344999999999995,7.56207
2021-07-13 05:00:00,IoTPond9,5,22.5625,93.0,9.227,7.38957
2021-07-13 05:00:00,IoTPond7,4,23.75,33.0,2.597,6.89023
2021-07-13 06:00:00,IoTPond4,2,23.5,100.0,2.517,7.68009
2021-07-13 06:00:00,IoTpond1,6,23.4375,100.0,5.9405,7.56207
2021-07-13 06:00:00,IoTPond2,0,23.4375,100.0,5.9405,7.56207
2021-07-13 06:00:00,IoTPond9,5,22.5,94.0,8.634,7.38957
2021-07-13 06:00:00,IoTPond6,3,22.8125,100.0,1.8445,7.81401
2021-07-13 06:00:00,IoTPond7,4,23.6875,33.0,1.187,6.87661
2021-07-13 06:00:00,IoTPond3,1,22.8125,97.0,5.08,7.31694
2021-07-13 07:00:00,IoTpond1,6,23.375,100.0,7.409000000000001,7.56434
2021-07-13 07:00:00,IoTPond9,5,22.4375,93.0,8.634,7.38957
2021-07-13 07:00:00,IoTPond4,2,23.4375,100.0,1.91,7.68009
2021-07-13 07:00:00,IoTPond3,1,22.8125,77.0,6.776,7.31694
2021-07-13 07:00:00,IoTPond7,4,23.6875,32.0,1.499,6.88569
2021-07-13 07:00:00,IoTPond6,3,22.8125,100.0,3.6475,7.80266
2021-07-13 07:00:00,IoTPond2,0,23.375,100.0,7.409000000000001,7.56434
2021-07-13 08:00:00,IoTPond6,3,22.8125,99.0,6.983499999999999,7.80039
2021-07-13 08:00:00,IoTPond3,1,22.75,99.0,5.08,7.32148
2021-07-13 08:00:00,IoTPond7,4,23.6875,32.5,2.334,6.87661
2021-07-13 08:00:00,IoTpond1,6,23.375,100.0,7.275,7.55753
2021-07-13 08:00:00,IoTPond9,5,22.4375,92.0,8.634,7.38957
2021-07-13 08:00:00,IoTPond4,2,23.5,100.0,1.892,7.68009
2021-07-13 08:00:00,IoTPond2,0,23.375,100.0,7.275,7.55753
2021-07-13 09:00:00,IoTPond6,3,22.9375,92.0,4.802,7.7845
2021-07-13 09:00:00,IoTPond7,4,23.8125,32.0,3.209,6.87661
2021-07-13 09:00:00,IoTpond1,6,23.4375,100.0,4.008,7.53937
2021-07-13 09:00:00,IoTPond4,2,23.5,100.0,2.624,7.68009
2021-07-13 09:00:00,IoTPond2,0,23.4375,100.0,4.008,7.53937
2021-07-13 09:00:00,IoTPond3,1,22.8125,86.0,6.917,7.32148
2021-07-13 09:00:00,IoTPond9,5,22.5,92.0,8.634,7.38957
2021-07-13 10:00:00,IoTPond2,0,23.625,100.0,8.293,7.53029
2021-07-13 10:00:00,IoTPond9,5,22.625,92.0,8.634,7.38049
2021-07-13 10:00:00,IoTPond6,3,23.28125,91.5,9.118500000000001,7.77996
2021-07-13 10:00:00,IoTPond4,2,23.5625,100.0,6.641,7.68009
2021-07-13 10:00:00,IoTPond7,4,23.9375,32.0,5.4215,6.86753
2021-07-13 10:00:00,IoTPond3,1,23.0,85.5,5.195,7.31694
2021-07-13 10:00:00,IoTpond1,6,23.625,100.0,8.293,7.53029
2021-07-13 11:00:00,IoTpond1,6,23.9375,100.0,11.562,7.52121
2021-07-13 11:00:00,IoTPond9,5,22.9375,91.0,8.5495,7.36233
2021-07-13 11:00:00,IoTPond2,0,23.9375,100.0,11.562,7.52121
2021-07-13 11:00:00,IoTPond6,3,23.65625,96.0,9.6675,7.78904
2021-07-13 11:00:00,IoTPond7,4,24.375,32.0,7.8605,6.85391
2021-07-13 11:00:00,IoTPond3,1,23.3125,72.5,10.297,7.3124
2021-07-13 12:00:00,IoTpond1,6,24.375,100.0,12.145,7.53029
2021-07-13 12:00:00,IoTPond7,4,24.75,32.0,8.325,6.84937
2021-07-13 12:00:00,IoTPond6,3,23.75,96.0,9.355,7.79358
2021-07-13 12:00:00,IoTPond9,5,23.5,91.0,9.227,7.37595
2021-07-13 12:00:00,IoTPond3,1,23.625,73.5,7.681,7.3124
2021-07-13 12:00:00,IoTPond2,0,24.375,100.0,12.145,7.53029
2021-07-13 13:00:00,IoTPond9,5,23.6875,91.0,9.059000000000001,7.38957
2021-07-13 13:00:00,IoTpond1,6,24.5,100.0,9.7745,7.53483
2021-07-13 13:00:00,IoTPond3,1,23.6875,93.0,7.239,7.3124
2021-07-13 13:00:00,IoTPond6,3,23.9375,98.0,9.4175,7.79812
2021-07-13 13:00:00,IoTPond7,4,25.21875,32.0,8.3895,6.84937
2021-07-13 13:00:00,IoTPond2,0,24.5,100.0,9.7745,7.53483
2021-07-13 14:00:00,IoTpond1,6,24.75,100.0,9.77,7.53483
2021-07-13 14:00:00,IoTPond6,3,24.0625,98.0,7.454,7.79812
2021-07-13 14:00:00,IoTPond9,5,24.28125,89.5,7.729,7.37595
2021-07-13 14:00:00,IoTPond7,4,25.53125,32.0,11.685500000000001,6.83121
2021-07-13 14:00:00,IoTPond2,0,24.75,100.0,9.77,7.53483
2021-07-13 14:00:00,IoTPond3,1,23.8125,86.0,10.818999999999999,7.3124
2021-07-13 15:00:00,IoTPond7,4,25.75,31.0,10.692,6.82214
2021-07-13 15:00:00,IoTpond1,6,25.0,100.0,10.957,7.53029
2021-07-13 15:00:00,IoTPond9,5,24.5,89.0,9.227,7.38503
2021-07-13 15:00:00,IoTPond6,3,24.25,94.0,6.381,7.80266
2021-07-13 15:00:00,IoTPond3,1,23.9375,76.0,10.9665,7.3124
2021-07-13 15:00:00,IoTPond2,0,25.0,100.0,10.957,7.53029
2021-07-13 16:00:00,IoTPond3,1,24.1875,45.0,10.446,7.30786
2021-07-13 16:00:00,IoTpond1,6,25.1875,100.0,11.120999999999999,7.53029
2021-07-13 16:00:00,IoTPond9,5,24.5625,90.0,8.546,7.38503
2021-07-13 16:00:00,IoTPond6,3,24.375,98.5,7.0445,7.80266
2021-07-13 16:00:00,IoTPond2,0,25.1875,100.0,11.120999999999999,7.53029
2021-07-13 16:00:00,IoTPond7,4,25.75,31.0,7.889,6.80852
2021-07-13 17:00:00,IoTPond6,3,24.375,100.0,6.4655000000000005,7.8072
2021-07-13 17:00:00,IoTPond2,0,25.25,100.0,7.729,7.53483
2021-07-13 17:00:00,IoTPond3,1,24.25,84.0,9.365,7.3124
2021-07-13 17:00:00,IoTPond9,5,24.625,89.0,9.227,7.38957
2021-07-13 17:00:00,IoTPond7,4,25.71875,31.0,8.918,6.81079
2021-07-13 17:00:00,IoTPond4,2,25.3125,100.0,12.2705,7.6574
2021-07-13 17:00:00,IoTpond1,6,25.25,100.0,7.729,7.53483
2021-07-13 18:00:00,IoTPond3,1,24.25,53.5,6.74,7.30786
2021-07-13 18:00:00,IoTPond4,2,25.3125,100.0,9.691,7.66194
2021-07-13 18:00:00,IoTPond9,5,24.625,90.0,9.227,7.38503
2021-07-13 18:00:00,IoTPond7,4,25.6875,31.0,9.571,6.81306
2021-07-13 18:00:00,IoTPond2,0,25.25,100.0,4.893,7.53483
2021-07-13 18:00:00,IoTPond6,3,24.375,100.0,3.634,7.81174
2021-07-13 18:00:00,IoTpond1,6,25.25,100.0,4.893,7.53483
2021-07-13 19:00:00,IoTPond4,2,25.25,100.0,9.0825,7.664210000000001
2021-07-13 19:00:00,IoTPond2,0,25.25,100.0,2.955,7.53483
2021-07-13 19:00:00,IoTPond6,3,24.3125,100.0,2.645,7.81174
2021-07-13 19:00:00,IoTPond9,5,24.5625,89.0,9.227,7.38957
2021-07-13 19:00:00,IoTPond7,4,25.625,31.0,7.16,6.83121
2021-07-13 19:00:00,IoTpond1,6,25.25,100.0,2.955,7.53483
2021-07-13 19:00:00,IoTPond3,1,24.25,86.0,5.08,7.3124
2021-07-13 20:00:00,IoTPond7,4,25.5,31.0,7.845000000000001,6.84937
2021-07-13 20:00:00,IoTPond2,0,25.1875,100.0,3.7605,7.53483
2021-07-13 20:00:00,IoTPond9,5,24.4375,90.0,8.701,7.38503
2021-07-13 20:00:00,IoTPond4,2,25.1875,100.0,7.657,7.66648
2021-07-13 20:00:00,IoTPond6,3,24.3125,100.0,2.8605,7.81628
2021-07-13 20:00:00,IoTPond3,1,24.25,69.0,5.08,7.3124
2021-07-13 20:00:00,IoTpond1,6,25.1875,100.0,3.7605,7.53483
2021-07-13 21:00:00,IoTpond1,6,25.125,100.0,5.654,7.53483
2021-07-13 21:00:00,IoTPond9,5,24.375,87.0,8.591000000000001,7.38503
2021-07-13 21:00:00,IoTPond3,1,24.1875,96.0,4.8934999999999995,7.3124
2021-07-13 21:00:00,IoTPond6,3,24.25,100.0,1.6985000000000001,7.81628
2021-07-13 21:00:00,IoTPond2,0,25.125,100.0,5.654,7.53483
2021-07-13 21:00:00,IoTPond4,2,25.125,100.0,6.7515,7.66875
2021-07-13 21:00:00,IoTPond7,4,25.4375,31.0,4.845,6.85391
2021-07-13 22:00:00,IoTpond1,6,25.0625,100.0,6.5035,7.53483
2021-07-13 22:00:00,IoTPond3,1,24.125,68.5,5.08,7.3124
2021-07-13 22:00:00,IoTPond2,0,25.0625,100.0,6.5035,7.53483
2021-07-13 22:00:00,IoTPond4,2,25.0625,100.0,7.3645,7.66648
2021-07-13 22:00:00,IoTPond9,5,24.3125,85.0,8.458,7.38503
2021-07-13 22:00:00,IoTPond7,4,25.375,31.0,4.397,6.86299
2021-07-13 22:00:00,IoTPond6,3,24.1875,100.0,3.059,7.81174
2021-07-13 23:00:00,IoTPond4,2,25.0,100.0,5.366,7.6574
2021-07-13 23:00:00,IoTPond9,5,24.25,88.0,8.634,7.38503
2021-07-13 23:00:00,IoTPond6,3,24.125,100.0,1.808,7.81628
2021-07-13 23:00:00,IoTPond7,4,25.3125,31.0,3.115,6.87207
2021-07-13 23:00:00,IoTPond3,1,24.125,94.5,5.08,7.3124
2021-07-13 23:00:00,IoTpond1,6,25.0,100.0,9.250499999999999,7.53483
2021-07-13 23:00:00,IoTPond2,0,25.0,100.0,9.250499999999999,7.53483
2021-07-14 00:00:00,IoTPond9,5,24.125,93.0,8.634,7.38503
2021-07-14 00:00:00,IoTPond7,4,25.25,31.0,2.547,6.8698
2021-07-14 00:00:00,IoTPond2,0,25.0,100.0,6.551,7.53483
2021-07-14 00:00:00,IoTPond3,1,24.0625,77.0,5.08,7.31694
2021-07-14 00:00:00,IoTpond1,6,25.0,100.0,6.551,7.53483
2021-07-14 00:00:00,IoTPond4,2,25.0,100.0,5.248,7.66648
2021-07-14 00:00:00,IoTPond6,3,24.0625,100.0,1.512,7.81628
2021-07-14 01:00:00,IoTPond4,2,24.875,100.0,3.3045,7.66648
2021-07-14 01:00:00,IoTPond9,5,24.0625,95.0,8.634,7.38503
2021-07-14 01:00:00,IoTPond3,1,24.0,60.0,5.08,7.31694
2021-07-14 01:00:00,IoTPond7,4,25.125,31.0,1.81,6.87207
2021-07-14 01:00:00,IoTpond1,6,24.9375,100.0,4.412,7.53483
2021-07-14 01:00:00,IoTPond2,0,24.9375,100.0,4.412,7.53483
2021-07-14 01:00:00,IoTPond6,3,24.0,100.0,1.745,7.81628
2021-07-14 02:00:00,IoTPond2,0,24.875,100.0,6.22,7.53483
2021-07-14 02:00:00,IoTPond7,4,25.0625,31.0,2.182,6.87207
2021-07-14 02:00:00,IoTPond6,3,23.9375,100.0,1.479,7.82082
2021-07-14 02:00:00,IoTPond3,1,24.0,96.0,5.08,7.3124
2021-07-14 02:00:00,IoTPond4,2,24.8125,100.0,5.105,7.66194
2021-07-14 02:00:00,IoTPond9,5,23.9375,97.0,8.634,7.38503
2021-07-14 02:00:00,IoTpond1,6,24.875,100.0,6.22,7.53483
2021-07-14 03:00:00,IoTPond2,0,24.75,100.0,4.445,7.53483
2021-07-14 03:00:00,IoTPond3,1,23.9375,96.0,7.6955,7.31694
2021-07-14 03:00:00,IoTPond4,2,24.75,100.0,3.431,7.65967
2021-07-14 03:00:00,IoTPond6,3,23.875,100.0,1.6284999999999998,7.8230900000000005
2021-07-14 03:00:00,IoTpond1,6,24.75,100.0,4.445,7.53483
2021-07-14 03:00:00,IoTPond9,5,23.875,98.0,8.634,7.38503
2021-07-14 03:00:00,IoTPond7,4,25.0,31.0,1.758,6.87661
2021-07-14 04:00:00,IoTPond6,3,23.8125,100.0,4.2445,7.82082
2021-07-14 04:00:00,IoTpond1,6,24.6875,100.0,5.95,7.53483
2021-07-14 04:00:00,IoTPond7,4,24.875,31.0,2.455,6.87661
2021-07-14 04:00:00,IoTPond9,5,23.75,96.0,8.634,7.38503
2021-07-14 04:00:00,IoTPond2,0,24.6875,100.0,5.95,7.53483
2021-07-14 04:00:00,IoTPond3,1,23.875,100.0,5.08,7.31694
2021-07-14 04:00:00,IoTPond4,2,24.6875,100.0,3.245,7.66194
2021-07-14 05:00:00,IoTPond6,3,23.75,100.0,4.543,7.82082
2021-07-14 05:00:00,IoTpond1,6,24.625,100.0,5.3415,7.53483
2021-07-14 05:00:00,IoTPond4,2,24.625,100.0,4.893,7.66194
2021-07-14 05:00:00,IoTPond9,5,23.6875,94.0,8.634,7.38503
2021-07-14 05:00:00,IoTPond3,1,23.8125,96.0,8.828,7.31694
2021-07-14 05:00:00,IoTPond2,0,24.625,100.0,5.3415,7.53483
2021-07-14 05:00:00,IoTPond7,4,24.875,31.0,3.135,6.87661
2021-07-14 06:00:00,IoTPond6,3,23.75,100.0,2.307,7.8230900000000005
2021-07-14 06:00:00,IoTPond9,5,23.625,94.0,9.227,7.38503
2021-07-14 06:00:00,IoTPond2,0,24.5625,100.0,5.958,7.53483
2021-07-14 06:00:00,IoTPond3,1,23.75,92.0,11.1535,7.31694
2021-07-14 06:00:00,IoTpond1,6,24.5625,100.0,5.958,7.53483
2021-07-14 06:00:00,IoTPond4,2,24.5625,100.0,2.907,7.6574
2021-07-14 06:00:00,IoTPond7,4,24.75,31.0,2.527,6.87661
2021-07-14 07:00:00,IoTPond7,4,24.75,31.0,2.7720000000000002,6.87661
2021-07-14 07:00:00,IoTPond4,2,24.5,100.0,2.603,7.66648
2021-07-14 07:00:00,IoTPond3,1,23.6875,91.0,8.4665,7.31694
2021-07-14 07:00:00,IoTPond6,3,23.75,96.5,3.8514999999999997,7.81401
2021-07-14 07:00:00,IoTpond1,6,24.5,100.0,5.908,7.53483
2021-07-14 07:00:00,IoTPond9,5,23.5625,95.0,9.227,7.38049
2021-07-14 07:00:00,IoTPond2,0,24.5,100.0,5.908,7.53483
2021-07-14 08:00:00,IoTPond7,4,24.8125,32.0,2.4,6.87207
2021-07-14 08:00:00,IoTPond3,1,23.6875,98.0,5.08,7.31694
2021-07-14 08:00:00,IoTPond6,3,23.8125,100.0,6.7615,7.81628
2021-07-14 08:00:00,IoTpond1,6,24.5625,100.0,3.651,7.53483
2021-07-14 08:00:00,IoTPond4,2,24.5625,100.0,4.75,7.66648
2021-07-14 08:00:00,IoTPond9,5,23.625,97.0,8.634,7.36687
2021-07-14 08:00:00,IoTPond2,0,24.5625,100.0,3.651,7.53483
2021-07-14 09:00:00,IoTpond1,6,24.5625,100.0,3.786,7.53029
2021-07-14 09:00:00,IoTPond9,5,23.6875,96.0,8.634,7.36687
2021-07-14 09:00:00,IoTPond4,2,24.625,100.0,4.1114999999999995,7.6574
2021-07-14 09:00:00,IoTPond6,3,23.9375,98.0,2.1550000000000002,7.81174
2021-07-14 09:00:00,IoTPond7,4,24.875,32.0,5.067500000000001,6.86753
2021-07-14 09:00:00,IoTPond3,1,23.75,96.0,5.231,7.31694
2021-07-14 09:00:00,IoTPond2,0,24.5625,100.0,3.786,7.53029
2021-07-14 10:00:00,IoTPond3,1,23.8125,97.0,5.08,7.3124
2021-07-14 10:00:00,IoTPond7,4,25.125,31.0,8.282,6.85391
2021-07-14 10:00:00,IoTpond1,6,24.6875,100.0,3.2279999999999998,7.52121
2021-07-14 10:00:00,IoTPond9,5,23.8125,96.0,7.4175,7.36233
2021-07-14 10:00:00,IoTPond4,2,24.75,100.0,5.358,7.6574
2021-07-14 10:00:00,IoTPond2,0,24.6875,100.0,3.2279999999999998,7.52121
2021-07-14 10:00:00,IoTPond6,3,24.0,96.0,4.564,7.8072
2021-07-14 11:00:00,IoTPond9,5,24.0625,96.0,9.737,7.36233
2021-07-14 11:00:00,IoTPond4,2,24.9375,100.0,6.178,7.65286
2021-07-14 11:00:00,IoTPond3,1,23.9375,70.0,6.132,7.30786
2021-07-14 11:00:00,IoTpond1,6,24.8125,100.0,4.906,7.51213
2021-07-14 11:00:00,IoTPond7,4,25.25,32.0,10.576,6.85845
2021-07-14 11:00:00,IoTPond2,0,24.8125,100.0,4.906,7.51213
2021-07-14 11:00:00,IoTPond6,3,24.34375,84.5,9.517,7.79812
2021-07-14 12:00:00,IoTPond7,4,25.75,32.0,9.681000000000001,6.84029
2021-07-14 12:00:00,IoTPond4,2,25.4375,98.0,11.229,7.64832
2021-07-14 12:00:00,IoTPond3,1,24.1875,98.0,10.015,7.30786
2021-07-14 12:00:00,IoTPond2,0,25.125,100.0,10.765,7.49398
2021-07-14 12:00:00,IoTPond6,3,24.6875,94.0,12.483,7.8072
2021-07-14 12:00:00,IoTPond9,5,24.4375,93.0,10.1,7.34417
2021-07-14 12:00:00,IoTpond1,6,25.125,100.0,10.765,7.49398
2021-07-14 13:00:00,IoTPond3,1,24.375,73.5,10.383,7.29878
2021-07-14 13:00:00,IoTPond2,0,25.5,100.0,10.684,7.50306
2021-07-14 13:00:00,IoTPond7,4,26.4375,31.0,13.364,6.83575
2021-07-14 13:00:00,IoTPond6,3,24.8125,97.0,10.184,7.81174
2021-07-14 13:00:00,IoTPond9,5,25.0,95.5,10.943999999999999,7.34417
2021-07-14 13:00:00,IoTpond1,6,25.5,100.0,10.684,7.50306
2021-07-14 13:00:00,IoTPond4,2,25.6875,99.5,12.338000000000001,7.64605
2021-07-14 14:00:00,IoTpond1,6,25.6875,100.0,9.683,7.50306
2021-07-14 14:00:00,IoTPond7,4,26.8125,33.0,4.492,6.83802
2021-07-14 14:00:00,IoTPond3,1,24.5,93.5,8.925,7.29878
2021-07-14 14:00:00,IoTPond6,3,25.0,96.0,6.896,7.81174
2021-07-14 14:00:00,IoTPond9,5,25.3125,94.0,11.3335,7.36233
2021-07-14 14:00:00,IoTPond2,0,25.6875,100.0,9.683,7.50306
2021-07-14 15:00:00,IoTPond6,3,25.125,95.0,6.131,7.81174
2021-07-14 15:00:00,IoTPond9,5,25.625,93.0,5.923,7.36233
2021-07-14 15:00:00,IoTpond1,6,25.875,100.0,7.665,7.50306
2021-07-14 15:00:00,IoTPond2,0,25.875,100.0,7.665,7.50306
2021-07-14 15:00:00,IoTPond7,4,27.0,33.0,4.088,6.83575
2021-07-14 15:00:00,IoTPond4,2,26.0625,100.0,4.8235,7.6347
2021-07-14 15:00:00,IoTPond3,1,24.6875,81.0,6.761,7.30332
2021-07-14 16:00:00,IoTPond9,5,25.75,92.5,9.1305,7.36233
2021-07-14 16:00:00,IoTpond1,6,26.0625,100.0,5.368,7.50079
2021-07-14 16:00:00,IoTPond2,0,26.0625,100.0,5.368,7.50079
2021-07-14 16:00:00,IoTPond4,2,26.25,100.0,11.167,7.64378
2021-07-14 16:00:00,IoTPond6,3,25.25,100.0,4.353,7.81628
2021-07-14 16:00:00,IoTPond3,1,24.875,88.0,5.861,7.30786
2021-07-14 16:00:00,IoTPond7,4,27.0625,33.0,7.301,6.83121
2021-07-14 17:00:00,IoTPond6,3,25.3125,100.0,2.715,7.81628
2021-07-14 17:00:00,IoTPond2,0,26.125,100.0,2.863,7.51213
2021-07-14 17:00:00,IoTPond3,1,24.9375,79.0,5.08,7.30786
2021-07-14 17:00:00,IoTPond4,2,26.25,100.0,8.505,7.63924
2021-07-14 17:00:00,IoTpond1,6,26.125,100.0,2.863,7.51213
2021-07-14 17:00:00,IoTPond9,5,25.8125,94.0,11.309000000000001,7.36687
2021-07-14 17:00:00,IoTPond7,4,27.0,33.0,8.481,6.83121
2021-07-14 18:00:00,IoTpond1,6,26.1875,100.0,6.236,7.51213
2021-07-14 18:00:00,IoTPond7,4,27.0,33.0,5.506,6.83121
2021-07-14 18:00:00,IoTPond9,5,25.8125,94.0,11.261,7.36914
2021-07-14 18:00:00,IoTPond2,0,26.1875,100.0,6.236,7.51213
2021-07-14 18:00:00,IoTPond4,2,26.3125,100.0,9.712499999999999,7.632429999999999
2021-07-14 18:00:00,IoTPond6,3,25.3125,100.0,2.759,7.82536
2021-07-14 18:00:00,IoTPond3,1,25.0,76.5,5.08,7.31013
2021-07-14 19:00:00,IoTPond6,3,25.25,100.0,2.971,7.82536
2021-07-14 19:00:00,IoTPond4,2,26.3125,100.0,6.191,7.6347
2021-07-14 19:00:00,IoTPond9,5,25.6875,94.0,11.141,7.36687
2021-07-14 19:00:00,IoTPond3,1,25.0,86.0,5.08,7.30786
2021-07-14 19:00:00,IoTPond7,4,26.8125,32.0,4.972,6.84029
2021-07-14 19:00:00,IoTPond2,0,26.1875,100.0,8.197,7.51213
2021-07-14 19:00:00,IoTpond1,6,26.1875,100.0,8.197,7.51213
2021-07-14 20:00:00,IoTPond6,3,25.1875,100.0,2.555,7.82536
2021-07-14 20:00:00,IoTpond1,6,26.125,100.0,5.132,7.518940000000001
2021-07-14 20:00:00,IoTPond3,1,24.9375,85.0,5.08,7.30786
2021-07-14 20:00:00,IoTPond4,2,26.21875,100.0,5.585,7.63016
2021-07-14 20:00:00,IoTPond9,5,25.625,94.0,8.105,7.36687
2021-07-14 20:00:00,IoTPond2,0,26.125,100.0,5.132,7.518940000000001
2021-07-14 20:00:00,IoTPond7,4,26.6875,32.0,3.601,6.84937
2021-07-14 21:00:00,IoTPond3,1,24.875,87.0,5.08,7.3124
2021-07-14 21:00:00,IoTPond6,3,25.125,100.0,2.026,7.82536
2021-07-14 21:00:00,IoTPond4,2,26.125,100.0,6.715999999999999,7.63016
2021-07-14 21:00:00,IoTPond7,4,26.5,32.0,3.038,6.85391
2021-07-14 21:00:00,IoTPond2,0,26.0,100.0,6.929,7.52121
2021-07-14 21:00:00,IoTpond1,6,26.0,100.0,6.929,7.52121
2021-07-14 21:00:00,IoTPond9,5,25.5,93.0,6.539,7.36687
2021-07-14 22:00:00,IoTpond1,6,25.9375,100.0,5.606999999999999,7.52121
2021-07-14 22:00:00,IoTPond7,4,26.375,32.0,2.5084999999999997,6.85845
2021-07-14 22:00:00,IoTPond2,0,25.9375,100.0,5.606999999999999,7.52121
2021-07-14 22:00:00,IoTPond4,2,26.0625,100.0,4.4045000000000005,7.6347
2021-07-14 22:00:00,IoTPond9,5,25.375,94.0,5.27,7.36687
2021-07-14 22:00:00,IoTPond6,3,25.0,100.0,1.577,7.82082
2021-07-14 22:00:00,IoTPond3,1,24.875,99.0,5.08,7.3124
2021-07-14 23:00:00,IoTPond3,1,24.75,96.0,9.703,7.3124
2021-07-14 23:00:00,IoTPond7,4,26.25,32.0,2.033,6.85845
2021-07-14 23:00:00,IoTPond9,5,25.1875,95.0,3.908,7.36687
2021-07-14 23:00:00,IoTPond2,0,25.8125,100.0,6.84,7.52121
2021-07-14 23:00:00,IoTpond1,6,25.8125,100.0,6.84,7.52121
2021-07-14 23:00:00,IoTPond6,3,24.875,100.0,2.7969999999999997,7.82536
2021-07-14 23:00:00,IoTPond4,2,25.9375,100.0,3.924,7.6347
2021-07-15 00:00:00,IoTPond9,5,25.0625,96.0,3.456,7.37141
2021-07-15 00:00:00,IoTpond1,6,25.6875,100.0,9.2625,7.52348
2021-07-15 00:00:00,IoTPond4,2,25.75,100.0,5.11,7.6347
2021-07-15 00:00:00,IoTPond7,4,26.0625,32.0,4.618,6.86753
2021-07-15 00:00:00,IoTPond3,1,24.6875,96.0,5.451,7.3124
2021-07-15 00:00:00,IoTPond2,0,25.6875,100.0,9.2625,7.52348
2021-07-15 00:00:00,IoTPond6,3,24.8125,100.0,7.319,7.82082
2021-07-15 01:00:00,IoTPond9,5,24.8125,97.0,3.836,7.37595
2021-07-15 01:00:00,IoTpond1,6,25.5625,100.0,7.4965,7.52121
2021-07-15 01:00:00,IoTPond3,1,24.5625,90.0,9.314,7.3124
2021-07-15 01:00:00,IoTPond4,2,25.6875,100.0,2.747,7.6347
2021-07-15 01:00:00,IoTPond2,0,25.5625,100.0,7.4965,7.52121
2021-07-15 01:00:00,IoTPond6,3,24.6875,100.0,2.197,7.82536
2021-07-15 01:00:00,IoTPond7,4,25.84375,32.0,2.234,6.87207
2021-07-15 02:00:00,IoTPond9,5,24.6875,94.0,2.049,7.37368
2021-07-15 02:00:00,IoTPond3,1,24.4375,87.0,8.595,7.3124
2021-07-15 02:00:00,IoTpond1,6,25.5,100.0,9.371,7.52121
2021-07-15 02:00:00,IoTPond2,0,25.5,100.0,9.371,7.52121
2021-07-15 02:00:00,IoTPond6,3,24.5625,100.0,1.791,7.82082
2021-07-15 02:00:00,IoTPond4,2,25.5625,100.0,4.966,7.63697
2021-07-15 02:00:00,IoTPond7,4,25.6875,32.0,7.128,6.87207
2021-07-15 03:00:00,IoTPond7,4,25.5625,32.0,4.425000000000001,6.88115
2021-07-15 03:00:00,IoTPond3,1,24.375,88.0,7.784,7.3124
2021-07-15 03:00:00,IoTPond9,5,24.5625,94.0,2.273,7.37595
2021-07-15 03:00:00,IoTPond2,0,25.375,100.0,7.569,7.52121
2021-07-15 03:00:00,IoTPond6,3,24.4375,99.0,3.3635,7.82536
2021-07-15 03:00:00,IoTpond1,6,25.375,100.0,7.569,7.52121
2021-07-15 03:00:00,IoTPond4,2,25.4375,100.0,5.414,7.6347
2021-07-15 04:00:00,IoTPond2,0,25.25,100.0,5.222,7.52121
2021-07-15 04:00:00,IoTPond3,1,24.25,85.0,7.099,7.3124
2021-07-15 04:00:00,IoTpond1,6,25.25,100.0,5.222,7.52121
2021-07-15 04:00:00,IoTPond4,2,25.3125,100.0,3.2515,7.6347
2021-07-15 04:00:00,IoTPond9,5,24.375,94.0,3.456,7.37141
2021-07-15 04:00:00,IoTPond7,4,25.4375,32.0,4.221,6.88115
2021-07-15 04:00:00,IoTPond6,3,24.3125,100.0,1.766,7.82536
2021-07-15 05:00:00,IoTPond9,5,24.25,94.0,2.3280000000000003,7.37595
2021-07-15 05:00:00,IoTPond7,4,25.3125,32.0,2.41,6.88569
2021-07-15 05:00:00,IoTpond1,6,25.125,100.0,6.904,7.52121
2021-07-15 05:00:00,IoTPond2,0,25.125,100.0,6.904,7.52121
2021-07-15 05:00:00,IoTPond6,3,24.25,100.0,3.1395,7.82082
2021-07-15 05:00:00,IoTPond4,2,25.1875,100.0,6.3629999999999995,7.63697
2021-07-15 05:00:00,IoTPond3,1,24.1875,95.0,9.0475,7.3124
2021-07-15 06:00:00,IoTPond4,2,25.125,100.0,2.394,7.63924
2021-07-15 06:00:00,IoTPond7,4,25.21875,32.0,4.2925,6.88569
2021-07-15 06:00:00,IoTPond2,0,25.0,100.0,5.7305,7.52121
2021-07-15 06:00:00,IoTPond9,5,24.125,95.0,2.932,7.37141
2021-07-15 06:00:00,IoTPond3,1,24.0625,84.0,7.826,7.3124
2021-07-15 06:00:00,IoTPond6,3,24.125,100.0,2.273,7.82082
2021-07-15 06:00:00,IoTpond1,6,25.0,100.0,5.7305,7.52121
2021-07-15 07:00:00,IoTPond4,2,25.0,100.0,3.388,7.63924
2021-07-15 07:00:00,IoTPond9,5,24.0,94.0,2.7039999999999997,7.37368
2021-07-15 07:00:00,IoTPond7,4,25.125,32.5,5.0375,6.88569
2021-07-15 07:00:00,IoTpond1,6,24.9375,100.0,6.5329999999999995,7.52348
2021-07-15 07:00:00,IoTPond3,1,24.0,85.0,6.499,7.3124
2021-07-15 07:00:00,IoTPond6,3,24.0625,100.0,3.0380000000000003,7.81628
2021-07-15 07:00:00,IoTPond2,0,24.9375,100.0,6.5329999999999995,7.52348
2021-07-15 08:00:00,IoTpond1,6,24.875,100.0,7.133,7.52121
2021-07-15 08:00:00,IoTPond4,2,24.9375,100.0,3.468,7.63924
2021-07-15 08:00:00,IoTPond3,1,23.9375,93.0,8.445,7.3124
2021-07-15 08:00:00,IoTPond6,3,24.0,100.0,6.457000000000001,7.82082
2021-07-15 08:00:00,IoTPond7,4,25.0625,32.0,4.677,6.88569
2021-07-15 08:00:00,IoTPond9,5,23.9375,93.0,2.231,7.36687
2021-07-15 08:00:00,IoTPond2,0,24.875,100.0,7.133,7.52121
2021-07-15 09:00:00,IoTPond9,5,23.875,93.0,1.455,7.37141
2021-07-15 09:00:00,IoTPond2,0,24.8125,100.0,8.19,7.51213
2021-07-15 09:00:00,IoTPond4,2,24.875,100.0,2.256,7.63924
2021-07-15 09:00:00,IoTpond1,6,24.8125,100.0,8.19,7.51213
2021-07-15 09:00:00,IoTPond6,3,23.96875,100.0,7.915,7.81628
2021-07-15 09:00:00,IoTPond7,4,25.0,32.0,6.728,6.88569
2021-07-15 09:00:00,IoTPond3,1,23.875,89.0,9.141,7.3124
2021-07-15 10:00:00,IoTPond7,4,24.875,32.0,1.153,6.89023
2021-07-15 10:00:00,IoTPond6,3,23.9375,99.0,5.378,7.81628
2021-07-15 10:00:00,IoTpond1,6,24.75,100.0,5.5865,7.51213
2021-07-15 10:00:00,IoTPond9,5,23.8125,95.0,2.6065,7.364599999999999
2021-07-15 10:00:00,IoTPond2,0,24.75,100.0,5.5865,7.51213
2021-07-15 10:00:00,IoTPond4,2,24.875,100.0,1.749,7.63016
2021-07-15 10:00:00,IoTPond3,1,23.875,78.0,10.462,7.3124
2021-07-15 11:00:00,IoTPond9,5,23.75,93.0,2.66,7.36687
2021-07-15 11:00:00,IoTPond6,3,23.875,98.0,2.3564999999999996,7.81174
2021-07-15 11:00:00,IoTPond7,4,24.8125,32.0,3.8200000000000003,6.8925
2021-07-15 11:00:00,IoTPond2,0,24.6875,100.0,4.589,7.518940000000001
2021-07-15 11:00:00,IoTpond1,6,24.6875,100.0,4.589,7.518940000000001
2021-07-15 11:00:00,IoTPond3,1,23.8125,95.0,5.4495000000000005,7.3124
2021-07-15 11:00:00,IoTPond4,2,24.8125,100.0,5.73,7.63924
2021-07-15 12:00:00,IoTPond4,2,24.75,100.0,4.927,7.63924
2021-07-15 12:00:00,IoTPond2,0,24.6875,100.0,3.626,7.51213
2021-07-15 12:00:00,IoTPond3,1,23.75,85.0,5.2315000000000005,7.3124
2021-07-15 12:00:00,IoTPond9,5,23.8125,93.0,4.686,7.36233
2021-07-15 12:00:00,IoTPond7,4,25.0,32.0,5.751,6.89023
2021-07-15 12:00:00,IoTPond6,3,23.9375,99.0,2.088,7.8072
2021-07-15 12:00:00,IoTpond1,6,24.6875,100.0,3.626,7.51213
2021-07-15 13:00:00,IoTPond3,1,23.8125,93.5,5.08,7.3124
2021-07-15 13:00:00,IoTPond6,3,23.9375,100.0,5.856,7.81174
2021-07-15 13:00:00,IoTPond7,4,25.0625,32.0,5.622,6.88569
2021-07-15 13:00:00,IoTPond9,5,23.875,91.0,8.27,7.36233
2021-07-15 13:00:00,IoTPond2,0,24.6875,100.0,4.319,7.50759
2021-07-15 13:00:00,IoTpond1,6,24.6875,100.0,4.319,7.50759
2021-07-15 13:00:00,IoTPond4,2,24.8125,100.0,6.153,7.63924
2021-07-15 14:00:00,IoTPond6,3,24.0,100.0,6.542,7.81174
2021-07-15 14:00:00,IoTPond7,4,25.0625,32.0,4.744999999999999,6.88569
2021-07-15 14:00:00,IoTPond2,0,24.75,100.0,3.118,7.51213
2021-07-15 14:00:00,IoTpond1,6,24.75,100.0,3.118,7.51213
2021-07-15 14:00:00,IoTPond9,5,23.9375,90.0,7.918,7.36233
2021-07-15 14:00:00,IoTPond3,1,23.84375,94.0,7.060499999999999,7.3124
2021-07-15 14:00:00,IoTPond4,2,24.8125,100.0,3.803,7.6347
2021-07-15 15:00:00,IoTPond9,5,23.9375,91.0,6.481,7.35779
2021-07-15 15:00:00,IoTPond2,0,24.75,100.0,6.7955000000000005,7.50986
2021-07-15 15:00:00,IoTPond3,1,23.875,80.0,7.614,7.30786
2021-07-15 15:00:00,IoTPond7,4,25.1875,32.0,3.996,6.88569
2021-07-15 15:00:00,IoTPond4,2,24.8125,100.0,2.831,7.6347
2021-07-15 15:00:00,IoTpond1,6,24.75,100.0,6.7955000000000005,7.50986
2021-07-15 15:00:00,IoTPond6,3,24.0,100.0,5.542999999999999,7.81174
2021-07-15 16:00:00,IoTpond1,6,24.75,100.0,8.097,7.51213
2021-07-15 16:00:00,IoTPond4,2,24.8125,100.0,3.4989999999999997,7.6347
2021-07-15 16:00:00,IoTPond2,0,24.75,100.0,8.097,7.51213
2021-07-15 16:00:00,IoTPond6,3,23.9375,99.0,2.731,7.81401
2021-07-15 16:00:00,IoTPond7,4,25.0,32.0,3.608,6.89023
2021-07-15 16:00:00,IoTPond9,5,23.9375,90.0,7.2705,7.36233
2021-07-15 16:00:00,IoTPond3,1,23.8125,94.0,6.949,7.3124
2021-07-15 17:00:00,IoTPond4,2,24.75,100.0,3.135,7.63924
2021-07-15 17:00:00,IoTPond3,1,23.8125,87.0,7.463,7.3124
2021-07-15 17:00:00,IoTPond7,4,24.9375,32.0,2.079,6.89023
2021-07-15 17:00:00,IoTPond9,5,23.8125,90.0,5.9,7.36233
2021-07-15 17:00:00,IoTPond6,3,23.8125,100.0,8.471499999999999,7.8072
2021-07-15 17:00:00,IoTPond2,0,24.6875,100.0,8.126000000000001,7.52121
2021-07-15 17:00:00,IoTpond1,6,24.6875,100.0,8.126000000000001,7.52121
2021-07-15 18:00:00,IoTPond4,2,24.6875,100.0,4.8045,7.64832
2021-07-15 18:00:00,IoTPond7,4,24.8125,32.0,1.808,6.89023
2021-07-15 18:00:00,IoTPond6,3,23.75,100.0,4.713,7.80266
2021-07-15 18:00:00,IoTPond9,5,23.75,92.0,5.9135,7.36687
2021-07-15 18:00:00,IoTPond3,1,23.75,79.0,6.632,7.30786
2021-07-15 18:00:00,IoTPond2,0,24.625,100.0,6.029999999999999,7.51667
2021-07-15 18:00:00,IoTpond1,6,24.625,100.0,6.029999999999999,7.51667
2021-07-15 19:00:00,IoTPond9,5,23.6875,92.0,4.4990000000000006,7.36687
2021-07-15 19:00:00,IoTPond7,4,24.6875,32.0,2.129,6.89477
2021-07-15 19:00:00,IoTPond4,2,24.625,100.0,6.077,7.64832
2021-07-15 19:00:00,IoTPond3,1,23.6875,78.0,8.819500000000001,7.31694
2021-07-15 19:00:00,IoTPond6,3,23.6875,100.0,4.347,7.80266
2021-07-15 19:00:00,IoTpond1,6,24.5,100.0,7.095000000000001,7.52121
2021-07-15 19:00:00,IoTPond2,0,24.5,100.0,7.095000000000001,7.52121
2021-07-15 20:00:00,IoTPond4,2,24.5,100.0,1.8165,7.64832
2021-07-15 20:00:00,IoTPond9,5,23.5625,91.0,4.298,7.36687
2021-07-15 20:00:00,IoTpond1,6,24.4375,100.0,7.04,7.52121
2021-07-15 20:00:00,IoTPond6,3,23.5625,100.0,5.7755,7.804930000000001
2021-07-15 20:00:00,IoTPond7,4,24.625,32.0,1.343,6.89477
2021-07-15 20:00:00,IoTPond2,0,24.4375,100.0,7.04,7.52121
2021-07-15 20:00:00,IoTPond3,1,23.625,77.0,5.329,7.31694
2021-07-15 21:00:00,IoTPond7,4,24.5,32.0,5.029,6.89477
2021-07-15 21:00:00,IoTPond2,0,24.375,100.0,5.7425,7.52121
2021-07-15 21:00:00,IoTPond4,2,24.4375,100.0,4.344,7.63924
2021-07-15 21:00:00,IoTpond1,6,24.375,100.0,5.7425,7.52121
2021-07-15 21:00:00,IoTPond3,1,23.5625,74.0,6.329000000000001,7.31694
2021-07-15 21:00:00,IoTPond6,3,23.5625,100.0,4.423,7.79585
2021-07-15 21:00:00,IoTPond9,5,23.4375,90.0,3.517,7.36687
2021-07-15 22:00:00,IoTPond9,5,23.375,92.0,3.338,7.36233
2021-07-15 22:00:00,IoTPond4,2,24.375,100.0,3.258,7.65286
2021-07-15 22:00:00,IoTPond7,4,24.4375,32.0,5.324,6.89931
2021-07-15 22:00:00,IoTPond2,0,24.3125,100.0,3.795,7.52121
2021-07-15 22:00:00,IoTPond6,3,23.5,100.0,5.133,7.79812
2021-07-15 22:00:00,IoTPond3,1,23.4375,73.0,7.498,7.31694
2021-07-15 22:00:00,IoTpond1,6,24.3125,100.0,3.795,7.52121
2021-07-15 23:00:00,IoTPond9,5,23.25,89.0,1.794,7.36233
2021-07-15 23:00:00,IoTPond2,0,24.1875,100.0,7.175,7.52121
2021-07-15 23:00:00,IoTpond1,6,24.1875,100.0,7.175,7.52121
2021-07-15 23:00:00,IoTPond7,4,24.375,32.0,2.628,6.89477
2021-07-15 23:00:00,IoTPond4,2,24.25,100.0,2.831,7.64378
2021-07-15 23:00:00,IoTPond3,1,23.4375,93.0,5.218,7.31694
2021-07-15 23:00:00,IoTPond6,3,23.4375,100.0,2.1685,7.79358
2021-07-16 00:00:00,IoTPond9,5,23.1875,87.0,2.026,7.36687
2021-07-16 00:00:00,IoTPond2,0,24.1875,100.0,8.371500000000001,7.52121
2021-07-16 00:00:00,IoTPond3,1,23.375,75.0,10.426,7.31694
2021-07-16 00:00:00,IoTpond1,6,24.1875,100.0,8.371500000000001,7.52121
2021-07-16 00:00:00,IoTPond7,4,24.3125,32.0,3.3129999999999997,6.8925
2021-07-16 00:00:00,IoTPond4,2,24.1875,100.0,6.668,7.64832
2021-07-16 15:00:00,IoTPond6,3,23.375,98.0,2.6550000000000002,7.82536
2021-07-16 16:00:00,IoTPond2,0,24.125,100.0,4.158,7.52121
2021-07-16 16:00:00,IoTPond3,1,23.375,49.0,5.08,7.86621
2021-07-16 16:00:00,IoTPond6,3,23.375,100.0,4.543,7.81628
2021-07-16 16:00:00,IoTpond1,6,24.125,100.0,4.158,7.52121
2021-07-16 16:00:00,IoTPond4,2,24.3125,100.0,5.147,7.75273
2021-07-16 16:00:00,IoTPond9,5,23.4375,96.0,6.449,7.38957
2021-07-16 17:00:00,IoTpond1,6,24.125,100.0,6.541499999999999,7.52121
2021-07-16 17:00:00,IoTPond7,4,24.53125,33.5,2.5015,6.8698
2021-07-16 17:00:00,IoTPond6,3,23.3125,100.0,3.2535,7.81174
2021-07-16 17:00:00,IoTPond3,1,23.375,89.0,5.08,8.37463
2021-07-16 17:00:00,IoTPond9,5,23.375,98.5,8.602,7.38503
2021-07-16 17:00:00,IoTPond2,0,24.125,100.0,6.541499999999999,7.52121
2021-07-16 18:00:00,IoTPond9,5,23.3125,96.0,8.634,7.38049
2021-07-16 18:00:00,IoTPond3,1,23.28125,93.0,5.677,8.099995
2021-07-16 18:00:00,IoTPond2,0,24.0625,100.0,7.911,7.52121
2021-07-16 18:00:00,IoTPond6,3,23.25,100.0,6.275,7.80266
2021-07-16 18:00:00,IoTpond1,6,24.0625,100.0,7.911,7.52121
2021-07-16 18:00:00,IoTPond7,4,24.4375,34.0,1.2,6.87661
2021-07-16 19:00:00,IoTPond3,1,23.25,94.5,10.6005,7.537100000000001
2021-07-16 19:00:00,IoTPond2,0,24.0,100.0,7.615,7.52575
2021-07-16 19:00:00,IoTPond6,3,23.1875,100.0,2.7715,7.79358
2021-07-16 19:00:00,IoTpond1,6,24.0,100.0,7.615,7.52575
2021-07-16 19:00:00,IoTPond7,4,24.375,34.0,2.045,6.86753
2021-07-16 19:00:00,IoTPond9,5,23.1875,96.0,8.132,7.37595
2021-07-16 20:00:00,IoTPond3,1,23.1875,96.0,9.444500000000001,7.42134
2021-07-16 20:00:00,IoTPond2,0,23.9375,100.0,4.33,7.52121
2021-07-16 20:00:00,IoTPond7,4,24.25,34.0,7.894,6.87207
2021-07-16 20:00:00,IoTpond1,6,23.9375,100.0,4.33,7.52121
2021-07-16 20:00:00,IoTPond9,5,23.125,98.0,7.605499999999999,7.37595
2021-07-16 20:00:00,IoTPond6,3,23.125,100.0,3.7045000000000003,7.79812
2021-07-16 21:00:00,IoTPond9,5,23.0625,98.0,8.634,7.37595
2021-07-16 21:00:00,IoTPond2,0,23.875,100.0,6.869,7.52121
2021-07-16 21:00:00,IoTPond7,4,24.1875,34.0,4.4495000000000005,6.87434
2021-07-16 21:00:00,IoTPond6,3,23.0625,100.0,1.4235,7.80266
2021-07-16 21:00:00,IoTpond1,6,23.875,100.0,6.869,7.52121
2021-07-16 21:00:00,IoTPond3,1,23.125,96.0,8.605,7.4395
2021-07-16 22:00:00,IoTPond9,5,22.9375,99.0,8.634,7.38049
2021-07-16 22:00:00,IoTPond3,1,23.0625,97.0,7.8505,7.42134
2021-07-16 22:00:00,IoTPond6,3,23.0,100.0,6.5965,7.80266
2021-07-16 22:00:00,IoTPond7,4,24.125,34.0,1.6395,6.87661
2021-07-16 22:00:00,IoTPond2,0,23.8125,100.0,6.195,7.52121
2021-07-16 22:00:00,IoTpond1,6,23.8125,100.0,6.195,7.52121
2021-07-16 23:00:00,IoTpond1,6,23.75,100.0,7.824,7.52121
2021-07-16 23:00:00,IoTPond3,1,23.0,97.0,7.7125,7.43042
2021-07-16 23:00:00,IoTPond7,4,24.0625,34.0,2.806,6.87207
2021-07-16 23:00:00,IoTPond9,5,22.875,96.0,8.634,7.37595
2021-07-16 23:00:00,IoTPond6,3,23.0,100.0,5.643,7.80266
2021-07-16 23:00:00,IoTPond2,0,23.75,100.0,7.824,7.52121
2021-07-17 00:00:00,IoTPond9,5,22.8125,96.0,8.634,7.37595
2021-07-17 00:00:00,IoTPond7,4,24.0,34.0,7.945,6.87207
2021-07-17 00:00:00,IoTPond6,3,22.9375,100.0,5.709,7.80266
2021-07-17 00:00:00,IoTPond3,1,23.0,97.0,7.141,7.41681
2021-07-17 00:00:00,IoTPond2,0,23.6875,100.0,8.7305,7.52121
2021-07-17 00:00:00,IoTpond1,6,23.6875,100.0,8.7305,7.52121
2021-07-17 01:00:00,IoTPond6,3,22.875,100.0,7.257,7.79358
2021-07-17 01:00:00,IoTPond3,1,22.9375,75.5,7.63,7.42134
2021-07-17 01:00:00,IoTPond7,4,23.9375,34.0,6.489,6.87207
2021-07-17 01:00:00,IoTpond1,6,23.6875,100.0,8.828,7.52121
2021-07-17 01:00:00,IoTPond9,5,22.75,96.0,8.634,7.38049
2021-07-17 01:00:00,IoTPond2,0,23.6875,100.0,8.828,7.52121
2021-07-17 02:00:00,IoTPond7,4,23.875,34.0,4.168,6.87207
2021-07-17 02:00:00,IoTpond1,6,23.625,100.0,4.99,7.52121
2021-07-17 02:00:00,IoTPond3,1,22.875,96.0,7.37,7.40319
2021-07-17 02:00:00,IoTPond2,0,23.625,100.0,4.99,7.52121
2021-07-17 02:00:00,IoTPond6,3,22.8125,100.0,4.105,7.77996
2021-07-17 02:00:00,IoTPond9,5,22.6875,97.0,8.634,7.37141
2021-07-17 03:00:00,IoTpond1,6,23.5625,100.0,5.383,7.52121
2021-07-17 03:00:00,IoTPond2,0,23.5625,100.0,5.383,7.52121
2021-07-17 03:00:00,IoTPond7,4,23.75,34.0,5.606,6.87661
2021-07-17 03:00:00,IoTPond6,3,22.75,100.0,5.586499999999999,7.77996
2021-07-17 03:00:00,IoTPond3,1,22.8125,59.0,9.569,7.38957
2021-07-17 03:00:00,IoTPond9,5,22.625,97.0,9.227,7.36687
2021-07-17 04:00:00,IoTPond7,4,23.75,34.0,7.417999999999999,6.88115
2021-07-17 04:00:00,IoTPond9,5,22.5625,97.0,8.882,7.37141
2021-07-17 04:00:00,IoTpond1,6,23.5,100.0,8.016,7.52121
2021-07-17 04:00:00,IoTPond3,1,22.8125,60.0,7.5875,7.39865
2021-07-17 04:00:00,IoTPond6,3,22.6875,100.0,7.564,7.77542
2021-07-17 04:00:00,IoTPond2,0,23.5,100.0,8.016,7.52121
2021-07-17 05:00:00,IoTPond6,3,22.6875,100.0,1.17,7.76634
2021-07-17 05:00:00,IoTPond9,5,22.5,96.0,8.634,7.37595
2021-07-17 05:00:00,IoTPond2,0,23.5,100.0,3.026,7.52121
2021-07-17 05:00:00,IoTPond3,1,22.75,67.0,10.6265,7.38957
2021-07-17 05:00:00,IoTpond1,6,23.5,100.0,3.026,7.52121
2021-07-17 05:00:00,IoTPond7,4,23.6875,34.0,6.1325,6.87661
2021-07-17 06:00:00,IoTPond9,5,22.4375,95.5,8.634,7.36687
2021-07-17 06:00:00,IoTPond2,0,23.4375,100.0,9.391,7.52121
2021-07-17 06:00:00,IoTPond3,1,22.75,100.0,5.08,7.38957
2021-07-17 06:00:00,IoTpond1,6,23.4375,100.0,9.391,7.52121
2021-07-17 06:00:00,IoTPond6,3,22.625,100.0,3.718,7.77542
2021-07-17 06:00:00,IoTPond7,4,23.65625,34.0,7.628,6.87661
2021-07-17 06:00:00,IoTPond4,2,23.5,100.0,0.964,7.73911
2021-07-17 07:00:00,IoTPond2,0,23.375,100.0,6.4765,7.52121
2021-07-17 07:00:00,IoTPond7,4,23.625,34.0,7.32,6.86753
2021-07-17 07:00:00,IoTPond6,3,22.625,100.0,8.984,7.74365
2021-07-17 07:00:00,IoTPond3,1,22.6875,99.0,7.304,7.39865
2021-07-17 07:00:00,IoTPond9,5,22.4375,98.0,5.039,7.36687
2021-07-17 07:00:00,IoTpond1,6,23.375,100.0,6.4765,7.52121
2021-07-17 08:00:00,IoTPond2,0,23.375,100.0,6.351,7.50759
2021-07-17 08:00:00,IoTPond7,4,23.75,34.0,5.365,6.86753
2021-07-17 08:00:00,IoTPond6,3,22.75,97.0,5.6765,7.72776
2021-07-17 08:00:00,IoTPond9,5,22.4375,97.5,1.387,7.35779
2021-07-17 08:00:00,IoTPond3,1,22.6875,100.0,8.72,7.38957
2021-07-17 08:00:00,IoTpond1,6,23.375,100.0,6.351,7.50759
2021-07-17 09:00:00,IoTPond6,3,22.875,92.5,2.6515,7.71187
2021-07-17 09:00:00,IoTPond7,4,24.0,34.0,1.791,6.86299
2021-07-17 09:00:00,IoTpond1,6,23.5,100.0,3.191,7.48944
2021-07-17 09:00:00,IoTPond9,5,22.625,98.0,4.5865,7.33056
2021-07-17 09:00:00,IoTPond3,1,22.75,99.0,7.72,7.36233
2021-07-17 09:00:00,IoTPond2,0,23.5,100.0,3.191,7.48944
2021-07-17 10:00:00,IoTPond6,3,23.1875,95.0,5.467499999999999,7.70279
2021-07-17 10:00:00,IoTPond2,0,23.625,100.0,2.995,7.47809
2021-07-17 10:00:00,IoTPond3,1,23.0,62.0,5.08,7.35325
2021-07-17 10:00:00,IoTPond7,4,24.125,33.0,4.302,6.85391
2021-07-17 10:00:00,IoTPond9,5,22.8125,98.0,6.252000000000001,7.32602
2021-07-17 10:00:00,IoTpond1,6,23.625,100.0,2.995,7.47809
2021-07-17 11:00:00,IoTPond2,0,24.0,100.0,6.878,7.46674
2021-07-17 11:00:00,IoTPond9,5,23.09375,96.0,9.337,7.30786
2021-07-17 11:00:00,IoTPond3,1,23.25,64.0,8.444500000000001,7.33963
2021-07-17 11:00:00,IoTpond1,6,24.0,100.0,6.878,7.46674
2021-07-17 11:00:00,IoTPond6,3,23.4375,95.0,10.444,7.70279
2021-07-17 12:00:00,IoTPond9,5,23.5,95.0,6.2705,7.31921
2021-07-17 12:00:00,IoTPond6,3,23.8125,97.0,7.534000000000001,7.72549
2021-07-17 12:00:00,IoTpond1,6,24.1875,100.0,8.68,7.46674
2021-07-17 12:00:00,IoTPond3,1,23.4375,71.0,8.3595,7.33056
2021-07-17 12:00:00,IoTPond2,0,24.1875,100.0,8.68,7.46674
2021-07-17 13:00:00,IoTPond2,0,24.5,100.0,8.19,7.48036
2021-07-17 13:00:00,IoTPond6,3,23.875,98.0,4.3155,7.72549
2021-07-17 13:00:00,IoTpond1,6,24.5,100.0,8.19,7.48036
2021-07-17 13:00:00,IoTPond3,1,23.6875,67.0,10.141,7.33056
2021-07-17 14:00:00,IoTPond2,0,24.6875,100.0,5.595000000000001,7.47128
2021-07-17 14:00:00,IoTPond6,3,24.0625,98.0,3.44,7.73003
2021-07-17 14:00:00,IoTpond1,6,24.6875,100.0,5.595000000000001,7.47128
2021-07-17 14:00:00,IoTPond3,1,23.8125,68.0,8.445,7.33056
2021-07-17 15:00:00,IoTpond1,6,24.875,100.0,3.52,7.47128
2021-07-17 15:00:00,IoTPond3,1,23.9375,66.0,6.618,7.32602
2021-07-17 15:00:00,IoTPond2,0,24.875,100.0,3.52,7.47128
2021-07-17 15:00:00,IoTPond6,3,24.1875,93.0,6.161,7.73003
2021-07-17 16:00:00,IoTPond2,0,25.0625,100.0,5.943,7.46674
2021-07-17 16:00:00,IoTpond1,6,25.0625,100.0,5.943,7.46674
2021-07-17 16:00:00,IoTPond3,1,24.125,69.5,5.3835,7.32148
2021-07-17 16:00:00,IoTPond6,3,24.375,95.0,7.141500000000001,7.73457
2021-07-17 17:00:00,IoTpond1,6,25.1875,100.0,6.263,7.47128
2021-07-17 17:00:00,IoTPond2,0,25.1875,100.0,6.263,7.47128
2021-07-17 17:00:00,IoTPond3,1,24.25,100.0,5.08,7.31694
2021-07-17 17:00:00,IoTPond6,3,24.4375,100.0,8.777000000000001,7.73911
2021-07-17 18:00:00,IoTPond2,0,25.25,100.0,6.151,7.48036
2021-07-17 18:00:00,IoTPond3,1,24.25,74.0,3.465,7.31694
2021-07-17 18:00:00,IoTPond9,5,24.75,88.0,9.227,7.33056
2021-07-17 18:00:00,IoTPond7,4,25.8125,29.0,2.346,6.82667
2021-07-17 18:00:00,IoTPond4,2,25.4375,100.0,7.585,7.612
2021-07-17 18:00:00,IoTpond1,6,25.25,100.0,6.151,7.48036
2021-07-17 18:00:00,IoTPond6,3,24.4375,100.0,6.465,7.7504550000000005
2021-07-17 19:00:00,IoTPond6,3,24.375,100.0,8.426,7.74365
2021-07-17 19:00:00,IoTPond3,1,24.3125,100.0,5.08,7.31694
2021-07-17 19:00:00,IoTPond9,5,24.75,87.0,9.227,7.332825
2021-07-17 19:00:00,IoTPond2,0,25.1875,100.0,7.793,7.4849
2021-07-17 19:00:00,IoTPond4,2,25.4375,100.0,2.146,7.61654
2021-07-17 19:00:00,IoTPond7,4,25.8125,29.0,1.89,6.83121
2021-07-17 19:00:00,IoTpond1,6,25.1875,100.0,7.793,7.4849
2021-07-17 20:00:00,IoTPond7,4,25.8125,29.0,2.847,6.83575
2021-07-17 20:00:00,IoTPond3,1,24.25,67.0,5.08,7.32602
2021-07-17 20:00:00,IoTPond2,0,25.125,100.0,7.789,7.4849
2021-07-17 20:00:00,IoTPond4,2,25.375,100.0,3.1835,7.61654
2021-07-17 20:00:00,IoTPond9,5,24.6875,83.5,10.365,7.335095
2021-07-17 20:00:00,IoTpond1,6,25.125,100.0,7.789,7.4849
2021-07-17 20:00:00,IoTPond6,3,24.375,100.0,8.663,7.74365
2021-07-17 21:00:00,IoTpond1,6,25.125,100.0,4.869,7.4849
2021-07-17 21:00:00,IoTPond2,0,25.125,100.0,4.869,7.4849
2021-07-17 21:00:00,IoTPond7,4,25.6875,29.0,3.027,6.83575
2021-07-17 21:00:00,IoTPond4,2,25.3125,100.0,5.222,7.61654
2021-07-17 21:00:00,IoTPond9,5,24.5625,87.0,7.332,7.32829
2021-07-17 21:00:00,IoTPond3,1,24.25,65.0,5.08,7.32602
2021-07-17 21:00:00,IoTPond6,3,24.375,100.0,6.373,7.74365
2021-07-17 22:00:00,IoTpond1,6,25.0625,100.0,6.4555,7.4849
2021-07-17 22:00:00,IoTPond6,3,24.25,100.0,7.674,7.74819
2021-07-17 22:00:00,IoTPond7,4,25.5625,29.0,3.247,6.84483
2021-07-17 22:00:00,IoTPond2,0,25.0625,100.0,6.4555,7.4849
2021-07-17 22:00:00,IoTPond4,2,25.28125,100.0,3.5599999999999996,7.61654
2021-07-17 22:00:00,IoTPond3,1,24.1875,100.0,8.756,7.32602
2021-07-17 23:00:00,IoTPond4,2,25.25,100.0,4.757,7.62562
2021-07-17 23:00:00,IoTPond7,4,25.5,29.0,3.163,6.84937
2021-07-17 23:00:00,IoTpond1,6,25.0,100.0,5.935,7.4849
2021-07-17 23:00:00,IoTPond6,3,24.25,100.0,7.598,7.74365
2021-07-17 23:00:00,IoTPond3,1,24.125,71.0,8.748,7.32148
2021-07-17 23:00:00,IoTPond2,0,25.0,100.0,5.935,7.4849
2021-07-18 00:00:00,IoTPond7,4,25.375,29.0,3.396,6.84937
2021-07-18 00:00:00,IoTPond6,3,24.125,100.0,8.35,7.73911
2021-07-18 00:00:00,IoTpond1,6,24.9375,100.0,4.6899999999999995,7.48717
2021-07-18 00:00:00,IoTPond3,1,24.09375,100.0,9.6095,7.32148
2021-07-18 00:00:00,IoTPond2,0,24.9375,100.0,4.6899999999999995,7.48717
2021-07-18 00:00:00,IoTPond4,2,25.1875,100.0,3.54,7.6347
2021-07-18 01:00:00,IoTpond1,6,24.875,100.0,6.432,7.48944
2021-07-18 01:00:00,IoTPond3,1,24.0625,100.0,9.077,7.32602
2021-07-18 01:00:00,IoTPond4,2,25.0625,100.0,10.32,7.63016
2021-07-18 01:00:00,IoTPond2,0,24.875,100.0,6.432,7.48944
2021-07-18 01:00:00,IoTPond6,3,24.0625,100.0,4.437,7.74365
2021-07-18 01:00:00,IoTPond7,4,25.25,29.0,4.6129999999999995,6.84937
2021-07-18 02:00:00,IoTpond1,6,24.8125,100.0,8.984,7.4849
2021-07-18 02:00:00,IoTPond2,0,24.8125,100.0,8.984,7.4849
2021-07-18 02:00:00,IoTPond6,3,24.0,100.0,5.502000000000001,7.73003
2021-07-18 02:00:00,IoTPond7,4,25.1875,29.0,4.052,6.85845
2021-07-18 02:00:00,IoTPond3,1,24.0,100.0,9.5775,7.32602
2021-07-18 03:00:00,IoTPond6,3,23.9375,100.0,5.481,7.73003
2021-07-18 03:00:00,IoTpond1,6,24.75,100.0,7.226,7.48944
2021-07-18 03:00:00,IoTPond7,4,25.0625,29.0,6.234999999999999,6.86299
2021-07-18 03:00:00,IoTPond2,0,24.75,100.0,7.226,7.48944
2021-07-18 03:00:00,IoTPond3,1,23.90625,62.0,5.9185,7.32602
2021-07-18 04:00:00,IoTPond3,1,23.875,100.0,9.346,7.32602
2021-07-18 04:00:00,IoTPond7,4,25.0,30.0,5.622,6.85845
2021-07-18 04:00:00,IoTpond1,6,24.625,100.0,8.0125,7.4849
2021-07-18 04:00:00,IoTPond2,0,24.625,100.0,8.0125,7.4849
2021-07-18 04:00:00,IoTPond6,3,23.875,100.0,7.7435,7.73003
2021-07-18 05:00:00,IoTPond3,1,23.75,100.0,8.195,7.32148
2021-07-18 05:00:00,IoTPond7,4,24.875,29.0,5.941,6.86299
2021-07-18 05:00:00,IoTPond2,0,24.5625,100.0,6.178,7.4849
2021-07-18 05:00:00,IoTPond4,2,24.75,100.0,11.875,7.6347
2021-07-18 05:00:00,IoTpond1,6,24.5625,100.0,6.178,7.4849
2021-07-18 05:00:00,IoTPond6,3,23.78125,100.0,3.5835,7.72549
2021-07-18 06:00:00,IoTPond3,1,23.6875,100.0,8.8505,7.32602
2021-07-18 06:00:00,IoTPond2,0,24.5,100.0,3.4185,7.4849
2021-07-18 06:00:00,IoTPond4,2,24.65625,100.0,2.979,7.68009
2021-07-18 06:00:00,IoTpond1,6,24.5,100.0,3.4185,7.4849
2021-07-18 06:00:00,IoTPond7,4,24.8125,30.0,4.2215,6.86753
2021-07-18 06:00:00,IoTPond6,3,23.75,100.0,7.373,7.72095
2021-07-18 07:00:00,IoTPond2,0,24.4375,100.0,7.3614999999999995,7.4849
2021-07-18 07:00:00,IoTPond7,4,24.75,30.0,7.0105,6.87207
2021-07-18 07:00:00,IoTpond1,6,24.4375,100.0,7.3614999999999995,7.4849
2021-07-18 07:00:00,IoTPond4,2,24.5625,100.0,6.377,7.67102
2021-07-18 07:00:00,IoTPond3,1,23.6875,100.0,8.2705,7.33056
2021-07-18 07:00:00,IoTPond6,3,23.6875,100.0,10.56,7.72095
2021-07-18 08:00:00,IoTPond9,5,23.5,91.0,7.7,7.330555
2021-07-18 08:00:00,IoTpond1,6,24.4375,100.0,7.006,7.48036
2021-07-18 08:00:00,IoTPond3,1,23.625,71.5,9.9535,7.32148
2021-07-18 08:00:00,IoTPond6,3,23.6875,100.0,4.8740000000000006,7.70506
2021-07-18 08:00:00,IoTPond7,4,24.6875,30.0,7.446,6.86753
2021-07-18 08:00:00,IoTPond4,2,24.5625,100.0,7.8855,7.6574
2021-07-18 08:00:00,IoTPond2,0,24.4375,100.0,7.006,7.48036
2021-07-18 09:00:00,IoTPond7,4,24.75,30.0,4.5175,6.86526
2021-07-18 09:00:00,IoTpond1,6,24.375,100.0,6.305,7.47582
2021-07-18 09:00:00,IoTPond2,0,24.375,100.0,6.305,7.47582
2021-07-18 09:00:00,IoTPond3,1,23.625,81.0,8.195,7.32148
2021-07-18 09:00:00,IoTPond6,3,23.6875,100.0,6.1725,7.70052
2021-07-18 09:00:00,IoTPond4,2,24.5625,100.0,9.398,7.63016
2021-07-18 10:00:00,IoTPond6,3,23.75,99.0,8.079,7.69371
2021-07-18 10:00:00,IoTPond7,4,24.875,29.0,2.146,6.85845
2021-07-18 10:00:00,IoTPond9,5,23.6875,92.0,4.508,7.3124
2021-07-18 10:00:00,IoTpond1,6,24.4375,100.0,5.105,7.47128
2021-07-18 10:00:00,IoTPond3,1,23.625,71.0,10.712,7.32602
2021-07-18 10:00:00,IoTPond2,0,24.4375,100.0,5.105,7.47128
2021-07-18 11:00:00,IoTpond1,6,24.5,100.0,5.717499999999999,7.46674
2021-07-18 11:00:00,IoTPond7,4,24.9375,29.0,2.438,6.85845
2021-07-18 11:00:00,IoTPond9,5,23.75,92.0,9.227,7.31694
2021-07-18 11:00:00,IoTPond3,1,23.6875,100.0,5.9005,7.32148
2021-07-18 11:00:00,IoTPond2,0,24.5,100.0,5.717499999999999,7.46674
2021-07-18 11:00:00,IoTPond6,3,23.8125,100.0,5.775,7.69825
2021-07-18 12:00:00,IoTPond7,4,25.0625,30.0,2.507,6.86299
2021-07-18 12:00:00,IoTPond2,0,24.5625,100.0,7.6235,7.46901
2021-07-18 12:00:00,IoTPond6,3,23.875,100.0,6.976,7.69371
2021-07-18 12:00:00,IoTpond1,6,24.5625,100.0,7.6235,7.46901
2021-07-18 12:00:00,IoTPond3,1,23.75,100.0,5.08,7.32148
2021-07-18 13:00:00,IoTPond2,0,24.625,100.0,5.388,7.46674
2021-07-18 13:00:00,IoTPond7,4,25.25,30.0,2.523,6.84937
2021-07-18 13:00:00,IoTPond4,2,24.8125,100.0,3.271,7.60746
2021-07-18 13:00:00,IoTpond1,6,24.625,100.0,5.388,7.46674
2021-07-18 13:00:00,IoTPond3,1,23.8125,85.0,6.521000000000001,7.32148
2021-07-18 13:00:00,IoTPond6,3,23.9375,100.0,8.0785,7.70052
2021-07-18 14:00:00,IoTpond1,6,24.6875,100.0,4.9145,7.4622
2021-07-18 14:00:00,IoTPond9,5,24.0625,92.0,8.9305,7.31013
2021-07-18 14:00:00,IoTPond2,0,24.6875,100.0,4.9145,7.4622
2021-07-18 14:00:00,IoTPond3,1,23.875,86.0,5.249,7.31694
2021-07-18 14:00:00,IoTPond4,2,24.90625,100.0,3.393,7.568875
2021-07-18 14:00:00,IoTPond6,3,24.0625,93.0,4.319,7.41681
2021-07-18 14:00:00,IoTPond7,4,25.375,30.0,3.3,6.85391
2021-07-18 15:00:00,IoTpond1,6,24.8125,100.0,5.7425,7.4622
2021-07-18 15:00:00,IoTPond2,0,24.8125,100.0,5.7425,7.4622
2021-07-18 15:00:00,IoTPond3,1,23.9375,100.0,5.08,7.31694
2021-07-18 15:00:00,IoTPond6,3,24.125,89.0,7.906499999999999,7.43042
2021-07-18 15:00:00,IoTPond7,4,25.625,30.0,5.454,6.84937
2021-07-18 16:00:00,IoTPond3,1,24.0,100.0,5.08,7.31694
2021-07-18 16:00:00,IoTPond7,4,25.6875,30.0,5.6385000000000005,6.84937
2021-07-18 16:00:00,IoTPond6,3,24.1875,91.0,7.742,7.4395
2021-07-18 16:00:00,IoTpond1,6,24.9375,100.0,6.102,7.45766
2021-07-18 16:00:00,IoTPond2,0,24.9375,100.0,6.102,7.45766
2021-07-18 17:00:00,IoTpond1,6,25.0,100.0,5.999,7.4622
2021-07-18 17:00:00,IoTPond7,4,25.6875,30.0,4.893,6.84937
2021-07-18 17:00:00,IoTPond9,5,24.3125,87.0,11.664,7.32148
2021-07-18 17:00:00,IoTPond6,3,24.25,96.0,8.553,7.49398
2021-07-18 17:00:00,IoTPond2,0,25.0,100.0,5.999,7.4622
2021-07-18 17:00:00,IoTPond3,1,24.0625,100.0,5.764,7.31694
2021-07-18 18:00:00,IoTpond1,6,25.0,100.0,5.443,7.47128
2021-07-18 18:00:00,IoTPond4,2,25.0625,100.0,11.421,7.60746
2021-07-18 18:00:00,IoTPond9,5,24.375,80.0,9.227,7.32148
2021-07-18 18:00:00,IoTPond2,0,25.0,100.0,5.443,7.47128
2021-07-18 18:00:00,IoTPond3,1,24.125,71.0,11.79,7.32148
2021-07-18 18:00:00,IoTPond6,3,24.1875,96.0,7.64,7.50306
2021-07-18 18:00:00,IoTPond7,4,25.625,30.0,6.407,6.85391
2021-07-18 19:00:00,IoTPond6,3,24.1875,96.0,4.065,7.51213
2021-07-18 19:00:00,IoTpond1,6,24.9375,100.0,7.04,7.46674
2021-07-18 19:00:00,IoTPond9,5,24.3125,80.5,7.8895,7.32148
2021-07-18 19:00:00,IoTPond3,1,24.125,86.5,11.321,7.31694
2021-07-18 19:00:00,IoTPond7,4,25.5,30.0,5.382,6.85391
2021-07-18 19:00:00,IoTPond2,0,24.9375,100.0,7.04,7.46674
2021-07-18 20:00:00,IoTPond2,0,24.9375,100.0,5.054,7.46674
2021-07-18 20:00:00,IoTPond7,4,25.4375,30.0,4.974,6.85391
2021-07-18 20:00:00,IoTpond1,6,24.9375,100.0,5.054,7.46674
2021-07-18 20:00:00,IoTPond6,3,24.125,98.0,7.167,7.52121
2021-07-18 20:00:00,IoTPond3,1,24.125,100.0,11.913,7.32148
2021-07-18 21:00:00,IoTPond6,3,24.0625,98.0,5.151,7.518940000000001
2021-07-18 21:00:00,IoTpond1,6,24.875,100.0,6.064,7.46674
2021-07-18 21:00:00,IoTPond2,0,24.875,100.0,6.064,7.46674
2021-07-18 21:00:00,IoTPond7,4,25.375,30.0,5.158,6.85845
2021-07-18 21:00:00,IoTPond3,1,24.0625,100.0,10.489,7.32148
2021-07-18 22:00:00,IoTpond1,6,24.8125,100.0,4.9190000000000005,7.46674
2021-07-18 22:00:00,IoTPond2,0,24.8125,100.0,4.9190000000000005,7.46674
2021-07-18 22:00:00,IoTPond7,4,25.3125,30.0,5.158,6.85845
2021-07-18 22:00:00,IoTPond3,1,24.0625,100.0,9.534,7.32148
2021-07-18 22:00:00,IoTPond6,3,24.0625,100.0,6.499,7.52121
2021-07-18 23:00:00,IoTPond2,0,24.75,100.0,5.7044999999999995,7.46674
2021-07-18 23:00:00,IoTPond6,3,24.0,100.0,7.4544999999999995,7.52121
2021-07-18 23:00:00,IoTpond1,6,24.75,100.0,5.7044999999999995,7.46674
2021-07-18 23:00:00,IoTPond3,1,24.0,100.0,8.748,7.32148
2021-07-18 23:00:00,IoTPond7,4,25.25,29.0,6.7035,6.86299
2021-07-19 00:00:00,IoTPond3,1,24.0,100.0,9.652000000000001,7.32148
2021-07-19 00:00:00,IoTPond2,0,24.75,100.0,7.9399999999999995,7.46674
2021-07-19 00:00:00,IoTpond1,6,24.75,100.0,7.9399999999999995,7.46674
2021-07-19 00:00:00,IoTPond7,4,25.1875,30.0,4.6690000000000005,6.86299
2021-07-19 00:00:00,IoTPond6,3,23.9375,100.0,7.04,7.51667
2021-07-19 01:00:00,IoTPond2,0,24.6875,100.0,7.2895,7.46674
2021-07-19 01:00:00,IoTpond1,6,24.6875,100.0,7.2895,7.46674
2021-07-19 01:00:00,IoTPond7,4,25.0,30.0,3.8600000000000003,6.86299
2021-07-19 01:00:00,IoTPond6,3,23.9375,99.0,4.78,7.51213
2021-07-19 01:00:00,IoTPond3,1,23.9375,100.0,8.2345,7.32148
2021-07-19 02:00:00,IoTPond3,1,23.875,100.0,8.061,7.32148
2021-07-19 02:00:00,IoTPond7,4,24.9375,30.0,10.388,6.85845
2021-07-19 02:00:00,IoTPond6,3,23.8125,99.0,7.1145,7.50986
2021-07-19 02:00:00,IoTPond2,0,24.625,100.0,4.7835,7.46674
2021-07-19 02:00:00,IoTpond1,6,24.625,100.0,4.7835,7.46674
2021-07-19 03:00:00,IoTPond3,1,23.8125,100.0,7.123,7.32148
2021-07-19 03:00:00,IoTpond1,6,24.5625,100.0,7.5600000000000005,7.46901
2021-07-19 03:00:00,IoTPond7,4,24.9375,31.0,9.973,6.86753
2021-07-19 03:00:00,IoTPond6,3,23.75,99.0,8.364,7.50306
2021-07-19 03:00:00,IoTPond2,0,24.5625,100.0,7.5600000000000005,7.46901
2021-07-19 04:00:00,IoTPond6,3,23.6875,98.0,2.196,7.50306
2021-07-19 04:00:00,IoTPond3,1,23.8125,100.0,8.061,7.32148
2021-07-19 04:00:00,IoTPond7,4,24.875,31.0,7.953,6.87661
2021-07-19 04:00:00,IoTpond1,6,24.5,100.0,4.885,7.46674
2021-07-19 04:00:00,IoTPond2,0,24.5,100.0,4.885,7.46674
2021-07-19 05:00:00,IoTPond7,4,24.75,30.0,4.487500000000001,6.86753
2021-07-19 05:00:00,IoTPond6,3,23.6875,98.0,3.454,7.48944
2021-07-19 05:00:00,IoTPond3,1,23.75,100.0,7.614,7.32602
2021-07-19 05:00:00,IoTpond1,6,24.46875,100.0,6.5835,7.47128
2021-07-19 05:00:00,IoTPond2,0,24.46875,100.0,6.5835,7.47128
2021-07-19 06:00:00,IoTPond2,0,24.375,100.0,6.3260000000000005,7.47128
2021-07-19 06:00:00,IoTpond1,6,24.375,100.0,6.3260000000000005,7.47128
2021-07-19 06:00:00,IoTPond6,3,23.5625,97.0,2.0435,7.48944
2021-07-19 06:00:00,IoTPond3,1,23.6875,100.0,7.659000000000001,7.32602
2021-07-19 06:00:00,IoTPond7,4,24.6875,30.0,4.8385,6.86753
2021-07-19 07:00:00,IoTPond7,4,24.625,31.0,1.474,6.87207
2021-07-19 07:00:00,IoTPond2,0,24.3125,100.0,6.212,7.47128
2021-07-19 07:00:00,IoTPond6,3,23.5625,97.0,1.401,7.47582
2021-07-19 07:00:00,IoTPond3,1,23.625,84.5,5.1240000000000006,7.32602
2021-07-19 07:00:00,IoTpond1,6,24.3125,100.0,6.212,7.47128
2021-07-19 07:00:00,IoTPond9,5,23.375,86.0,11.908,7.33509
2021-07-19 08:00:00,IoTPond7,4,24.625,31.0,1.804,6.87207
2021-07-19 08:00:00,IoTPond2,0,24.3125,100.0,6.973,7.46674
2021-07-19 08:00:00,IoTPond6,3,23.5625,97.0,2.4364999999999997,7.46674
2021-07-19 08:00:00,IoTPond3,1,23.625,100.0,7.159,7.32602
2021-07-19 08:00:00,IoTpond1,6,24.3125,100.0,6.973,7.46674
2021-07-19 08:00:00,IoTPond9,5,23.375,84.0,9.623,7.31694
2021-07-19 09:00:00,IoTPond9,5,23.375,85.0,11.944,7.3124
2021-07-19 09:00:00,IoTpond1,6,24.25,100.0,5.9879999999999995,7.46674
2021-07-19 09:00:00,IoTPond2,0,24.25,100.0,5.9879999999999995,7.46674
2021-07-19 09:00:00,IoTPond7,4,24.625,31.0,1.597,6.87207
2021-07-19 09:00:00,IoTPond6,3,23.5625,97.0,2.49,7.4622
2021-07-19 09:00:00,IoTPond3,1,23.5625,85.0,9.935,7.33056
2021-07-19 10:00:00,IoTPond2,0,24.3125,100.0,3.199,7.4622
2021-07-19 10:00:00,IoTpond1,6,24.3125,100.0,3.199,7.4622
2021-07-19 10:00:00,IoTPond6,3,23.6875,95.0,3.325,7.44858
2021-07-19 10:00:00,IoTPond7,4,24.6875,30.0,1.58,6.86753
2021-07-19 10:00:00,IoTPond9,5,23.4375,84.0,8.543,7.3124
2021-07-19 10:00:00,IoTPond3,1,23.5625,98.0,8.5205,7.32602
2021-07-19 11:00:00,IoTPond6,3,23.875,96.0,2.7089999999999996,7.45312
2021-07-19 11:00:00,IoTPond3,1,23.6875,93.0,5.994,7.33056
2021-07-19 11:00:00,IoTPond7,4,25.125,31.0,3.464,6.85845
2021-07-19 11:00:00,IoTPond2,0,24.375,100.0,3.786,7.44858
2021-07-19 11:00:00,IoTPond9,5,23.5625,85.0,7.329,7.30332
2021-07-19 11:00:00,IoTpond1,6,24.375,100.0,3.786,7.44858
2021-07-19 12:00:00,IoTPond9,5,23.9375,85.0,9.227,7.29424
2021-07-19 12:00:00,IoTPond7,4,25.3125,31.0,7.617,6.84937
2021-07-19 12:00:00,IoTpond1,6,24.5625,100.0,4.948499999999999,7.44404
2021-07-19 12:00:00,IoTPond3,1,23.875,90.0,5.08,7.32602
2021-07-19 12:00:00,IoTPond2,0,24.5625,100.0,4.948499999999999,7.44404
2021-07-19 12:00:00,IoTPond6,3,24.0,96.0,3.144,7.46674
2021-07-19 13:00:00,IoTPond2,0,24.6875,100.0,2.899,7.4395
2021-07-19 13:00:00,IoTpond1,6,24.6875,100.0,2.899,7.4395
2021-07-19 13:00:00,IoTPond7,4,25.6875,31.0,8.394,6.84937
2021-07-19 13:00:00,IoTPond3,1,23.9375,76.0,8.016,7.32148
2021-07-19 13:00:00,IoTPond9,5,24.03125,88.0,9.393,7.30786
2021-07-19 13:00:00,IoTPond6,3,24.1875,97.0,2.455,7.48036
2021-07-19 14:00:00,IoTPond2,0,24.75,100.0,2.949,7.43496
2021-07-19 14:00:00,IoTpond1,6,24.75,100.0,2.949,7.43496
2021-07-19 14:00:00,IoTPond6,3,24.1875,97.0,2.966,7.4849
2021-07-19 14:00:00,IoTPond9,5,24.4375,77.0,12.864,7.30332
2021-07-19 14:00:00,IoTPond7,4,25.875,31.0,10.48,6.84937
2021-07-19 15:00:00,IoTPond6,3,24.375,98.0,2.62,7.50306
2021-07-19 15:00:00,IoTPond9,5,24.625,70.0,9.227,7.30786
2021-07-19 15:00:00,IoTPond2,0,24.875,100.0,6.63,7.43723
2021-07-19 15:00:00,IoTpond1,6,24.875,100.0,6.63,7.43723
2021-07-19 15:00:00,IoTPond7,4,26.0,31.0,8.602,6.84937
2021-07-19 16:00:00,IoTPond6,3,24.375,99.0,5.9285,7.518940000000001
2021-07-19 16:00:00,IoTPond4,2,25.3125,100.0,9.139,7.59384
2021-07-19 16:00:00,IoTPond2,0,25.0,100.0,7.168,7.43496
2021-07-19 16:00:00,IoTPond9,5,24.6875,71.0,9.2915,7.3124
2021-07-19 16:00:00,IoTPond7,4,26.09375,31.0,7.390000000000001,6.84937
2021-07-19 16:00:00,IoTpond1,6,25.0,100.0,7.168,7.43496
2021-07-19 17:00:00,IoTpond1,6,25.0625,100.0,1.081,7.44858
2021-07-19 17:00:00,IoTPond4,2,25.25,100.0,6.728,7.59384
2021-07-19 17:00:00,IoTPond2,0,25.0625,100.0,1.081,7.44858
2021-07-19 17:00:00,IoTPond9,5,24.75,71.0,9.17,7.3124
2021-07-19 17:00:00,IoTPond7,4,26.0,31.0,3.9215,6.85391
2021-07-19 18:00:00,IoTPond6,3,24.3125,96.0,4.192,7.53029
2021-07-19 19:00:00,IoTPond9,5,24.5625,70.0,5.7219999999999995,7.3124
2021-07-19 19:00:00,IoTPond6,3,24.3125,99.0,4.876,7.52121
2021-07-19 19:00:00,IoTpond1,6,25.0,100.0,7.818,7.45312
2021-07-19 19:00:00,IoTPond4,2,25.1875,100.0,6.832,7.60746
2021-07-19 19:00:00,IoTPond7,4,25.8125,32.0,4.773,6.85391
2021-07-19 19:00:00,IoTPond2,0,25.0,100.0,7.818,7.45312
2021-07-19 20:00:00,IoTPond7,4,25.75,32.0,2.242,6.85391
2021-07-19 20:00:00,IoTpond1,6,24.9375,100.0,5.257,7.45312
2021-07-19 20:00:00,IoTPond4,2,25.125,100.0,9.7995,7.60746
2021-07-19 20:00:00,IoTPond2,0,24.9375,100.0,5.257,7.45312
2021-07-19 20:00:00,IoTPond9,5,24.5,76.0,5.079,7.3124
2021-07-19 20:00:00,IoTPond6,3,24.25,99.0,4.319,7.51213
2021-07-19 21:00:00,IoTPond4,2,25.0,100.0,6.5875,7.5961099999999995
2021-07-19 21:00:00,IoTpond1,6,24.875,100.0,4.488,7.44858
2021-07-19 21:00:00,IoTPond7,4,25.625,32.0,2.675,6.85391
2021-07-19 21:00:00,IoTPond6,3,24.1875,99.0,5.02,7.50306
2021-07-19 21:00:00,IoTPond2,0,24.875,100.0,4.488,7.44858
2021-07-19 22:00:00,IoTPond4,2,25.03125,100.0,5.7185,7.60519
2021-07-19 22:00:00,IoTpond1,6,24.8125,100.0,5.223,7.45312
2021-07-19 22:00:00,IoTPond7,4,25.5,32.0,3.88,6.85845
2021-07-19 22:00:00,IoTPond6,3,24.125,99.0,5.536,7.48944
2021-07-19 22:00:00,IoTPond2,0,24.8125,100.0,5.223,7.45312
2021-07-19 23:00:00,IoTPond2,0,24.75,100.0,7.2010000000000005,7.45312
2021-07-19 23:00:00,IoTpond1,6,24.75,100.0,7.2010000000000005,7.45312
2021-07-19 23:00:00,IoTPond7,4,25.4375,32.0,4.193,6.85845
2021-07-19 23:00:00,IoTPond6,3,24.0625,99.0,4.2085,7.48036
2021-07-20 00:00:00,IoTPond2,0,24.6875,100.0,5.810499999999999,7.44858
2021-07-20 00:00:00,IoTPond6,3,24.0,99.0,5.7725,7.47128
2021-07-20 00:00:00,IoTPond4,2,24.875,100.0,8.908,7.59838
2021-07-20 00:00:00,IoTPond7,4,25.3125,31.0,3.612,6.86299
2021-07-20 00:00:00,IoTpond1,6,24.6875,100.0,5.810499999999999,7.44858
2021-07-20 00:00:00,IoTPond9,5,24.125,78.0,8.634,7.3124
2021-07-20 01:00:00,IoTPond6,3,23.9375,99.0,6.543,7.46447
2021-07-20 01:00:00,IoTPond7,4,25.25,32.0,4.052,6.86299
2021-07-20 01:00:00,IoTPond4,2,24.8125,100.0,2.539,7.60746
2021-07-20 01:00:00,IoTPond2,0,24.625,100.0,6.064,7.45312
2021-07-20 01:00:00,IoTpond1,6,24.625,100.0,6.064,7.45312
2021-07-20 02:00:00,IoTPond6,3,23.875,99.0,6.208,7.45766
2021-07-20 02:00:00,IoTPond4,2,24.75,100.0,1.217,7.60746
2021-07-20 02:00:00,IoTPond2,0,24.5625,100.0,6.508,7.45312
2021-07-20 02:00:00,IoTpond1,6,24.5625,100.0,6.508,7.45312
2021-07-20 02:00:00,IoTPond7,4,25.1875,32.0,4.2170000000000005,6.86753
2021-07-20 03:00:00,IoTPond7,4,25.125,32.0,4.039999999999999,6.86753
2021-07-20 03:00:00,IoTPond4,2,24.6875,100.0,4.247,7.60746
2021-07-20 03:00:00,IoTpond1,6,24.5625,100.0,8.625,7.4553899999999995
2021-07-20 03:00:00,IoTPond2,0,24.5625,100.0,8.625,7.4553899999999995
2021-07-20 09:00:00,IoTPond6,3,23.5625,96.0,2.088,7.47582
2021-07-20 10:00:00,IoTPond9,5,23.4375,68.0,3.9364999999999997,7.30105
2021-07-20 10:00:00,IoTPond4,2,24.3125,100.0,2.594,7.79812
2021-07-20 10:00:00,IoTPond7,4,24.8125,30.0,8.1685,6.86753
2021-07-20 10:00:00,IoTPond6,3,23.625,95.5,2.981,7.43496
2021-07-20 11:00:00,IoTPond7,4,25.0,30.0,8.994499999999999,6.84029
2021-07-20 11:00:00,IoTpond1,6,24.25,100.0,1.504,7.43496
2021-07-20 11:00:00,IoTPond6,3,23.875,97.0,1.91,7.40319
2021-07-20 11:00:00,IoTPond2,0,24.25,100.0,1.504,7.43496
2021-07-20 12:00:00,IoTPond2,0,24.4375,100.0,1.597,7.43042
2021-07-20 12:00:00,IoTPond6,3,24.125,97.0,3.795,7.43042
2021-07-20 12:00:00,IoTPond7,4,25.5,30.0,11.89,6.8176
2021-07-20 12:00:00,IoTpond1,6,24.4375,100.0,1.597,7.43042
2021-07-20 13:00:00,IoTPond2,0,24.625,100.0,2.113,7.43042
2021-07-20 13:00:00,IoTPond6,3,24.25,98.0,6.313,7.4395
2021-07-20 13:00:00,IoTPond7,4,26.0,30.0,12.937,6.80852
2021-07-20 13:00:00,IoTpond1,6,24.625,100.0,2.113,7.43042
2021-07-20 14:00:00,IoTpond1,6,24.75,100.0,1.479,7.43042
2021-07-20 14:00:00,IoTPond7,4,26.28125,31.0,12.789,6.828945
2021-07-20 14:00:00,IoTPond6,3,24.375,100.0,1.1110000000000002,7.44858
2021-07-20 14:00:00,IoTPond2,0,24.75,100.0,1.479,7.43042
2021-07-20 15:00:00,IoTpond1,6,24.90625,100.0,1.6215000000000002,7.4281500000000005
2021-07-20 15:00:00,IoTPond6,3,24.4375,98.0,1.762,7.45312
2021-07-20 15:00:00,IoTPond2,0,24.90625,100.0,1.6215000000000002,7.4281500000000005
2021-07-20 15:00:00,IoTPond7,4,26.40625,30.0,13.131499999999999,6.80852
2021-07-20 16:00:00,IoTPond6,3,24.625,98.0,6.0344999999999995,7.46674
2021-07-20 16:00:00,IoTPond7,4,26.4375,30.0,12.058,6.80852
2021-07-20 17:00:00,IoTPond7,4,26.4375,30.0,10.211,6.80852
2021-07-20 17:00:00,IoTPond2,0,25.1875,100.0,1.449,7.41681
2021-07-20 17:00:00,IoTPond6,3,24.625,100.0,6.829,7.4849
2021-07-20 17:00:00,IoTpond1,6,25.1875,100.0,1.449,7.41681
2021-07-20 18:00:00,IoTPond7,4,26.375,30.0,7.637,6.80852
2021-07-20 18:00:00,IoTpond1,6,25.25,100.0,1.097,7.43496
2021-07-20 18:00:00,IoTPond6,3,24.625,100.0,6.618,7.48944
2021-07-20 18:00:00,IoTPond2,0,25.25,100.0,1.097,7.43496
2021-07-20 19:00:00,IoTPond2,0,25.25,100.0,2.987,7.42134
2021-07-20 19:00:00,IoTPond3,1,24.4375,100.0,5.08,7.32602
2021-07-20 19:00:00,IoTpond1,6,25.25,100.0,2.987,7.42134
2021-07-20 19:00:00,IoTPond7,4,26.25,30.0,6.99,6.81306
2021-07-20 19:00:00,IoTPond6,3,24.625,100.0,6.7695,7.48944
2021-07-20 20:00:00,IoTPond7,4,26.125,30.0,7.241,6.8176
2021-07-20 20:00:00,IoTPond6,3,24.5625,100.0,8.908,7.4849
2021-07-20 20:00:00,IoTPond3,1,24.4375,98.0,5.08,7.32602
2021-07-20 20:00:00,IoTpond1,6,25.1875,100.0,1.7254999999999998,7.44858
2021-07-20 20:00:00,IoTPond2,0,25.1875,100.0,1.7254999999999998,7.44858
2021-07-20 21:00:00,IoTPond6,3,24.5,100.0,7.539,7.47128
2021-07-20 21:00:00,IoTPond7,4,26.0,30.0,7.424,6.81306
2021-07-20 21:00:00,IoTPond3,1,24.4375,76.0,5.08,7.32602
2021-07-20 22:00:00,IoTPond3,1,24.375,92.0,5.08,7.32602
2021-07-20 22:00:00,IoTPond6,3,24.4375,100.0,8.751999999999999,7.46674
2021-07-20 22:00:00,IoTpond1,6,25.09375,100.0,1.297,7.43723
2021-07-20 22:00:00,IoTPond2,0,25.09375,100.0,1.297,7.43723
2021-07-20 22:00:00,IoTPond7,4,25.9375,30.0,7.633,6.8176
2021-07-20 23:00:00,IoTPond3,1,24.3125,57.0,7.099,7.32148
2021-07-20 23:00:00,IoTpond1,6,25.0,100.0,1.297,7.4395
2021-07-20 23:00:00,IoTPond6,3,24.375,100.0,7.953,7.45766
2021-07-20 23:00:00,IoTPond7,4,25.75,30.0,7.352,6.82214
2021-07-20 23:00:00,IoTPond2,0,25.0,100.0,1.297,7.4395
2021-07-21 00:00:00,IoTPond2,0,24.9375,100.0,1.217,7.4395
2021-07-21 00:00:00,IoTPond3,1,24.25,94.0,9.8505,7.32148
2021-07-21 00:00:00,IoTpond1,6,24.9375,100.0,1.217,7.4395
2021-07-21 00:00:00,IoTPond6,3,24.3125,100.0,8.367,7.44404
2021-07-21 00:00:00,IoTPond7,4,25.6875,30.0,7.657,6.82214
2021-07-21 01:00:00,IoTPond3,1,24.1875,97.0,6.668,7.32148
2021-07-21 01:00:00,IoTPond2,0,24.8125,100.0,1.7575,7.43496
2021-07-21 01:00:00,IoTpond1,6,24.8125,100.0,1.7575,7.43496
2021-07-21 01:00:00,IoTPond6,3,24.25,100.0,3.4185,7.43042
2021-07-21 01:00:00,IoTPond7,4,25.5625,30.0,7.376,6.82214
2021-07-21 02:00:00,IoTpond1,6,24.8125,100.0,0.819,7.4395
2021-07-21 02:00:00,IoTPond7,4,25.4375,30.0,7.6690000000000005,6.82667
2021-07-21 02:00:00,IoTPond6,3,24.1875,100.0,3.892,7.41227
2021-07-21 02:00:00,IoTPond2,0,24.8125,100.0,0.819,7.4395
2021-07-21 02:00:00,IoTPond3,1,24.125,97.0,9.737,7.32148
2021-07-21 03:00:00,IoTPond3,1,24.0,60.0,13.058,7.32148
2021-07-21 03:00:00,IoTPond2,0,24.75,100.0,0.9754999999999999,7.444039999999999
2021-07-21 03:00:00,IoTpond1,6,24.75,100.0,0.9754999999999999,7.444039999999999
2021-07-21 03:00:00,IoTPond7,4,25.375,30.0,1.425,6.83121
2021-07-21 03:00:00,IoTPond6,3,24.0625,100.0,4.86,7.40319
2021-07-21 04:00:00,IoTpond1,6,24.6875,100.0,2.391,7.44404
2021-07-21 04:00:00,IoTPond6,3,24.0,99.0,11.542,7.38957
2021-07-21 04:00:00,IoTPond7,4,25.1875,30.0,1.041,6.83575
2021-07-21 04:00:00,IoTPond3,1,23.9375,58.0,10.989,7.32148
2021-07-21 04:00:00,IoTPond2,0,24.6875,100.0,2.391,7.44404
2021-07-21 05:00:00,IoTPond6,3,23.9375,99.0,10.284,7.38049
2021-07-21 05:00:00,IoTpond1,6,24.5625,100.0,1.479,7.4395
2021-07-21 05:00:00,IoTPond2,0,24.5625,100.0,1.479,7.4395
2021-07-21 05:00:00,IoTPond7,4,25.125,30.0,1.073,6.83121
2021-07-21 05:00:00,IoTPond3,1,23.875,59.0,9.962,7.32148
2021-07-21 06:00:00,IoTPond7,4,25.0,30.0,1.714,6.83575
2021-07-21 06:00:00,IoTpond1,6,24.53125,100.0,1.111,7.444039999999999
2021-07-21 06:00:00,IoTPond6,3,23.875,99.0,8.891,7.36233
2021-07-21 06:00:00,IoTPond2,0,24.53125,100.0,1.111,7.444039999999999
2021-07-21 06:00:00,IoTPond3,1,23.8125,61.0,9.538,7.32148
2021-07-21 07:00:00,IoTPond3,1,23.75,59.0,7.159,7.32148
2021-07-21 07:00:00,IoTPond7,4,24.9375,30.0,8.811,6.83575
2021-07-21 07:00:00,IoTpond1,6,24.4375,100.0,2.146,7.44177
2021-07-21 07:00:00,IoTPond2,0,24.4375,100.0,2.146,7.44177
2021-07-21 07:00:00,IoTPond6,3,23.8125,100.0,3.7175000000000002,7.33509
2021-07-21 08:00:00,IoTPond3,1,23.6875,56.0,9.0915,7.32148
2021-07-21 08:00:00,IoTPond7,4,24.9375,31.0,8.976,6.83575
2021-07-21 08:00:00,IoTpond1,6,24.375,100.0,1.614,7.43496
2021-07-21 08:00:00,IoTPond6,3,23.75,100.0,5.9315,7.31694
2021-07-21 08:00:00,IoTPond2,0,24.375,100.0,1.614,7.43496
2021-07-21 09:00:00,IoTpond1,6,24.375,100.0,2.024,7.4395
2021-07-21 09:00:00,IoTPond2,0,24.375,100.0,2.024,7.4395
2021-07-21 09:00:00,IoTPond6,3,23.75,98.0,12.4305,7.3124
2021-07-21 09:00:00,IoTPond7,4,24.875,30.0,9.035,6.83121
2021-07-21 09:00:00,IoTPond3,1,23.6875,61.0,7.3465,7.32148
2021-07-21 10:00:00,IoTPond6,3,23.8125,98.0,10.346,7.29878
2021-07-21 10:00:00,IoTPond3,1,23.6875,57.0,7.8775,7.32148
2021-07-21 10:00:00,IoTPond7,4,24.875,30.0,9.4785,6.82667
2021-07-21 11:00:00,IoTPond3,1,23.6875,58.0,7.266,7.32148
2021-07-21 11:00:00,IoTPond2,0,24.375,100.0,2.594,7.43042
2021-07-21 11:00:00,IoTpond1,6,24.375,100.0,2.594,7.43042
2021-07-21 11:00:00,IoTPond6,3,23.875,99.0,5.6455,7.30332
2021-07-21 11:00:00,IoTPond7,4,25.0625,30.0,9.323,6.8176
2021-07-21 12:00:00,IoTPond2,0,24.5,100.0,1.7615,7.43496
2021-07-21 12:00:00,IoTPond7,4,25.1875,30.0,9.867,6.82214
2021-07-21 12:00:00,IoTPond6,3,23.875,99.0,7.659,7.30332
2021-07-21 12:00:00,IoTpond1,6,24.5,100.0,1.7615,7.43496
2021-07-21 12:00:00,IoTPond3,1,23.75,66.0,6.231,7.32148
2021-07-21 13:00:00,IoTpond1,6,24.53125,100.0,2.607,7.423615
2021-07-21 13:00:00,IoTPond3,1,23.8125,60.0,6.248,7.32148
2021-07-21 13:00:00,IoTPond2,0,24.53125,100.0,2.607,7.423615
2021-07-21 13:00:00,IoTPond6,3,23.9375,99.0,8.221,7.30786
2021-07-21 13:00:00,IoTPond7,4,25.25,30.0,10.120000000000001,6.8176
2021-07-21 14:00:00,IoTPond7,4,25.375,31.0,9.8995,6.8176
2021-07-21 14:00:00,IoTPond2,0,24.5625,100.0,1.977,7.43042
2021-07-21 14:00:00,IoTPond6,3,24.0,99.0,7.6935,7.30332
2021-07-21 14:00:00,IoTPond3,1,23.8125,55.0,6.5385,7.32148
2021-07-21 14:00:00,IoTpond1,6,24.5625,100.0,1.977,7.43042
2021-07-21 15:00:00,IoTPond7,4,25.4375,31.0,9.667,6.81306
2021-07-21 15:00:00,IoTPond2,0,24.5625,100.0,2.899,7.42134
2021-07-21 15:00:00,IoTPond3,1,23.875,57.0,8.257,7.32148
2021-07-21 15:00:00,IoTpond1,6,24.5625,100.0,2.899,7.42134
2021-07-21 15:00:00,IoTPond6,3,24.0625,99.0,9.7915,7.30786
2021-07-21 16:00:00,IoTPond2,0,24.625,100.0,1.1995,7.414540000000001
2021-07-21 16:00:00,IoTpond1,6,24.625,100.0,1.1995,7.414540000000001
2021-07-21 16:00:00,IoTPond7,4,25.5,31.0,10.236,6.81306
2021-07-21 16:00:00,IoTPond6,3,24.0625,99.0,11.6765,7.3124
2021-07-21 16:00:00,IoTPond3,1,23.875,66.0,5.999,7.32148
2021-07-21 17:00:00,IoTPond6,3,24.0625,100.0,11.3765,7.30786
2021-07-21 17:00:00,IoTPond7,4,25.4375,31.0,10.865,6.81306
2021-07-21 17:00:00,IoTPond2,0,24.6875,100.0,1.529,7.43042
2021-07-21 17:00:00,IoTPond3,1,23.9375,60.0,7.507,7.32148
2021-07-21 17:00:00,IoTpond1,6,24.6875,100.0,1.529,7.43042
2021-07-21 18:00:00,IoTPond2,0,24.6875,100.0,1.453,7.42134
2021-07-21 18:00:00,IoTPond7,4,25.4375,31.0,12.094,6.8176
2021-07-21 18:00:00,IoTPond4,2,24.8125,100.0,5.1175,7.57569
2021-07-21 18:00:00,IoTPond3,1,23.9375,65.0,6.972,7.31694
2021-07-21 18:00:00,IoTpond1,6,24.6875,100.0,1.453,7.42134
2021-07-21 18:00:00,IoTPond6,3,24.0625,100.0,11.537,7.2897
2021-07-21 19:00:00,IoTPond6,3,24.0625,100.0,7.209,7.27608
2021-07-21 19:00:00,IoTPond2,0,24.6875,100.0,1.141,7.43042
2021-07-21 19:00:00,IoTPond3,1,23.9375,72.0,5.927,7.32148
2021-07-21 19:00:00,IoTPond4,2,24.75,100.0,7.446,7.58477
2021-07-21 19:00:00,IoTPond7,4,25.375,31.0,11.63,6.82214
2021-07-21 19:00:00,IoTpond1,6,24.6875,100.0,1.141,7.43042
2021-07-21 20:00:00,IoTPond4,2,24.75,100.0,7.108,7.59384
2021-07-21 20:00:00,IoTPond3,1,23.9375,70.0,6.9045000000000005,7.31694
2021-07-21 20:00:00,IoTPond2,0,24.625,100.0,0.515,7.267
2021-07-21 20:00:00,IoTPond6,3,24.0,100.0,9.128,7.34871
2021-07-21 20:00:00,IoTPond7,4,25.375,31.0,11.742,6.82214
2021-07-21 20:00:00,IoTpond1,6,24.625,100.0,0.515,7.267
2021-07-21 21:00:00,IoTpond1,6,24.59375,100.0,1.255,7.43042
2021-07-21 21:00:00,IoTPond3,1,23.875,71.0,6.293,7.31694
2021-07-21 21:00:00,IoTPond2,0,24.59375,100.0,1.255,7.43042
2021-07-21 21:00:00,IoTPond7,4,25.25,30.0,10.881,6.82667
2021-07-21 21:00:00,IoTPond4,2,24.6875,100.0,5.941,7.59384
2021-07-21 21:00:00,IoTPond6,3,24.0,100.0,7.48,7.34871
2021-07-21 22:00:00,IoTPond3,1,23.875,74.0,5.391,7.31694
2021-07-21 22:00:00,IoTPond2,0,24.5625,100.0,1.808,7.43042
2021-07-21 22:00:00,IoTPond6,3,23.9375,100.0,7.498,7.34417
2021-07-21 22:00:00,IoTPond4,2,24.6875,100.0,5.489,7.59384
2021-07-21 22:00:00,IoTPond7,4,25.1875,30.0,9.924,6.82667
2021-07-21 22:00:00,IoTpond1,6,24.5625,100.0,1.808,7.43042
2021-07-21 23:00:00,IoTPond3,1,23.8125,72.0,6.1905,7.32148
2021-07-21 23:00:00,IoTPond6,3,23.875,100.0,8.07,7.33963
2021-07-21 23:00:00,IoTPond2,0,24.5625,100.0,2.484,7.42134
2021-07-21 23:00:00,IoTPond7,4,25.125,30.0,10.861,6.83121
2021-07-21 23:00:00,IoTpond1,6,24.5625,100.0,2.484,7.42134
2021-07-21 23:00:00,IoTPond4,2,24.625,100.0,5.519,7.58477
2021-07-22 00:00:00,IoTPond7,4,25.0,30.0,11.738,6.83121
2021-07-22 00:00:00,IoTpond1,6,24.5,100.0,0.7895,7.43042
2021-07-22 00:00:00,IoTPond2,0,24.5,100.0,0.7895,7.43042
2021-07-22 00:00:00,IoTPond3,1,23.75,71.0,5.749,7.32148
2021-07-22 00:00:00,IoTPond4,2,24.5625,100.0,5.485,7.59384
2021-07-22 00:00:00,IoTPond6,3,23.8125,100.0,9.203,7.33056
2021-07-22 01:00:00,IoTPond2,0,24.4375,100.0,1.555,7.43496
2021-07-22 01:00:00,IoTPond7,4,24.9375,31.0,11.578,6.83121
2021-07-22 01:00:00,IoTPond6,3,23.75,100.0,9.212,7.32602
2021-07-22 01:00:00,IoTPond4,2,24.53125,100.0,3.93,7.5893049999999995
2021-07-22 01:00:00,IoTPond3,1,23.75,68.0,5.302,7.32148
2021-07-22 01:00:00,IoTpond1,6,24.4375,100.0,1.555,7.43496
2021-07-22 02:00:00,IoTPond6,3,23.6875,100.0,8.989,7.32148
2021-07-22 02:00:00,IoTPond2,0,24.3125,100.0,1.834,7.43042
2021-07-22 02:00:00,IoTpond1,6,24.3125,100.0,1.834,7.43042
2021-07-22 02:00:00,IoTPond7,4,24.8125,30.0,12.407,6.84029
2021-07-22 02:00:00,IoTPond3,1,23.6875,70.0,4.499,7.32148
2021-07-22 02:00:00,IoTPond4,2,24.4375,100.0,5.73,7.5961099999999995
2021-07-22 03:00:00,IoTpond1,6,24.25,100.0,1.284,7.43496
2021-07-22 03:00:00,IoTPond3,1,23.5625,70.0,4.4455,7.32148
2021-07-22 03:00:00,IoTPond2,0,24.25,100.0,1.284,7.43496
2021-07-22 03:00:00,IoTPond7,4,24.75,30.0,13.041,6.84029
2021-07-22 03:00:00,IoTPond4,2,24.375,100.0,4.234,7.59838
2021-07-22 03:00:00,IoTPond6,3,23.625,100.0,8.703,7.31694
2021-07-22 04:00:00,IoTPond6,3,23.5625,100.0,8.587,7.3124
2021-07-22 04:00:00,IoTPond4,2,24.3125,100.0,5.798,7.59838
2021-07-22 04:00:00,IoTPond3,1,23.5625,77.5,4.892,7.32602
2021-07-22 04:00:00,IoTPond7,4,24.6875,31.0,13.041,6.84937
2021-07-22 04:00:00,IoTPond2,0,24.21875,100.0,1.1404999999999998,7.44177
2021-07-22 04:00:00,IoTpond1,6,24.21875,100.0,1.1404999999999998,7.44177
2021-07-22 05:00:00,IoTPond2,0,24.125,100.0,1.318,7.43496
2021-07-22 05:00:00,IoTPond7,4,24.625,31.0,13.515,6.84937
2021-07-22 05:00:00,IoTPond6,3,23.5,100.0,12.712,7.2897
2021-07-22 05:00:00,IoTpond1,6,24.125,100.0,1.318,7.43496
2021-07-22 05:00:00,IoTPond3,1,23.5,80.0,4.74,7.33056
2021-07-22 05:00:00,IoTPond4,2,24.1875,100.0,5.012,7.60746
2021-07-22 06:00:00,IoTPond6,3,23.4375,100.0,10.926,7.267
2021-07-22 06:00:00,IoTPond7,4,24.5,30.5,12.068999999999999,6.84483
2021-07-22 06:00:00,IoTPond4,2,24.125,100.0,6.009,7.60746
2021-07-22 06:00:00,IoTpond1,6,24.125,100.0,1.428,7.43496
2021-07-22 06:00:00,IoTPond3,1,23.375,76.0,5.1815,7.33056
2021-07-22 06:00:00,IoTPond2,0,24.125,100.0,1.428,7.43496
2021-07-22 07:00:00,IoTPond7,4,24.5,30.0,13.346,6.85391
2021-07-22 07:00:00,IoTPond2,0,24.0,100.0,1.453,7.43042
2021-07-22 07:00:00,IoTPond4,2,24.0625,100.0,4.547,7.60746
2021-07-22 07:00:00,IoTpond1,6,24.0,100.0,1.453,7.43042
2021-07-22 07:00:00,IoTPond3,1,23.375,74.0,4.883,7.33056
2021-07-22 07:00:00,IoTPond6,3,23.375,100.0,6.106,7.24431
2021-07-22 08:00:00,IoTPond7,4,24.5,31.0,12.885,6.84937
2021-07-22 08:00:00,IoTPond2,0,24.0,100.0,1.081,7.43042
2021-07-22 08:00:00,IoTPond4,2,24.0625,100.0,6.212,7.60746
2021-07-22 08:00:00,IoTpond1,6,24.0,100.0,1.081,7.43042
2021-07-22 08:00:00,IoTPond3,1,23.3125,75.0,4.543,7.33056
2021-07-22 08:00:00,IoTPond6,3,23.375,100.0,7.5565,7.23069
2021-07-22 09:00:00,IoTPond4,2,24.0625,100.0,6.415,7.59384
2021-07-22 09:00:00,IoTpond1,6,24.0,100.0,1.3265,7.43042
2021-07-22 09:00:00,IoTPond2,0,24.0,100.0,1.3265,7.43042
2021-07-22 09:00:00,IoTPond3,1,23.3125,86.0,3.999,7.33056
2021-07-22 09:00:00,IoTPond6,3,23.375,100.0,5.463,7.19891
2021-07-22 09:00:00,IoTPond7,4,24.5,31.0,11.6935,6.84937
2021-07-22 10:00:00,IoTPond2,0,24.0,100.0,1.014,7.42134
2021-07-22 10:00:00,IoTPond4,2,24.09375,100.0,5.130000000000001,7.58023
2021-07-22 10:00:00,IoTpond1,6,24.0,100.0,1.014,7.42134
2021-07-22 10:00:00,IoTPond7,4,24.5625,31.0,11.883,6.84937
2021-07-22 10:00:00,IoTPond3,1,23.3125,85.0,4.177,7.33056
2021-07-22 10:00:00,IoTPond6,3,23.4375,100.0,5.481,7.17621
2021-07-22 11:00:00,IoTPond4,2,24.125,100.0,2.7045000000000003,7.58023
2021-07-22 11:00:00,IoTPond9,5,23.34375,70.5,11.4085,7.27835
2021-07-22 11:00:00,IoTpond1,6,24.03125,100.0,1.88,7.414540000000001
2021-07-22 11:00:00,IoTPond3,1,23.375,98.0,3.124,7.33056
2021-07-22 11:00:00,IoTPond2,0,24.03125,100.0,1.88,7.414540000000001
2021-07-22 11:00:00,IoTPond6,3,23.5,98.0,6.8645,7.16713
2021-07-22 11:00:00,IoTPond7,4,24.625,31.0,10.725,6.84029
2021-07-22 12:00:00,IoTPond6,3,23.5625,99.0,7.061,7.16713
2021-07-22 12:00:00,IoTPond4,2,24.25,100.0,3.203,7.56661
2021-07-22 12:00:00,IoTPond2,0,24.125,100.0,2.307,7.41227
2021-07-22 12:00:00,IoTPond7,4,24.875,31.0,10.7045,6.83121
2021-07-22 12:00:00,IoTpond1,6,24.125,100.0,2.307,7.41227
2021-07-22 12:00:00,IoTPond3,1,23.4375,80.0,4.0525,7.32602
2021-07-22 13:00:00,IoTPond3,1,23.4375,100.0,5.08,7.32602
2021-07-22 13:00:00,IoTPond6,3,23.625,100.0,8.016,7.16713
2021-07-22 13:00:00,IoTpond1,6,24.1875,100.0,1.327,7.41227
2021-07-22 13:00:00,IoTPond9,5,23.625,83.5,6.1235,7.28289
2021-07-22 13:00:00,IoTPond4,2,24.3125,100.0,2.451,7.57115
2021-07-22 13:00:00,IoTPond2,0,24.1875,100.0,1.327,7.41227
2021-07-22 13:00:00,IoTPond7,4,24.875,30.0,9.601,6.83121
2021-07-22 14:00:00,IoTPond3,1,23.5,100.0,5.08,7.32602
2021-07-22 14:00:00,IoTPond7,4,24.9375,30.0,9.432500000000001,6.83121
2021-07-22 14:00:00,IoTPond2,0,24.1875,100.0,1.479,7.43042
2021-07-22 14:00:00,IoTpond1,6,24.1875,100.0,1.479,7.43042
2021-07-22 14:00:00,IoTPond4,2,24.375,100.0,3.71,7.56888
2021-07-22 14:00:00,IoTPond9,5,23.625,85.0,2.74,7.27608
2021-07-22 14:00:00,IoTPond6,3,23.6875,100.0,4.8515,7.16713
2021-07-22 15:00:00,IoTPond4,2,24.375,100.0,2.6790000000000003,7.57115
2021-07-22 15:00:00,IoTPond7,4,25.0625,30.0,8.233,6.82214
2021-07-22 15:00:00,IoTPond3,1,23.5625,100.0,5.08,7.32602
2021-07-22 15:00:00,IoTPond6,3,23.75,100.0,3.856,7.16713
2021-07-22 15:00:00,IoTpond1,6,24.25,100.0,1.3895,7.41681
2021-07-22 15:00:00,IoTPond2,0,24.25,100.0,1.3895,7.41681
2021-07-22 16:00:00,IoTPond6,3,23.8125,98.0,5.878,7.16713
2021-07-22 16:00:00,IoTPond7,4,25.1875,31.0,8.458,6.82214
2021-07-22 16:00:00,IoTPond3,1,23.5625,100.0,5.08,7.32602
2021-07-22 16:00:00,IoTpond1,6,24.3125,100.0,6.465,7.41227
2021-07-22 16:00:00,IoTPond2,0,24.3125,100.0,6.465,7.41227
2021-07-22 17:00:00,IoTPond3,1,23.625,100.0,5.08,7.32148
2021-07-22 17:00:00,IoTPond7,4,25.25,31.0,7.785,6.82214
2021-07-22 17:00:00,IoTPond2,0,24.375,100.0,6.795,7.41227
2021-07-22 17:00:00,IoTPond6,3,23.8125,98.0,8.1325,7.17621
2021-07-22 17:00:00,IoTpond1,6,24.375,100.0,6.795,7.41227
2021-07-22 18:00:00,IoTPond3,1,23.6875,100.0,5.08,7.32148
2021-07-22 18:00:00,IoTPond6,3,23.75,100.0,9.5335,7.14898
2021-07-22 18:00:00,IoTpond1,6,24.4375,100.0,4.412,7.41681
2021-07-22 18:00:00,IoTPond2,0,24.4375,100.0,4.412,7.41681
2021-07-22 18:00:00,IoTPond7,4,25.125,31.0,7.0120000000000005,6.83121
2021-07-22 19:00:00,IoTPond3,1,23.625,100.0,5.08,7.32148
2021-07-22 19:00:00,IoTPond7,4,25.0625,31.0,7.16,6.83575
2021-07-22 19:00:00,IoTpond1,6,24.375,100.0,5.768,7.419074999999999
2021-07-22 19:00:00,IoTPond6,3,23.75,100.0,9.614,7.11493
2021-07-22 19:00:00,IoTPond2,0,24.375,100.0,5.768,7.419074999999999
2021-07-22 20:00:00,IoTPond7,4,25.0,31.0,7.3525,6.83575
2021-07-22 20:00:00,IoTpond1,6,24.375,100.0,4.234,7.41681
2021-07-22 20:00:00,IoTPond3,1,23.625,100.0,5.08,7.32148
2021-07-22 20:00:00,IoTPond6,3,23.75,100.0,9.105,7.09904
2021-07-22 20:00:00,IoTPond2,0,24.375,100.0,4.234,7.41681
2021-07-22 21:00:00,IoTPond3,1,23.625,100.0,5.08,7.32148
2021-07-22 21:00:00,IoTPond6,3,23.75,100.0,8.9,7.08996
2021-07-22 21:00:00,IoTPond7,4,24.9375,31.0,7.311,6.83121
2021-07-22 21:00:00,IoTpond1,6,24.375,100.0,4.7035,7.41681
2021-07-22 21:00:00,IoTPond2,0,24.375,100.0,4.7035,7.41681
2021-07-22 22:00:00,IoTPond3,1,23.625,99.0,8.3065,7.32148
2021-07-22 22:00:00,IoTPond2,0,24.3125,100.0,5.493,7.42134
2021-07-22 22:00:00,IoTpond1,6,24.3125,100.0,5.493,7.42134
2021-07-22 22:00:00,IoTPond6,3,23.6875,100.0,8.123,7.06727
2021-07-22 22:00:00,IoTPond7,4,24.9375,31.0,7.5665,6.83575
2021-07-22 23:00:00,IoTPond3,1,23.625,98.0,5.525,7.32148
2021-07-22 23:00:00,IoTPond2,0,24.3125,100.0,6.102,7.42134
2021-07-22 23:00:00,IoTpond1,6,24.3125,100.0,6.102,7.42134
2021-07-22 23:00:00,IoTPond6,3,23.625,100.0,7.105,7.04457
2021-07-22 23:00:00,IoTPond7,4,24.75,31.0,7.6065000000000005,6.84937
2021-07-23 00:00:00,IoTPond7,4,24.71875,31.0,7.733499999999999,6.84937
2021-07-23 00:00:00,IoTPond3,1,23.5625,98.0,6.878,7.32148
2021-07-23 00:00:00,IoTpond1,6,24.25,100.0,6.837,7.42134
2021-07-23 00:00:00,IoTPond4,2,24.3125,100.0,6.829,7.5893
2021-07-23 00:00:00,IoTPond2,0,24.25,100.0,6.837,7.42134
2021-07-23 00:00:00,IoTPond6,3,23.5625,100.0,8.543,7.02641
2021-07-23 01:00:00,IoTPond6,3,23.5,100.0,8.123,6.99917
2021-07-23 01:00:00,IoTPond3,1,23.5,96.0,9.703,7.32148
2021-07-23 01:00:00,IoTpond1,6,24.1875,100.0,8.042,7.42134
2021-07-23 01:00:00,IoTPond7,4,24.6875,31.0,7.995,6.85391
2021-07-23 01:00:00,IoTPond2,0,24.1875,100.0,8.042,7.42134
2021-07-23 01:00:00,IoTPond4,2,24.25,100.0,5.941,7.60292
2021-07-23 01:00:00,IoTPond9,5,23.53125,69.0,6.788499999999999,7.27608
2021-07-23 02:00:00,IoTPond7,4,24.5625,31.0,7.657,6.85391
2021-07-23 02:00:00,IoTPond9,5,23.46875,71.0,12.243,7.2897
2021-07-23 02:00:00,IoTPond6,3,23.4375,100.0,7.516,6.97194
2021-07-23 02:00:00,IoTPond3,1,23.4375,94.0,7.471,7.31694
2021-07-23 02:00:00,IoTpond1,6,24.125,100.0,6.5715,7.42134
2021-07-23 02:00:00,IoTPond2,0,24.125,100.0,6.5715,7.42134
2021-07-23 02:00:00,IoTPond4,2,24.1875,100.0,5.696,7.60746
2021-07-23 03:00:00,IoTPond2,0,24.0625,100.0,5.5565,7.42134
2021-07-23 03:00:00,IoTPond7,4,24.5,31.0,7.733,6.85845
2021-07-23 03:00:00,IoTPond9,5,23.34375,71.0,11.318999999999999,7.29424
2021-07-23 03:00:00,IoTpond1,6,24.0625,100.0,5.5565,7.42134
2021-07-23 03:00:00,IoTPond3,1,23.4375,86.0,7.846,7.28516
2021-07-23 03:00:00,IoTPond6,3,23.375,100.0,7.766,6.9447
2021-07-23 03:00:00,IoTPond4,2,24.125,100.0,5.612,7.58477
2021-07-23 04:00:00,IoTPond7,4,24.3125,31.0,8.4605,6.86299
2021-07-23 04:00:00,IoTPond3,1,23.3125,81.0,9.587,7.2897
2021-07-23 04:00:00,IoTPond6,3,23.3125,100.0,6.623,6.90385
2021-07-23 04:00:00,IoTPond4,2,24.0625,100.0,5.616,7.59838
2021-07-23 04:00:00,IoTPond2,0,24.0,100.0,5.671,7.42134
2021-07-23 04:00:00,IoTpond1,6,24.0,100.0,5.671,7.42134
2021-07-23 05:00:00,IoTPond3,1,23.25,80.0,8.2035,7.29424
2021-07-23 05:00:00,IoTPond9,5,23.1875,66.0,9.748,7.28516
2021-07-23 05:00:00,IoTPond7,4,24.25,31.0,7.763,6.86753
2021-07-23 05:00:00,IoTPond2,0,23.9375,100.0,6.24,7.42134
2021-07-23 05:00:00,IoTpond1,6,23.9375,100.0,6.24,7.42134
2021-07-23 05:00:00,IoTPond4,2,24.0,100.0,5.671,7.59384
2021-07-23 05:00:00,IoTPond6,3,23.3125,100.0,7.297499999999999,6.87661
2021-07-23 06:00:00,IoTpond1,6,23.875,100.0,5.954000000000001,7.42361
2021-07-23 06:00:00,IoTPond4,2,23.9375,100.0,5.113,7.59384
2021-07-23 06:00:00,IoTPond9,5,23.125,68.0,8.841999999999999,7.3055900000000005
2021-07-23 06:00:00,IoTPond3,1,23.1875,76.0,8.445,7.30786
2021-07-23 06:00:00,IoTPond7,4,24.1875,31.0,8.021,6.86753
2021-07-23 06:00:00,IoTPond2,0,23.875,100.0,5.954000000000001,7.42361
2021-07-23 06:00:00,IoTPond6,3,23.25,100.0,6.2795000000000005,6.85391
2021-07-23 07:00:00,IoTpond1,6,23.8125,100.0,3.91,7.42134
2021-07-23 07:00:00,IoTPond7,4,24.1875,31.0,7.877,6.87207
2021-07-23 07:00:00,IoTPond6,3,23.1875,100.0,6.8685,6.815329999999999
2021-07-23 07:00:00,IoTPond4,2,23.9375,100.0,5.159,7.59838
2021-07-23 07:00:00,IoTPond9,5,23.125,70.0,8.052,7.28516
2021-07-23 07:00:00,IoTPond3,1,23.125,76.0,6.9315,7.30786
2021-07-23 07:00:00,IoTPond2,0,23.8125,100.0,3.91,7.42134
2021-07-23 08:00:00,IoTPond7,4,24.1875,31.0,7.86,6.87207
2021-07-23 08:00:00,IoTPond9,5,23.03125,71.5,12.823,7.269270000000001
2021-07-23 08:00:00,IoTPond3,1,23.125,76.0,6.418,7.30786
2021-07-23 08:00:00,IoTPond6,3,23.25,100.0,6.614,6.80852
2021-07-23 08:00:00,IoTPond4,2,23.875,100.0,5.2219999999999995,7.59838
2021-07-23 08:00:00,IoTpond1,6,23.8125,100.0,5.749,7.41681
2021-07-23 08:00:00,IoTPond2,0,23.8125,100.0,5.749,7.41681
2021-07-23 09:00:00,IoTPond7,4,24.3125,31.0,8.147,6.85845
2021-07-23 09:00:00,IoTPond6,3,23.25,99.0,8.32,6.79944
2021-07-23 09:00:00,IoTPond3,1,23.125,80.0,5.08,7.33963
2021-07-23 09:00:00,IoTPond9,5,23.09375,68.5,11.2655,7.27154
2021-07-23 09:00:00,IoTPond2,0,23.8125,100.0,5.409,7.41227
2021-07-23 09:00:00,IoTPond4,2,23.9375,100.0,5.249,7.58023
2021-07-23 09:00:00,IoTpond1,6,23.8125,100.0,5.409,7.41227
2021-07-23 10:00:00,IoTPond2,0,23.875,100.0,5.49,7.40773
2021-07-23 10:00:00,IoTpond1,6,23.875,100.0,5.49,7.40773
2021-07-23 10:00:00,IoTPond6,3,23.3125,100.0,8.007,6.7949
2021-07-23 10:00:00,IoTPond3,1,23.1875,83.0,4.6905,7.34871
2021-07-23 10:00:00,IoTPond7,4,24.4375,31.0,7.953,6.85845
2021-07-23 10:00:00,IoTPond4,2,24.0,100.0,5.4384999999999994,7.56661
2021-07-23 10:00:00,IoTPond9,5,23.125,70.0,8.489,7.28516
2021-07-23 11:00:00,IoTPond9,5,23.3125,66.0,13.06,7.27608
2021-07-23 11:00:00,IoTPond7,4,24.5625,31.0,7.412,6.85845
2021-07-23 11:00:00,IoTpond1,6,23.9375,100.0,5.445,7.41227
2021-07-23 11:00:00,IoTPond2,0,23.9375,100.0,5.445,7.41227
2021-07-23 11:00:00,IoTPond3,1,23.25,84.0,4.484999999999999,7.35779
2021-07-23 11:00:00,IoTPond4,2,24.0625,100.0,4.585,7.56661
2021-07-23 12:00:00,IoTPond4,2,24.25,100.0,2.138,7.55753
2021-07-23 12:00:00,IoTpond1,6,24.0625,100.0,4.454,7.39865
2021-07-23 12:00:00,IoTPond2,0,24.0625,100.0,4.454,7.39865
2021-07-23 12:00:00,IoTPond7,4,25.0,31.0,8.655,6.84937
2021-07-23 12:00:00,IoTPond3,1,23.375,87.0,5.08,7.37595
2021-07-23 12:00:00,IoTPond9,5,23.625,67.0,8.159,7.25792
2021-07-23 13:00:00,IoTPond2,0,24.25,100.0,3.3970000000000002,7.39865
2021-07-23 13:00:00,IoTPond9,5,23.8125,69.0,10.747499999999999,7.26246
2021-07-23 13:00:00,IoTPond4,2,24.5,100.0,2.299,7.55299
2021-07-23 13:00:00,IoTPond3,1,23.5,88.0,3.731,7.34417
2021-07-23 13:00:00,IoTPond7,4,25.1875,31.0,9.1345,6.84937
2021-07-23 13:00:00,IoTpond1,6,24.25,100.0,3.3970000000000002,7.39865
2021-07-23 14:00:00,IoTPond3,1,23.5625,89.0,4.588,7.31694
2021-07-23 14:00:00,IoTPond2,0,24.3125,100.0,4.5595,7.41227
2021-07-23 14:00:00,IoTPond6,3,23.75,98.0,8.641,6.80852
2021-07-23 14:00:00,IoTPond4,2,24.5,100.0,2.5815,7.55753
2021-07-23 14:00:00,IoTPond9,5,23.875,69.0,11.131499999999999,7.27608
2021-07-23 14:00:00,IoTPond7,4,25.15625,31.0,8.029,6.85845
2021-07-23 14:00:00,IoTpond1,6,24.3125,100.0,4.5595,7.41227
2021-07-23 15:00:00,IoTPond4,2,24.5625,100.0,1.9605000000000001,7.55753
2021-07-23 15:00:00,IoTPond7,4,25.3125,31.0,6.127,6.85391
2021-07-23 15:00:00,IoTPond3,1,23.625,89.0,3.981,7.31694
2021-07-23 15:00:00,IoTpond1,6,24.3125,100.0,3.8495,7.40546
2021-07-23 15:00:00,IoTPond2,0,24.3125,100.0,3.8495,7.40546
2021-07-23 16:00:00,IoTPond2,0,24.375,100.0,6.0215,7.40092
2021-07-23 16:00:00,IoTPond4,2,24.625,100.0,1.944,7.55753
2021-07-23 16:00:00,IoTPond7,4,25.4375,31.0,6.063,6.85391
2021-07-23 16:00:00,IoTPond3,1,23.6875,88.0,3.311,7.31694
2021-07-23 16:00:00,IoTpond1,6,24.375,100.0,6.0215,7.40092
2021-07-23 17:00:00,IoTpond1,6,24.4375,100.0,5.113,7.40319
2021-07-23 17:00:00,IoTPond7,4,25.375,31.0,5.529999999999999,6.85391
2021-07-23 17:00:00,IoTPond2,0,24.4375,100.0,5.113,7.40319
2021-07-23 17:00:00,IoTPond4,2,24.6875,100.0,2.628,7.55753
2021-07-23 17:00:00,IoTPond3,1,23.6875,89.0,4.883,7.3124
2021-07-23 18:00:00,IoTPond6,3,23.875,100.0,9.864,6.80852
2021-07-23 18:00:00,IoTPond2,0,24.5,100.0,5.443,7.40319
2021-07-23 18:00:00,IoTPond3,1,23.6875,88.0,2.9675000000000002,7.3124
2021-07-23 18:00:00,IoTpond1,6,24.5,100.0,5.443,7.40319
2021-07-23 18:00:00,IoTPond7,4,25.3125,31.0,5.558,6.85845
2021-07-23 18:00:00,IoTPond4,2,24.6875,100.0,3.025,7.55753
2021-07-23 19:00:00,IoTpond1,6,24.4375,100.0,5.349500000000001,7.41
2021-07-23 19:00:00,IoTPond6,3,23.875,100.0,11.462,6.78128
2021-07-23 19:00:00,IoTPond2,0,24.4375,100.0,5.349500000000001,7.41
2021-07-23 19:00:00,IoTPond4,2,24.6875,100.0,3.524,7.56207
2021-07-23 19:00:00,IoTPond7,4,25.25,31.0,5.286,6.85845
2021-07-23 19:00:00,IoTPond3,1,23.6875,89.0,3.7039999999999997,7.3124
2021-07-23 20:00:00,IoTPond4,2,24.625,100.0,3.7264999999999997,7.58023
2021-07-23 20:00:00,IoTPond7,4,25.1875,31.0,5.374,6.86299
2021-07-23 20:00:00,IoTPond6,3,23.8125,100.0,9.596,6.74043
2021-07-23 20:00:00,IoTpond1,6,24.4375,100.0,4.0525,7.41227
2021-07-23 20:00:00,IoTPond2,0,24.4375,100.0,4.0525,7.41227
2021-07-23 20:00:00,IoTPond3,1,23.6875,88.0,3.633,7.3124
2021-07-23 21:00:00,IoTPond6,3,23.8125,100.0,9.5825,6.69049
2021-07-23 21:00:00,IoTpond1,6,24.375,100.0,5.003,7.41227
2021-07-23 21:00:00,IoTPond7,4,25.125,31.0,5.478,6.86299
2021-07-23 21:00:00,IoTPond2,0,24.375,100.0,5.003,7.41227
2021-07-23 21:00:00,IoTPond4,2,24.5625,100.0,3.49,7.58023
2021-07-23 21:00:00,IoTPond3,1,23.6875,89.0,2.945,7.3124
2021-07-23 22:00:00,IoTPond3,1,23.6875,88.0,3.5255,7.31694
2021-07-23 22:00:00,IoTPond6,3,23.8125,100.0,7.043,6.69049
2021-07-23 22:00:00,IoTPond2,0,24.375,100.0,7.488,7.40319
2021-07-23 22:00:00,IoTPond4,2,24.5625,100.0,3.338,7.62108
2021-07-23 22:00:00,IoTPond7,4,25.0625,31.0,5.462,6.86299
2021-07-23 22:00:00,IoTpond1,6,24.375,100.0,7.488,7.40319
2021-07-23 23:00:00,IoTPond6,3,23.6875,100.0,10.569,6.63602
2021-07-23 23:00:00,IoTPond7,4,25.0,31.0,5.747,6.86753
2021-07-23 23:00:00,IoTpond1,6,24.375,100.0,6.7615,7.40773
2021-07-23 23:00:00,IoTPond4,2,24.5,100.0,2.637,7.65286
2021-07-23 23:00:00,IoTPond3,1,23.625,88.0,5.08,7.30786
2021-07-23 23:00:00,IoTPond2,0,24.375,100.0,6.7615,7.40773
2021-07-24 00:00:00,IoTpond1,6,24.3125,100.0,1.453,7.41227
2021-07-24 00:00:00,IoTPond4,2,24.4375,100.0,4.598,7.6574
2021-07-24 00:00:00,IoTPond3,1,23.5625,81.0,8.195,7.04911
2021-07-24 00:00:00,IoTPond6,3,23.625,100.0,8.739,6.58154
2021-07-24 00:00:00,IoTPond2,0,24.3125,100.0,1.453,7.41227
2021-07-24 00:00:00,IoTPond7,4,24.8125,31.0,5.84,6.87207
2021-07-24 01:00:00,IoTPond6,3,23.5625,100.0,9.297,6.52253
2021-07-24 01:00:00,IoTPond3,1,23.5,80.0,6.793,7.08996
2021-07-24 01:00:00,IoTPond4,2,24.375,100.0,4.09,7.67102
2021-07-24 01:00:00,IoTPond2,0,24.1875,100.0,1.1405,7.414540000000001
2021-07-24 01:00:00,IoTPond7,4,24.6875,31.0,5.941,6.87207
2021-07-24 01:00:00,IoTpond1,6,24.1875,100.0,1.1405,7.414540000000001
2021-07-24 02:00:00,IoTPond6,3,23.4375,100.0,7.123,6.48622
2021-07-24 02:00:00,IoTPond2,0,24.125,100.0,1.732,7.423615
2021-07-24 02:00:00,IoTPond4,2,24.3125,100.0,4.124,7.65286
2021-07-24 02:00:00,IoTPond3,1,23.375,78.0,7.0745000000000005,7.09904
2021-07-24 02:00:00,IoTPond7,4,24.625,31.0,5.916,6.87661
2021-07-24 02:00:00,IoTpond1,6,24.125,100.0,1.732,7.423615
2021-07-24 03:00:00,IoTPond2,0,24.03125,100.0,0.8195,7.41681
2021-07-24 03:00:00,IoTPond4,2,24.25,100.0,4.268,7.64832
2021-07-24 03:00:00,IoTPond3,1,23.3125,78.0,7.025,7.18075
2021-07-24 03:00:00,IoTPond6,3,23.375,100.0,8.498,6.44536
2021-07-24 03:00:00,IoTPond7,4,24.5,31.0,6.051,6.88115
2021-07-24 03:00:00,IoTpond1,6,24.03125,100.0,0.8195,7.41681
2021-07-24 04:00:00,IoTPond3,1,23.25,77.0,7.891,7.18529
2021-07-24 04:00:00,IoTPond7,4,24.4375,32.0,6.195,6.88569
2021-07-24 04:00:00,IoTPond4,2,24.125,100.0,4.234,7.64832
2021-07-24 04:00:00,IoTPond6,3,23.3125,100.0,8.864,6.39543
2021-07-24 04:00:00,IoTPond2,0,24.0,100.0,1.617,7.419074999999999
2021-07-24 04:00:00,IoTpond1,6,24.0,100.0,1.617,7.419074999999999
2021-07-24 05:00:00,IoTPond7,4,24.3125,32.0,6.609,6.88569
2021-07-24 05:00:00,IoTPond3,1,23.1875,75.0,7.962,7.21253
2021-07-24 05:00:00,IoTPond6,3,23.25,100.0,6.2170000000000005,6.36819
2021-07-24 05:00:00,IoTPond4,2,24.0625,100.0,4.1579999999999995,7.6347
2021-07-24 05:00:00,IoTPond2,0,23.875,100.0,7.846,7.41227
2021-07-24 05:00:00,IoTpond1,6,23.875,100.0,7.846,7.41227
2021-07-24 05:00:00,IoTPond9,5,23.15625,65.0,13.3635,7.27835
2021-07-24 06:00:00,IoTPond9,5,23.03125,68.5,10.645,7.27381
2021-07-24 06:00:00,IoTPond3,1,23.125,78.0,6.7705,7.24431
2021-07-24 06:00:00,IoTPond2,0,23.8125,100.0,6.123,7.41681
2021-07-24 06:00:00,IoTpond1,6,23.8125,100.0,6.123,7.41681
2021-07-24 06:00:00,IoTPond7,4,24.25,32.0,7.750500000000001,6.88569
2021-07-24 06:00:00,IoTPond6,3,23.1875,100.0,6.1015,6.34095
2021-07-24 06:00:00,IoTPond4,2,24.0,100.0,4.16,7.6347
2021-07-24 07:00:00,IoTPond2,0,23.75,100.0,5.463,7.41227
2021-07-24 07:00:00,IoTPond7,4,24.1875,32.0,8.181,6.88569
2021-07-24 07:00:00,IoTPond9,5,22.9375,87.0,3.3785,7.27608
2021-07-24 07:00:00,IoTpond1,6,23.75,100.0,5.463,7.41227
2021-07-24 07:00:00,IoTPond3,1,23.0625,82.0,4.9,7.24431
2021-07-24 07:00:00,IoTPond4,2,23.9375,100.0,4.302,7.6347
2021-07-24 07:00:00,IoTPond6,3,23.125,100.0,6.222,6.31372
2021-07-24 08:00:00,IoTPond4,2,23.875,100.0,4.356,7.62108
2021-07-24 08:00:00,IoTPond9,5,22.9375,87.0,1.678,7.27154
2021-07-24 08:00:00,IoTPond2,0,23.75,100.0,7.088,7.41227
2021-07-24 08:00:00,IoTpond1,6,23.75,100.0,7.088,7.41227
2021-07-24 08:00:00,IoTPond6,3,23.125,100.0,6.873,6.30918
2021-07-24 08:00:00,IoTPond7,4,24.25,32.0,8.1095,6.88569
2021-07-24 08:00:00,IoTPond3,1,23.0,83.0,3.927,7.22161
2021-07-24 09:00:00,IoTPond7,4,24.3125,32.0,6.955500000000001,6.88569
2021-07-24 09:00:00,IoTPond6,3,23.1875,99.0,6.284,6.30918
2021-07-24 09:00:00,IoTPond4,2,23.9375,100.0,4.686,7.60292
2021-07-24 09:00:00,IoTPond3,1,23.0625,84.0,5.08,7.22842
2021-07-24 09:00:00,IoTPond2,0,23.6875,100.0,5.052,7.40319
2021-07-24 09:00:00,IoTpond1,6,23.6875,100.0,5.052,7.40319
2021-07-24 09:00:00,IoTPond9,5,22.9375,86.0,2.5454999999999997,7.267
2021-07-24 10:00:00,IoTPond3,1,23.125,85.0,3.874,7.23977
2021-07-24 10:00:00,IoTpond1,6,23.75,100.0,5.74,7.40092
2021-07-24 10:00:00,IoTPond4,2,24.0,100.0,4.623,7.57569
2021-07-24 10:00:00,IoTPond7,4,24.4375,32.0,6.922,6.88569
2021-07-24 10:00:00,IoTPond2,0,23.75,100.0,5.74,7.40092
2021-07-24 10:00:00,IoTPond6,3,23.5,97.5,5.333500000000001,6.34776
2021-07-24 11:00:00,IoTPond6,3,23.5,99.0,5.052,6.35911
2021-07-24 11:00:00,IoTPond7,4,24.625,32.0,7.725,6.88115
2021-07-24 11:00:00,IoTPond2,0,23.9375,100.0,5.443,7.38957
2021-07-24 11:00:00,IoTpond1,6,23.9375,100.0,5.443,7.38957
2021-07-24 11:00:00,IoTPond3,1,23.25,86.0,5.08,7.24431
2021-07-24 11:00:00,IoTPond4,2,24.1875,100.0,5.2989999999999995,7.54845
2021-07-24 11:00:00,IoTPond9,5,23.34375,65.0,8.0295,7.24431
2021-07-24 12:00:00,IoTPond7,4,24.9375,31.0,5.426,6.87661
2021-07-24 12:00:00,IoTPond9,5,23.75,88.0,8.654499999999999,7.24431
2021-07-24 12:00:00,IoTPond2,0,24.125,100.0,4.378,7.39411
2021-07-24 12:00:00,IoTpond1,6,24.125,100.0,4.378,7.39411
2021-07-24 12:00:00,IoTPond6,3,23.8125,98.0,6.0655,6.37273
2021-07-24 12:00:00,IoTPond3,1,23.375,86.0,5.08,7.19437
2021-07-24 12:00:00,IoTPond4,2,24.4375,100.0,5.062,7.54391
2021-07-24 13:00:00,IoTPond3,1,23.5,87.0,5.021,7.23069
2021-07-24 13:00:00,IoTPond2,0,24.375,100.0,4.6395,7.38957
2021-07-24 13:00:00,IoTpond1,6,24.375,100.0,4.6395,7.38957
2021-07-24 13:00:00,IoTPond7,4,25.375,31.0,9.331,6.8698
2021-07-24 13:00:00,IoTPond9,5,23.875,89.0,9.314,7.24431
2021-07-24 13:00:00,IoTPond6,3,23.90625,99.0,3.2025,6.38408
2021-07-24 13:00:00,IoTPond4,2,24.6875,100.0,5.493,7.53937
2021-07-24 14:00:00,IoTPond6,3,24.0625,96.5,8.9505,6.45898
2021-07-24 14:00:00,IoTPond9,5,24.375,70.0,11.385,7.24431
2021-07-24 14:00:00,IoTPond2,0,24.5,100.0,4.712,7.38957
2021-07-24 14:00:00,IoTPond3,1,23.625,87.0,3.8605,7.19891
2021-07-24 14:00:00,IoTPond4,2,25.0,100.0,5.082000000000001,7.53483
2021-07-24 14:00:00,IoTpond1,6,24.5,100.0,4.712,7.38957
2021-07-24 14:00:00,IoTPond7,4,25.9375,31.0,9.389,6.86753
2021-07-24 15:00:00,IoTPond4,2,25.1875,100.0,4.485,7.53483
2021-07-24 15:00:00,IoTPond9,5,24.5625,68.0,9.517,7.24885
2021-07-24 15:00:00,IoTPond7,4,26.1875,32.0,10.211,6.86753
2021-07-24 15:00:00,IoTpond1,6,24.6875,100.0,4.855499999999999,7.38957
2021-07-24 15:00:00,IoTPond2,0,24.6875,100.0,4.855499999999999,7.38957
2021-07-24 15:00:00,IoTPond3,1,23.75,88.0,5.08,7.19891
2021-07-24 16:00:00,IoTPond7,4,26.3125,32.0,10.828,6.86299
2021-07-24 16:00:00,IoTpond1,6,24.875,100.0,5.9035,7.38957
2021-07-24 16:00:00,IoTPond2,0,24.875,100.0,5.9035,7.38957
2021-07-24 16:00:00,IoTPond3,1,23.875,90.0,2.392,7.25792
2021-07-24 16:00:00,IoTPond4,2,25.25,100.0,3.816,7.53483
2021-07-24 17:00:00,IoTPond2,0,24.9375,100.0,3.693,7.38957
2021-07-24 17:00:00,IoTpond1,6,24.9375,100.0,3.693,7.38957
2021-07-24 17:00:00,IoTPond4,2,25.3125,100.0,3.075,7.53483
2021-07-24 17:00:00,IoTPond3,1,24.0,90.0,4.0945,7.28062
2021-07-24 17:00:00,IoTPond7,4,26.1875,32.0,7.763,6.86753
2021-07-24 18:00:00,IoTpond1,6,24.9375,100.0,4.702,7.38957
2021-07-24 18:00:00,IoTPond3,1,24.0,91.0,3.6,7.267
2021-07-24 18:00:00,IoTPond4,2,25.375,100.0,2.659,7.53483
2021-07-24 18:00:00,IoTPond2,0,24.9375,100.0,4.702,7.38957
2021-07-24 18:00:00,IoTPond6,3,24.375,99.0,2.349,6.44082
2021-07-24 18:00:00,IoTPond7,4,26.125,32.0,5.734,6.86753
2021-07-24 19:00:00,IoTPond3,1,24.0,92.0,2.07,7.23523
2021-07-24 19:00:00,IoTPond7,4,25.9375,32.0,5.474,6.86753
2021-07-24 19:00:00,IoTPond2,0,24.9375,100.0,4.838,7.38957
2021-07-24 19:00:00,IoTPond4,2,25.3125,100.0,3.472,7.54391
2021-07-24 19:00:00,IoTpond1,6,24.9375,100.0,4.838,7.38957
2021-07-24 20:00:00,IoTpond1,6,24.875,100.0,5.050000000000001,7.39411
2021-07-24 20:00:00,IoTPond2,0,24.875,100.0,5.050000000000001,7.39411
2021-07-24 20:00:00,IoTPond7,4,25.8125,32.0,5.47,6.87661
2021-07-24 20:00:00,IoTPond4,2,25.25,100.0,3.171,7.55753
2021-07-24 20:00:00,IoTPond3,1,24.0,96.0,3.955,7.23523
2021-07-24 20:00:00,IoTPond6,3,24.25,100.0,10.231,6.4499
2021-07-24 21:00:00,IoTPond2,0,24.875,100.0,6.085,7.38957
2021-07-24 21:00:00,IoTPond7,4,25.6875,32.0,4.845,6.88115
2021-07-24 21:00:00,IoTPond3,1,24.0,100.0,5.08,7.23977
2021-07-24 21:00:00,IoTPond6,3,24.1875,100.0,8.659,6.44763
2021-07-24 21:00:00,IoTPond4,2,25.1875,100.0,3.388,7.55299
2021-07-24 21:00:00,IoTpond1,6,24.875,100.0,6.085,7.38957
2021-07-24 22:00:00,IoTPond3,1,23.9375,96.0,5.08,7.19891
2021-07-24 22:00:00,IoTPond4,2,25.125,100.0,4.012,7.54845
2021-07-24 22:00:00,IoTPond7,4,25.5625,32.0,4.845,6.88569
2021-07-24 22:00:00,IoTPond2,0,24.8125,100.0,4.944,7.39411
2021-07-24 22:00:00,IoTpond1,6,24.8125,100.0,4.944,7.39411
2021-07-24 22:00:00,IoTPond6,3,24.125,100.0,9.986,6.44536
2021-07-24 23:00:00,IoTPond6,3,24.0,100.0,10.784500000000001,6.44536
2021-07-24 23:00:00,IoTPond3,1,23.875,97.0,5.08,7.19437
2021-07-24 23:00:00,IoTpond1,6,24.6875,100.0,5.743,7.39411
2021-07-24 23:00:00,IoTPond4,2,25.0,100.0,4.677,7.56207
2021-07-24 23:00:00,IoTPond7,4,25.375,32.0,5.130000000000001,6.88569
2021-07-24 23:00:00,IoTPond2,0,24.6875,100.0,5.743,7.39411
2021-07-25 00:00:00,IoTpond1,6,24.625,100.0,5.637,7.39411
2021-07-25 00:00:00,IoTPond6,3,23.9375,100.0,10.462,6.44536
2021-07-25 00:00:00,IoTPond3,1,23.8125,97.0,5.08,7.18075
2021-07-25 00:00:00,IoTPond7,4,25.25,32.0,5.154,6.89023
2021-07-25 00:00:00,IoTPond4,2,24.9375,100.0,5.539999999999999,7.57569
2021-07-25 00:00:00,IoTPond2,0,24.625,100.0,5.637,7.39411
2021-07-25 01:00:00,IoTPond4,2,24.8125,100.0,5.544,7.59838
2021-07-25 01:00:00,IoTpond1,6,24.53125,100.0,5.1595,7.39865
2021-07-25 01:00:00,IoTPond6,3,23.8125,100.0,8.3595,6.4499
2021-07-25 01:00:00,IoTPond3,1,23.75,96.0,5.08,7.1399
2021-07-25 01:00:00,IoTPond7,4,25.1875,32.0,4.974,6.89477
2021-07-25 01:00:00,IoTPond2,0,24.53125,100.0,5.1595,7.39865
2021-07-25 02:00:00,IoTPond4,2,24.6875,100.0,5.122,7.60746
2021-07-25 02:00:00,IoTPond3,1,23.625,90.0,5.08,7.10812
2021-07-25 02:00:00,IoTPond2,0,24.4375,100.0,5.433999999999999,7.396380000000001
2021-07-25 02:00:00,IoTPond7,4,25.0,32.0,4.8255,6.89931
2021-07-25 02:00:00,IoTpond1,6,24.4375,100.0,5.433999999999999,7.396380000000001
2021-07-25 02:00:00,IoTPond6,3,23.75,100.0,8.748,6.45898
2021-07-25 03:00:00,IoTPond7,4,24.875,31.5,4.969,6.90385
2021-07-25 03:00:00,IoTPond2,0,24.375,100.0,6.495,7.39411
2021-07-25 03:00:00,IoTPond6,3,23.6875,100.0,9.5915,6.46806
2021-07-25 03:00:00,IoTpond1,6,24.375,100.0,6.495,7.39411
2021-07-25 03:00:00,IoTPond4,2,24.625,100.0,5.265,7.60292
2021-07-25 03:00:00,IoTPond3,1,23.5625,91.0,5.08,7.10358
2021-07-25 04:00:00,IoTPond4,2,24.5,100.0,5.248,7.60292
2021-07-25 04:00:00,IoTPond2,0,24.25,100.0,6.195,7.39411
2021-07-25 04:00:00,IoTPond3,1,23.5,91.0,5.757,7.09904
2021-07-25 04:00:00,IoTPond7,4,24.8125,32.0,5.2524999999999995,6.90385
2021-07-25 04:00:00,IoTpond1,6,24.25,100.0,6.195,7.39411
2021-07-25 04:00:00,IoTPond6,3,23.5625,100.0,8.0875,6.48622
2021-07-25 05:00:00,IoTPond6,3,23.5,100.0,9.324,6.4726
2021-07-25 05:00:00,IoTPond3,1,23.375,93.0,5.08,7.09904
2021-07-25 05:00:00,IoTPond4,2,24.4375,100.0,5.375,7.60746
2021-07-25 05:00:00,IoTpond1,6,24.1875,100.0,4.682,7.39865
2021-07-25 05:00:00,IoTPond7,4,24.6875,32.0,5.0795,6.90839
2021-07-25 05:00:00,IoTPond2,0,24.1875,100.0,4.682,7.39865
2021-07-25 06:00:00,IoTPond6,3,23.4375,100.0,8.052,6.47714
2021-07-25 06:00:00,IoTPond4,2,24.3125,100.0,5.265,7.60746
2021-07-25 06:00:00,IoTPond3,1,23.3125,81.0,8.543,7.09904
2021-07-25 06:00:00,IoTPond2,0,24.125,100.0,5.95,7.39411
2021-07-25 06:00:00,IoTPond7,4,24.625,32.0,5.046,6.90839
2021-07-25 06:00:00,IoTpond1,6,24.125,100.0,5.95,7.39411
2021-07-25 07:00:00,IoTpond1,6,24.0625,100.0,4.445,7.39411
2021-07-25 07:00:00,IoTPond2,0,24.0625,100.0,4.445,7.39411
2021-07-25 07:00:00,IoTPond7,4,24.625,32.0,5.1005,6.91292
2021-07-25 07:00:00,IoTPond3,1,23.3125,81.0,6.7795000000000005,7.09904
2021-07-25 07:00:00,IoTPond4,2,24.3125,100.0,4.733,7.60292
2021-07-25 07:00:00,IoTPond6,3,23.4375,100.0,7.222,6.47714
2021-07-25 08:00:00,IoTpond1,6,24.0625,100.0,4.657,7.39411
2021-07-25 08:00:00,IoTPond4,2,24.25,100.0,6.491,7.57569
2021-07-25 08:00:00,IoTPond3,1,23.25,81.0,6.248,7.09904
2021-07-25 08:00:00,IoTPond7,4,24.625,32.0,5.375,6.91746
2021-07-25 08:00:00,IoTPond6,3,23.4375,98.5,11.060500000000001,6.49075
2021-07-25 08:00:00,IoTPond2,0,24.0625,100.0,4.657,7.39411
2021-07-25 09:00:00,IoTPond6,3,23.5,97.0,7.65,6.5021
2021-07-25 09:00:00,IoTPond3,1,23.25,83.0,5.08,7.10812
2021-07-25 09:00:00,IoTPond7,4,24.75,32.0,5.781,6.91292
2021-07-25 09:00:00,IoTpond1,6,24.0625,100.0,5.113,7.38957
2021-07-25 09:00:00,IoTPond4,2,24.25,100.0,5.265,7.54391
2021-07-25 09:00:00,IoTPond2,0,24.0625,100.0,5.113,7.38957
2021-07-25 10:00:00,IoTPond3,1,23.3125,83.0,5.08,7.10812
2021-07-25 10:00:00,IoTPond7,4,24.75,32.0,6.077,6.91292
2021-07-25 10:00:00,IoTPond6,3,23.5,97.0,9.141,6.49529
2021-07-25 10:00:00,IoTPond2,0,24.0625,100.0,5.6835,7.38957
2021-07-25 10:00:00,IoTpond1,6,24.0625,100.0,5.6835,7.38957
2021-07-25 10:00:00,IoTPond4,2,24.3125,100.0,5.65,7.53937
2021-07-25 11:00:00,IoTPond6,3,23.5625,96.0,8.891,6.50437
2021-07-25 11:00:00,IoTPond7,4,24.8125,32.0,6.694,6.90839
2021-07-25 11:00:00,IoTPond2,0,24.125,100.0,4.8,7.38957
2021-07-25 11:00:00,IoTPond4,2,24.375,100.0,5.451,7.53483
2021-07-25 11:00:00,IoTPond3,1,23.3125,93.0,4.2085,7.09904
2021-07-25 11:00:00,IoTpond1,6,24.125,100.0,4.8,7.38957
2021-07-25 12:00:00,IoTPond2,0,24.1875,100.0,6.178,7.38957
2021-07-25 12:00:00,IoTPond7,4,25.0,32.0,6.976,6.91292
2021-07-25 12:00:00,IoTpond1,6,24.1875,100.0,6.178,7.38957
2021-07-25 12:00:00,IoTPond3,1,23.375,97.0,4.079,7.09904
2021-07-25 12:00:00,IoTPond4,2,24.4375,100.0,5.4725,7.53483
2021-07-25 13:00:00,IoTPond3,1,23.5,100.0,2.722,7.12174
2021-07-25 13:00:00,IoTPond6,3,23.875,96.0,6.6545000000000005,6.51345
2021-07-25 13:00:00,IoTPond2,0,24.3125,100.0,5.443,7.38503
2021-07-25 13:00:00,IoTpond1,6,24.3125,100.0,5.443,7.38503
2021-07-25 13:00:00,IoTPond4,2,24.625,100.0,5.713,7.53483
2021-07-25 13:00:00,IoTPond7,4,25.375,32.0,7.104,6.90385
2021-07-25 14:00:00,IoTPond4,2,24.8125,100.0,5.73,7.53483
2021-07-25 14:00:00,IoTPond2,0,24.4375,100.0,5.35,7.38503
2021-07-25 14:00:00,IoTPond7,4,25.5625,32.0,5.47,6.90385
2021-07-25 14:00:00,IoTPond3,1,23.625,100.0,3.767,7.13536
2021-07-25 14:00:00,IoTpond1,6,24.4375,100.0,5.35,7.38503
2021-07-25 15:00:00,IoTpond1,6,24.5625,100.0,3.626,7.38049
2021-07-25 15:00:00,IoTPond4,2,24.9375,100.0,5.84,7.53029
2021-07-25 15:00:00,IoTPond7,4,25.8125,32.0,6.616,6.89931
2021-07-25 15:00:00,IoTPond3,1,23.6875,100.0,4.892,7.09904
2021-07-25 15:00:00,IoTPond2,0,24.5625,100.0,3.626,7.38049
2021-07-25 16:00:00,IoTPond7,4,25.8125,32.0,5.734500000000001,6.90385
2021-07-25 16:00:00,IoTPond4,2,25.0625,100.0,5.783,7.53029
2021-07-25 16:00:00,IoTpond1,6,24.6875,100.0,4.936,7.38503
2021-07-25 16:00:00,IoTPond3,1,23.8125,99.0,5.08,7.09904
2021-07-25 16:00:00,IoTPond2,0,24.6875,100.0,4.936,7.38503
2021-07-25 17:00:00,IoTPond2,0,24.6875,100.0,3.456,7.38503
2021-07-25 17:00:00,IoTPond7,4,25.75,32.0,4.869,6.90385
2021-07-25 17:00:00,IoTPond6,3,24.125,99.0,8.274,6.577
2021-07-25 17:00:00,IoTpond1,6,24.6875,100.0,3.456,7.38503
2021-07-25 17:00:00,IoTPond4,2,25.0625,100.0,5.334,7.53029
2021-07-25 17:00:00,IoTPond3,1,23.875,100.0,3.508,7.09904
2021-07-25 18:00:00,IoTPond3,1,23.875,100.0,3.829,7.10358
2021-07-25 18:00:00,IoTPond7,4,25.75,33.0,4.637,6.90839
2021-07-25 18:00:00,IoTpond1,6,24.75,100.0,5.003,7.38503
2021-07-25 18:00:00,IoTPond4,2,25.125,100.0,5.162000000000001,7.53029
2021-07-25 18:00:00,IoTPond6,3,24.125,98.0,7.268,6.52707
2021-07-25 18:00:00,IoTPond2,0,24.75,100.0,5.003,7.38503
2021-07-25 19:00:00,IoTPond2,0,24.6875,100.0,6.525,7.38957
2021-07-25 19:00:00,IoTPond4,2,25.0625,100.0,4.549,7.53483
2021-07-25 19:00:00,IoTPond3,1,23.875,100.0,1.678,7.04911
2021-07-25 19:00:00,IoTPond7,4,25.625,33.0,4.856999999999999,6.91292
2021-07-25 19:00:00,IoTpond1,6,24.6875,100.0,6.525,7.38957
2021-07-25 20:00:00,IoTPond2,0,24.625,100.0,4.767,7.38957
2021-07-25 20:00:00,IoTPond4,2,25.0,100.0,3.564,7.54391
2021-07-25 20:00:00,IoTpond1,6,24.625,100.0,4.767,7.38957
2021-07-25 20:00:00,IoTPond3,1,23.875,100.0,3.1015,7.06727
2021-07-25 20:00:00,IoTPond7,4,25.5,33.0,4.725,6.91292
2021-07-25 21:00:00,IoTPond4,2,24.9375,100.0,4.783,7.54845
2021-07-25 21:00:00,IoTPond7,4,25.375,33.0,4.920999999999999,6.922
2021-07-25 21:00:00,IoTPond2,0,24.625,100.0,4.3145,7.38957
2021-07-25 21:00:00,IoTPond6,3,24.0,100.0,9.1995,6.55885
2021-07-25 21:00:00,IoTPond3,1,23.875,100.0,2.446,7.08542
2021-07-25 21:00:00,IoTpond1,6,24.625,100.0,4.3145,7.38957
2021-07-25 22:00:00,IoTPond3,1,23.8125,100.0,5.08,7.0945
2021-07-25 22:00:00,IoTpond1,6,24.5625,100.0,4.7285,7.38957
2021-07-25 22:00:00,IoTPond4,2,24.875,100.0,4.361,7.55753
2021-07-25 22:00:00,IoTPond2,0,24.5625,100.0,4.7285,7.38957
2021-07-25 22:00:00,IoTPond7,4,25.3125,33.0,4.888999999999999,6.922
2021-07-25 23:00:00,IoTPond7,4,25.1875,33.0,5.134,6.92654
2021-07-25 23:00:00,IoTPond3,1,23.75,100.0,1.91,7.09904
2021-07-25 23:00:00,IoTPond6,3,23.875,99.0,8.909,6.55885
2021-07-25 23:00:00,IoTPond2,0,24.5,100.0,5.891,7.38957
2021-07-25 23:00:00,IoTPond4,2,24.8125,100.0,4.259,7.54391
2021-07-25 23:00:00,IoTpond1,6,24.5,100.0,5.891,7.38957
2021-07-26 00:00:00,IoTPond7,4,25.125,33.0,4.941,6.92654
2021-07-26 00:00:00,IoTPond3,1,23.75,100.0,2.334,7.09904
2021-07-26 00:00:00,IoTPond4,2,24.75,100.0,3.854,7.54845
2021-07-26 00:00:00,IoTpond1,6,24.4375,100.0,5.958,7.38957
2021-07-26 00:00:00,IoTPond2,0,24.4375,100.0,5.958,7.38957
2021-07-26 00:00:00,IoTPond6,3,23.8125,99.0,5.445,6.56339
2021-07-26 01:00:00,IoTPond4,2,24.625,100.0,3.592,7.58023
2021-07-26 01:00:00,IoTPond2,0,24.375,100.0,6.432,7.38957
2021-07-26 01:00:00,IoTPond3,1,23.6875,100.0,3.088,7.08542
2021-07-26 01:00:00,IoTpond1,6,24.375,100.0,6.432,7.38957
2021-07-26 01:00:00,IoTPond7,4,25.0,34.0,4.974,6.93108
2021-07-26 02:00:00,IoTPond2,0,24.3125,100.0,7.226,7.38957
2021-07-26 02:00:00,IoTPond4,2,24.5625,100.0,4.488,7.57569
2021-07-26 02:00:00,IoTPond6,3,23.625,100.0,9.525,6.58608
2021-07-26 02:00:00,IoTpond1,6,24.3125,100.0,7.226,7.38957
2021-07-26 02:00:00,IoTPond3,1,23.625,100.0,2.794,7.07635
2021-07-26 02:00:00,IoTPond7,4,24.875,33.0,4.881,6.93108
2021-07-26 03:00:00,IoTPond3,1,23.5,100.0,1.99,7.08542
2021-07-26 03:00:00,IoTpond1,6,24.25,100.0,5.079,7.38957
2021-07-26 03:00:00,IoTPond2,0,24.25,100.0,5.079,7.38957
2021-07-26 03:00:00,IoTPond7,4,24.75,32.0,5.0625,6.93562
2021-07-26 03:00:00,IoTPond6,3,23.625,100.0,13.024,6.58154
2021-07-26 03:00:00,IoTPond4,2,24.5,100.0,5.747,7.58023
2021-07-26 04:00:00,IoTPond7,4,24.625,32.0,5.477,6.94016
2021-07-26 04:00:00,IoTpond1,6,24.1875,100.0,6.668,7.38957
2021-07-26 04:00:00,IoTPond6,3,23.5,99.0,7.177,6.58154
2021-07-26 04:00:00,IoTPond4,2,24.4375,100.0,5.113,7.59838
2021-07-26 04:00:00,IoTPond2,0,24.1875,100.0,6.668,7.38957
2021-07-26 04:00:00,IoTPond3,1,23.4375,94.0,3.5395,7.06727
2021-07-26 05:00:00,IoTPond4,2,24.3125,100.0,4.8469999999999995,7.57569
2021-07-26 05:00:00,IoTpond1,6,24.125,100.0,3.9595,7.38957
2021-07-26 05:00:00,IoTPond2,0,24.125,100.0,3.9595,7.38957
2021-07-26 05:00:00,IoTPond6,3,23.4375,100.0,11.4175,6.59062
2021-07-26 05:00:00,IoTPond3,1,23.375,87.0,5.08,7.05365
2021-07-26 05:00:00,IoTPond7,4,24.625,32.0,5.772,6.9447
2021-07-26 06:00:00,IoTPond7,4,24.4375,32.0,6.102,6.9447
2021-07-26 06:00:00,IoTPond3,1,23.3125,90.0,4.186,7.07635
2021-07-26 06:00:00,IoTPond2,0,24.0,100.0,6.297,7.38957
2021-07-26 06:00:00,IoTPond4,2,24.25,100.0,5.3835,7.56661
2021-07-26 06:00:00,IoTPond6,3,23.375,99.5,4.0745000000000005,6.61786
2021-07-26 06:00:00,IoTpond1,6,24.0,100.0,6.297,7.38957
2021-07-26 07:00:00,IoTpond1,6,23.9375,100.0,5.292999999999999,7.38957
2021-07-26 07:00:00,IoTPond2,0,23.9375,100.0,5.292999999999999,7.38957
2021-07-26 07:00:00,IoTPond3,1,23.25,92.0,3.99,7.08542
2021-07-26 07:00:00,IoTPond6,3,23.3125,100.0,9.815,6.61332
2021-07-26 07:00:00,IoTPond4,2,24.15625,100.0,5.113,7.56661
2021-07-26 07:00:00,IoTPond7,4,24.375,33.0,6.774,6.94924
2021-07-26 08:00:00,IoTPond2,0,23.875,100.0,5.7620000000000005,7.38957
2021-07-26 08:00:00,IoTPond4,2,24.125,100.0,4.2255,7.56661
2021-07-26 08:00:00,IoTPond3,1,23.1875,92.0,2.579,7.08996
2021-07-26 08:00:00,IoTPond7,4,24.3125,33.0,7.066,6.94924
2021-07-26 08:00:00,IoTPond6,3,23.25,100.0,9.935,6.60424
2021-07-26 08:00:00,IoTpond1,6,23.875,100.0,5.7620000000000005,7.38957
2021-07-26 09:00:00,IoTpond1,6,23.875,100.0,4.445,7.38957
2021-07-26 09:00:00,IoTPond3,1,23.125,91.0,4.704,7.06727
2021-07-26 09:00:00,IoTPond2,0,23.875,100.0,4.445,7.38957
2021-07-26 09:00:00,IoTPond7,4,24.375,33.0,6.098000000000001,6.94924
2021-07-26 09:00:00,IoTPond4,2,24.0625,100.0,3.795,7.54845
2021-07-26 10:00:00,IoTPond3,1,23.125,93.0,5.08,7.07181
2021-07-26 10:00:00,IoTPond2,0,23.8125,100.0,5.347,7.38957
2021-07-26 10:00:00,IoTPond9,5,23.125,60.0,10.185,7.24431
2021-07-26 10:00:00,IoTpond1,6,23.8125,100.0,5.347,7.38957
2021-07-26 10:00:00,IoTPond7,4,24.375,33.0,6.432,6.9447
2021-07-26 10:00:00,IoTPond6,3,23.25,98.0,6.632,6.59516
2021-07-26 10:00:00,IoTPond4,2,24.0625,100.0,3.1775,7.53483
2021-07-26 11:00:00,IoTPond4,2,24.125,100.0,1.411,7.53483
2021-07-26 11:00:00,IoTPond3,1,23.125,91.0,4.968,7.12628
2021-07-26 11:00:00,IoTPond2,0,23.875,100.0,5.017,7.38503
2021-07-26 11:00:00,IoTpond1,6,23.875,100.0,5.017,7.38503
2021-07-26 11:00:00,IoTPond7,4,24.625,32.0,6.7780000000000005,6.9447
2021-07-26 12:00:00,IoTPond7,4,24.875,33.0,7.352,6.94016
2021-07-26 12:00:00,IoTPond4,2,24.25,100.0,3.11,7.53029
2021-07-26 12:00:00,IoTPond2,0,23.9375,100.0,4.263,7.38049
2021-07-26 12:00:00,IoTpond1,6,23.9375,100.0,4.263,7.38049
2021-07-26 12:00:00,IoTPond3,1,23.1875,91.0,3.624,7.23523
2021-07-26 13:00:00,IoTPond4,2,24.375,100.0,3.795,7.52575
2021-07-26 13:00:00,IoTPond2,0,24.0625,100.0,4.226,7.37595
2021-07-26 13:00:00,IoTPond3,1,23.3125,90.0,3.325,7.24431
2021-07-26 13:00:00,IoTPond7,4,25.125,33.0,7.304,6.94016
2021-07-26 13:00:00,IoTpond1,6,24.0625,100.0,4.226,7.37595
2021-07-26 14:00:00,IoTPond3,1,23.4375,90.0,3.945,7.24431
2021-07-26 14:00:00,IoTPond4,2,24.5625,100.0,1.572,7.52121
2021-07-26 14:00:00,IoTPond2,0,24.1875,100.0,5.0455000000000005,7.37595
2021-07-26 14:00:00,IoTpond1,6,24.1875,100.0,5.0455000000000005,7.37595
2021-07-26 14:00:00,IoTPond7,4,25.375,33.0,4.617,6.94243
2021-07-26 15:00:00,IoTPond4,2,24.625,100.0,2.138,7.52121
2021-07-26 15:00:00,IoTpond1,6,24.25,100.0,5.426,7.37595
2021-07-26 15:00:00,IoTPond2,0,24.25,100.0,5.426,7.37595
2021-07-26 15:00:00,IoTPond3,1,23.4375,91.0,4.57,7.24431
2021-07-26 15:00:00,IoTPond7,4,25.4375,33.0,9.299,6.93562
2021-07-26 16:00:00,IoTPond4,2,24.6875,100.0,2.7,7.52121
2021-07-26 16:00:00,IoTPond2,0,24.3125,100.0,5.1725,7.37595
2021-07-26 16:00:00,IoTPond7,4,25.375,33.0,7.901,6.93562
2021-07-26 16:00:00,IoTPond3,1,23.5,90.0,3.9545,7.23069
2021-07-26 16:00:00,IoTpond1,6,24.3125,100.0,5.1725,7.37595
2021-07-26 17:00:00,IoTPond2,0,24.3125,100.0,5.578,7.37595
2021-07-26 17:00:00,IoTpond1,6,24.3125,100.0,5.578,7.37595
2021-07-26 17:00:00,IoTPond3,1,23.5625,91.0,5.08,7.21253
2021-07-26 17:00:00,IoTPond7,4,25.375,33.0,5.318,6.94016
2021-07-26 17:00:00,IoTPond4,2,24.75,100.0,2.4675000000000002,7.52121
2021-07-26 18:00:00,IoTPond4,2,24.6875,100.0,1.5165,7.52575
2021-07-26 18:00:00,IoTPond3,1,23.5625,91.0,2.401,7.19891
2021-07-26 18:00:00,IoTpond1,6,24.3125,100.0,3.888,7.37595
2021-07-26 18:00:00,IoTPond7,4,25.3125,33.0,4.728999999999999,6.94016
2021-07-26 18:00:00,IoTPond2,0,24.3125,100.0,3.888,7.37595
2021-07-26 19:00:00,IoTPond2,0,24.3125,100.0,4.8934999999999995,7.38049
2021-07-26 19:00:00,IoTPond7,4,25.125,33.0,3.147,6.9447
2021-07-26 19:00:00,IoTpond1,6,24.3125,100.0,4.8934999999999995,7.38049
2021-07-26 19:00:00,IoTPond4,2,24.6875,100.0,3.347,7.53483
2021-07-26 19:00:00,IoTPond3,1,23.5,91.0,3.07,7.04911
2021-07-26 20:00:00,IoTPond3,1,23.5,91.0,3.213,7.04003
2021-07-26 20:00:00,IoTpond1,6,24.3125,100.0,4.124,7.37595
2021-07-26 20:00:00,IoTPond2,0,24.3125,100.0,4.124,7.37595
2021-07-26 20:00:00,IoTPond7,4,25.0625,33.0,3.277,6.9447
2021-07-26 20:00:00,IoTPond4,2,24.625,100.0,4.695,7.53483
2021-07-26 21:00:00,IoTPond2,0,24.25,100.0,3.575,7.38049
2021-07-26 21:00:00,IoTPond4,2,24.5625,100.0,2.763,7.53483
2021-07-26 21:00:00,IoTPond3,1,23.5,90.0,3.7800000000000002,7.04003
2021-07-26 21:00:00,IoTpond1,6,24.25,100.0,3.575,7.38049
2021-07-26 21:00:00,IoTPond6,3,23.625,98.0,1.499,6.67233
2021-07-26 21:00:00,IoTPond7,4,24.9375,33.0,3.524,6.94924
2021-07-26 22:00:00,IoTPond4,2,24.5,100.0,3.795,7.53483
2021-07-26 22:00:00,IoTPond3,1,23.4375,91.0,2.687,7.06727
2021-07-26 22:00:00,IoTPond2,0,24.1875,100.0,3.702,7.38049
2021-07-26 22:00:00,IoTPond7,4,24.875,33.0,3.82,6.94924
2021-07-26 22:00:00,IoTpond1,6,24.1875,100.0,3.702,7.38049
2021-07-26 23:00:00,IoTPond6,3,23.5,99.0,1.249,6.70865
2021-07-26 23:00:00,IoTPond3,1,23.375,90.0,5.052,7.03549
2021-07-26 23:00:00,IoTpond1,6,24.125,100.0,3.4945,7.38049
2021-07-26 23:00:00,IoTPond4,2,24.4375,100.0,9.0305,7.53483
2021-07-26 23:00:00,IoTPond7,4,24.8125,34.0,3.228,6.94924
2021-07-26 23:00:00,IoTPond2,0,24.125,100.0,3.4945,7.38049
2021-07-27 00:00:00,IoTpond1,6,24.0625,100.0,5.3415,7.38049
2021-07-27 00:00:00,IoTPond7,4,24.5625,33.0,3.279,6.95378
2021-07-27 00:00:00,IoTPond2,0,24.0625,100.0,5.3415,7.38049
2021-07-27 00:00:00,IoTPond6,3,23.4375,99.0,5.159,6.66325
2021-07-27 00:00:00,IoTPond4,2,24.3125,100.0,8.5745,7.54391
2021-07-27 00:00:00,IoTPond3,1,23.3125,89.0,4.356,7.04003
2021-07-27 01:00:00,IoTPond6,3,23.25,99.0,7.811,6.65418
2021-07-27 01:00:00,IoTPond3,1,23.25,89.0,4.883,7.04911
2021-07-27 01:00:00,IoTpond1,6,24.0,100.0,5.933,7.38049
2021-07-27 01:00:00,IoTPond2,0,24.0,100.0,5.933,7.38049
2021-07-27 01:00:00,IoTPond7,4,24.5,32.0,3.803,6.95378
2021-07-27 01:00:00,IoTPond4,2,24.25,100.0,6.871,7.55753
2021-07-27 02:00:00,IoTPond4,2,24.125,100.0,1.234,7.56207
2021-07-27 02:00:00,IoTpond1,6,23.875,100.0,5.271,7.38049
2021-07-27 02:00:00,IoTPond2,0,23.875,100.0,5.271,7.38049
2021-07-27 02:00:00,IoTPond7,4,24.375,32.0,3.638,6.95378
2021-07-27 02:00:00,IoTPond3,1,23.1875,86.0,5.08,7.04457
2021-07-27 03:00:00,IoTPond2,0,23.8125,100.0,6.4,7.38503
2021-07-27 03:00:00,IoTPond4,2,24.0625,100.0,10.286,7.56661
2021-07-27 03:00:00,IoTPond3,1,23.125,86.0,5.08,7.04003
2021-07-27 03:00:00,IoTpond1,6,23.8125,100.0,6.4,7.38503
2021-07-27 03:00:00,IoTPond7,4,24.25,32.0,3.8155,6.95378
2021-07-27 04:00:00,IoTPond7,4,24.125,32.0,3.693,6.95832
2021-07-27 04:00:00,IoTPond6,3,23.0625,98.0,0.91,6.65418
2021-07-27 04:00:00,IoTPond2,0,23.75,100.0,5.404999999999999,7.38049
2021-07-27 04:00:00,IoTPond3,1,23.0625,89.0,5.008,7.05819
2021-07-27 04:00:00,IoTpond1,6,23.75,100.0,5.404999999999999,7.38049
2021-07-27 04:00:00,IoTPond4,2,23.9375,100.0,7.338,7.58477
2021-07-27 05:00:00,IoTpond1,6,23.625,100.0,5.173,7.38276
2021-07-27 05:00:00,IoTPond7,4,24.0625,32.0,3.735,6.95832
2021-07-27 05:00:00,IoTPond4,2,23.875,100.0,7.3065,7.56661
2021-07-27 05:00:00,IoTPond6,3,23.0,99.5,8.645499999999998,6.6723300000000005
2021-07-27 05:00:00,IoTPond2,0,23.625,100.0,5.173,7.38276
2021-07-27 05:00:00,IoTPond3,1,22.9375,85.0,5.4,7.06727
2021-07-27 06:00:00,IoTPond6,3,22.875,99.0,7.691,6.66325
2021-07-27 06:00:00,IoTPond3,1,22.875,81.0,6.446,7.08542
2021-07-27 06:00:00,IoTPond2,0,23.5625,100.0,4.909,7.38503
2021-07-27 06:00:00,IoTPond4,2,23.75,100.0,7.3465,7.56661
2021-07-27 06:00:00,IoTPond7,4,23.9375,33.0,4.017,6.95832
2021-07-27 06:00:00,IoTpond1,6,23.5625,100.0,4.909,7.38503
2021-07-27 07:00:00,IoTPond6,3,22.875,99.0,11.155000000000001,6.66325
2021-07-27 07:00:00,IoTPond2,0,23.5,100.0,5.914,7.38049
2021-07-27 07:00:00,IoTPond3,1,22.8125,86.0,5.08,7.19891
2021-07-27 07:00:00,IoTPond7,4,23.875,33.0,3.811,6.96286
2021-07-27 07:00:00,IoTPond4,2,23.6875,100.0,9.8015,7.57569
2021-07-27 07:00:00,IoTpond1,6,23.5,100.0,5.914,7.38049
2021-07-27 08:00:00,IoTPond3,1,22.75,89.0,4.86,7.22161
2021-07-27 08:00:00,IoTpond1,6,23.4375,100.0,6.445,7.38049
2021-07-27 08:00:00,IoTPond4,2,23.625,100.0,7.73,7.55753
2021-07-27 08:00:00,IoTPond7,4,23.875,33.0,4.151,6.96286
2021-07-27 08:00:00,IoTPond6,3,22.8125,90.0,9.39,6.64056
2021-07-27 08:00:00,IoTPond2,0,23.4375,100.0,6.445,7.38049
2021-07-27 09:00:00,IoTPond6,3,22.96875,95.5,5.3069999999999995,6.63829
2021-07-27 09:00:00,IoTPond2,0,23.4375,100.0,4.914,7.37822
2021-07-27 09:00:00,IoTPond3,1,22.75,88.0,3.7465,7.18075
2021-07-27 09:00:00,IoTPond7,4,24.0,33.0,4.713,6.95832
2021-07-27 09:00:00,IoTpond1,6,23.4375,100.0,4.914,7.37822
2021-07-27 09:00:00,IoTPond4,2,23.625,100.0,5.954,7.53483
2021-07-27 10:00:00,IoTPond4,2,23.75,100.0,1.562,7.53029
2021-07-27 10:00:00,IoTPond3,1,22.8125,87.0,3.189,7.28516
2021-07-27 10:00:00,IoTPond7,4,24.25,33.0,4.783,6.95378
2021-07-27 10:00:00,IoTPond2,0,23.5,100.0,2.356,7.36233
2021-07-27 10:00:00,IoTpond1,6,23.5,100.0,2.356,7.36233
2021-07-27 11:00:00,IoTPond2,0,23.9375,100.0,3.6,7.35325
2021-07-27 11:00:00,IoTPond3,1,23.125,89.0,2.722,7.3124
2021-07-27 11:00:00,IoTPond4,2,24.1875,99.0,3.254,7.52121
2021-07-27 11:00:00,IoTPond7,4,24.6875,33.0,8.98,6.95378
2021-07-27 11:00:00,IoTpond1,6,23.9375,100.0,3.6,7.35325
2021-07-27 12:00:00,IoTpond1,6,24.1875,100.0,1.124,7.34417
2021-07-27 12:00:00,IoTPond3,1,23.375,88.0,4.32,7.29424
2021-07-27 12:00:00,IoTPond4,2,24.5,100.0,1.9940000000000002,7.518940000000001
2021-07-27 12:00:00,IoTPond2,0,24.1875,100.0,1.124,7.34417
2021-07-27 12:00:00,IoTPond7,4,25.25,33.0,13.288,6.95378
2021-07-27 13:00:00,IoTPond4,2,24.75,100.0,2.442,7.51667
2021-07-27 13:00:00,IoTpond1,6,24.4375,100.0,4.936,7.35779
2021-07-27 13:00:00,IoTPond7,4,25.40625,33.0,7.264,6.95378
2021-07-27 13:00:00,IoTPond3,1,23.5,90.0,4.16,7.25792
2021-07-27 13:00:00,IoTPond2,0,24.4375,100.0,4.936,7.35779
2021-07-27 14:00:00,IoTPond3,1,23.5625,90.0,4.392,7.24431
2021-07-27 14:00:00,IoTPond2,0,24.5,100.0,6.191000000000001,7.35779
2021-07-27 14:00:00,IoTPond4,2,24.9375,100.0,4.4495000000000005,7.51213
2021-07-27 14:00:00,IoTPond7,4,25.5,33.0,7.977,6.94924
2021-07-27 14:00:00,IoTpond1,6,24.5,100.0,6.191000000000001,7.35779
2021-07-27 15:00:00,IoTPond4,2,25.0,100.0,5.282,7.51213
2021-07-27 15:00:00,IoTPond2,0,24.625,100.0,6.753,7.35779
2021-07-27 15:00:00,IoTPond3,1,23.625,89.0,5.066,7.38503
2021-07-27 15:00:00,IoTPond7,4,25.5,33.0,7.336,6.95378
2021-07-27 15:00:00,IoTpond1,6,24.625,100.0,6.753,7.35779
2021-07-27 16:00:00,IoTPond3,1,23.75,91.0,5.08,7.38957
2021-07-27 16:00:00,IoTPond4,2,25.0625,100.0,4.941,7.51213
2021-07-27 16:00:00,IoTPond7,4,25.6875,33.0,10.187999999999999,6.95378
2021-07-27 16:00:00,IoTpond1,6,24.6875,100.0,3.693,7.34871
2021-07-27 16:00:00,IoTPond2,0,24.6875,100.0,3.693,7.34871
2021-07-27 17:00:00,IoTPond4,2,25.125,100.0,6.848,7.50759
2021-07-27 17:00:00,IoTPond2,0,24.75,100.0,7.526,7.35779
2021-07-27 17:00:00,IoTPond3,1,23.8125,91.0,3.963,7.39411
2021-07-27 17:00:00,IoTPond7,4,25.625,33.0,5.7385,6.95378
2021-07-27 17:00:00,IoTpond1,6,24.75,100.0,7.526,7.35779
2021-07-27 18:00:00,IoTPond7,4,25.5,33.0,3.46,6.95378
2021-07-27 18:00:00,IoTPond4,2,25.0625,100.0,7.404,7.51213
2021-07-27 18:00:00,IoTpond1,6,24.75,100.0,6.246,7.35779
2021-07-27 18:00:00,IoTPond2,0,24.75,100.0,6.246,7.35779
2021-07-27 18:00:00,IoTPond3,1,23.8125,90.0,5.066,7.396380000000001
2021-07-27 19:00:00,IoTPond4,2,25.0,100.0,7.759,7.51667
2021-07-27 19:00:00,IoTPond6,3,24.0625,98.0,9.246,6.66779
2021-07-27 19:00:00,IoTPond7,4,25.375,33.0,3.32,6.95378
2021-07-27 19:00:00,IoTPond3,1,23.75,90.0,3.365,7.39865
2021-07-27 19:00:00,IoTPond2,0,24.6875,100.0,5.8865,7.36233
2021-07-27 19:00:00,IoTpond1,6,24.6875,100.0,5.8865,7.36233
2021-07-27 20:00:00,IoTPond2,0,24.625,100.0,6.761,7.35779
2021-07-27 20:00:00,IoTPond3,1,23.75,90.0,4.548,7.41227
2021-07-27 20:00:00,IoTPond6,3,23.96875,99.0,4.7855,6.7177299999999995
2021-07-27 20:00:00,IoTpond1,6,24.625,100.0,6.761,7.35779
2021-07-27 20:00:00,IoTPond4,2,24.9375,100.0,7.906499999999999,7.52575
2021-07-27 20:00:00,IoTPond7,4,25.25,33.0,3.412,6.95378
2021-07-27 21:00:00,IoTPond7,4,25.1875,33.0,3.38,6.95832
2021-07-27 21:00:00,IoTPond4,2,24.875,100.0,6.9555,7.53029
2021-07-27 21:00:00,IoTPond2,0,24.53125,100.0,5.4935,7.35779
2021-07-27 21:00:00,IoTPond3,1,23.75,91.0,3.709,7.41227
2021-07-27 21:00:00,IoTpond1,6,24.53125,100.0,5.4935,7.35779
2021-07-27 22:00:00,IoTPond2,0,24.5,100.0,5.637,7.35779
2021-07-27 22:00:00,IoTPond7,4,25.125,32.0,3.464,6.95832
2021-07-27 22:00:00,IoTPond3,1,23.6875,88.0,5.08,7.41227
2021-07-27 22:00:00,IoTPond6,3,23.9375,99.5,6.954,6.68141
2021-07-27 22:00:00,IoTpond1,6,24.5,100.0,5.637,7.35779
2021-07-27 22:00:00,IoTPond4,2,24.8125,100.0,7.906499999999999,7.53483
2021-07-27 23:00:00,IoTPond3,1,23.6875,91.0,3.253,7.05819
2021-07-27 23:00:00,IoTPond6,3,23.8125,99.0,6.3335,6.670059999999999
2021-07-27 23:00:00,IoTpond1,6,24.4375,100.0,8.8535,7.35779
2021-07-27 23:00:00,IoTPond2,0,24.4375,100.0,8.8535,7.35779
2021-07-27 23:00:00,IoTPond4,2,24.75,100.0,6.195,7.53483
2021-07-27 23:00:00,IoTPond7,4,25.0,32.0,3.364,6.96286
2021-07-28 00:00:00,IoTPond3,1,23.625,91.0,4.365,7.07635
2021-07-28 00:00:00,IoTPond2,0,24.375,100.0,7.116,7.35779
2021-07-28 00:00:00,IoTPond7,4,24.9375,33.0,3.49,6.96286
2021-07-28 00:00:00,IoTpond1,6,24.375,100.0,7.116,7.35779
2021-07-28 00:00:00,IoTPond4,2,24.6875,100.0,7.1375,7.53483
2021-07-28 01:00:00,IoTPond3,1,23.5625,90.0,3.294,7.07635
2021-07-28 01:00:00,IoTPond7,4,24.875,33.0,3.718,6.96286
2021-07-28 01:00:00,IoTPond6,3,23.6875,94.0,4.668,6.67687
2021-07-28 01:00:00,IoTpond1,6,24.3125,100.0,7.581,7.35779
2021-07-28 01:00:00,IoTPond4,2,24.625,100.0,7.209,7.54391
2021-07-28 01:00:00,IoTPond2,0,24.3125,100.0,7.581,7.35779
2021-07-28 02:00:00,IoTPond6,3,23.59375,95.5,4.432,6.68141
2021-07-28 02:00:00,IoTPond2,0,24.1875,100.0,7.539,7.35779
2021-07-28 02:00:00,IoTPond3,1,23.5,88.0,3.49,7.09904
2021-07-28 02:00:00,IoTpond1,6,24.1875,100.0,7.539,7.35779
2021-07-28 02:00:00,IoTPond4,2,24.5625,100.0,7.4885,7.54845
2021-07-28 02:00:00,IoTPond7,4,24.6875,33.0,3.465,6.96286
2021-07-28 03:00:00,IoTPond3,1,23.4375,90.0,2.687,7.12174
2021-07-28 03:00:00,IoTpond1,6,24.0625,100.0,8.587,7.36006
2021-07-28 03:00:00,IoTPond4,2,24.4375,100.0,7.3065,7.54845
2021-07-28 03:00:00,IoTPond7,4,24.5625,33.0,3.4355,6.97648
2021-07-28 03:00:00,IoTPond2,0,24.0625,100.0,8.587,7.36006
2021-07-28 04:00:00,IoTPond2,0,23.9375,100.0,6.588,7.36233
2021-07-28 04:00:00,IoTPond3,1,23.3125,91.0,4.6905,7.10812
2021-07-28 04:00:00,IoTpond1,6,23.9375,100.0,6.588,7.36233
2021-07-28 04:00:00,IoTPond7,4,24.4375,33.0,3.769,6.97648
2021-07-28 04:00:00,IoTPond4,2,24.375,100.0,6.601,7.55299
2021-07-28 05:00:00,IoTpond1,6,23.875,100.0,5.061,7.35779
2021-07-28 05:00:00,IoTPond4,2,24.25,100.0,6.6385000000000005,7.56207
2021-07-28 05:00:00,IoTPond3,1,23.25,89.0,4.597,7.08996
2021-07-28 05:00:00,IoTPond2,0,23.875,100.0,5.061,7.35779
2021-07-28 05:00:00,IoTPond7,4,24.375,33.0,3.896,6.98102
2021-07-28 06:00:00,IoTPond7,4,24.3125,33.0,3.82,6.9901
2021-07-28 06:00:00,IoTPond4,2,24.1875,100.0,6.939,7.57569
2021-07-28 06:00:00,IoTPond3,1,23.1875,88.0,5.08,7.02641
2021-07-28 06:00:00,IoTPond2,0,23.75,100.0,5.6370000000000005,7.36006
2021-07-28 06:00:00,IoTpond1,6,23.75,100.0,5.6370000000000005,7.36006
2021-07-28 07:00:00,IoTPond7,4,24.1875,33.0,3.795,6.98556
2021-07-28 07:00:00,IoTPond4,2,24.0625,100.0,6.639,7.56661
2021-07-28 07:00:00,IoTPond2,0,23.6875,100.0,7.547499999999999,7.35779
2021-07-28 07:00:00,IoTPond3,1,23.125,86.0,4.704,7.04003
2021-07-28 07:00:00,IoTpond1,6,23.6875,100.0,7.547499999999999,7.35779
2021-07-28 08:00:00,IoTPond2,0,23.6875,100.0,8.052,7.35325
2021-07-28 08:00:00,IoTPond7,4,24.25,33.0,3.981,6.98556
2021-07-28 08:00:00,IoTPond4,2,24.0625,100.0,6.88,7.53937
2021-07-28 08:00:00,IoTpond1,6,23.6875,100.0,8.052,7.35325
2021-07-28 08:00:00,IoTPond3,1,23.0625,89.0,2.941,7.07635
2021-07-28 09:00:00,IoTPond7,4,24.375,33.0,4.192,6.97648
2021-07-28 09:00:00,IoTPond2,0,23.6875,100.0,7.088,7.34417
2021-07-28 09:00:00,IoTpond1,6,23.6875,100.0,7.088,7.34417
2021-07-28 09:00:00,IoTPond4,2,24.0625,100.0,8.553,7.52575
2021-07-28 09:00:00,IoTPond3,1,23.0625,90.0,5.08,7.09904
2021-07-28 10:00:00,IoTPond2,0,23.875,100.0,4.222,7.33963
2021-07-28 10:00:00,IoTPond7,4,24.5,33.0,4.7875,6.97648
2021-07-28 10:00:00,IoTpond1,6,23.875,100.0,4.222,7.33963
2021-07-28 10:00:00,IoTPond4,2,24.125,100.0,6.947,7.51213
2021-07-28 10:00:00,IoTPond3,1,23.1875,90.0,2.687,7.13082
2021-07-28 11:00:00,IoTPond4,2,24.3125,100.0,3.3594999999999997,7.50759
2021-07-28 11:00:00,IoTPond2,0,24.125,100.0,4.268,7.33056
2021-07-28 11:00:00,IoTPond7,4,24.6875,34.0,4.581,6.9674
2021-07-28 11:00:00,IoTPond3,1,23.3125,91.0,4.963,7.21707
2021-07-28 11:00:00,IoTpond1,6,24.125,100.0,4.268,7.33056
2021-07-28 12:00:00,IoTPond2,0,24.375,100.0,6.263,7.32602
2021-07-28 12:00:00,IoTPond7,4,25.3125,34.0,11.305,6.96286
2021-07-28 12:00:00,IoTpond1,6,24.375,100.0,6.263,7.32602
2021-07-28 12:00:00,IoTPond3,1,23.5,90.0,5.08,7.22161
2021-07-28 12:00:00,IoTPond4,2,24.6875,100.0,3.5324999999999998,7.50306
2021-07-28 13:00:00,IoTPond4,2,24.9375,100.0,6.229,7.50306
2021-07-28 13:00:00,IoTPond3,1,23.625,91.0,5.08,7.20345
2021-07-28 13:00:00,IoTPond2,0,25.3125,100.0,10.228,7.33056
2021-07-28 13:00:00,IoTPond7,4,25.5,34.0,13.115,6.95832
2021-07-28 13:00:00,IoTpond1,6,25.3125,100.0,10.228,7.33056
2021-07-28 14:00:00,IoTPond3,1,23.75,91.0,5.08,7.24431
2021-07-28 14:00:00,IoTPond2,0,25.5,100.0,4.853,7.32602
2021-07-28 14:00:00,IoTpond1,6,25.5,100.0,4.853,7.32602
2021-07-28 14:00:00,IoTPond7,4,25.8125,34.0,12.671,6.96286
2021-07-28 14:00:00,IoTPond4,2,25.125,100.0,4.982,7.49398
2021-07-28 15:00:00,IoTpond1,6,26.28125,100.0,1.538,7.32602
2021-07-28 15:00:00,IoTPond4,2,25.1875,100.0,3.908,7.49398
2021-07-28 15:00:00,IoTPond3,1,23.8125,90.0,5.08,7.25338
2021-07-28 15:00:00,IoTPond7,4,26.0,34.0,8.022,6.96286
2021-07-28 15:00:00,IoTPond2,0,26.28125,100.0,1.538,7.32602
2021-07-28 16:00:00,IoTPond4,2,25.25,100.0,3.604,7.49398
2021-07-28 16:00:00,IoTpond1,6,25.125,100.0,1.754,7.32148
2021-07-28 16:00:00,IoTPond3,1,23.9375,91.0,5.08,7.27154
2021-07-28 16:00:00,IoTPond2,0,25.125,100.0,1.754,7.32148
2021-07-28 16:00:00,IoTPond7,4,25.9375,34.0,4.385,6.96286
2021-07-28 17:00:00,IoTpond1,6,25.125,100.0,5.951,7.32148
2021-07-28 17:00:00,IoTPond3,1,24.0,93.0,5.08,7.27154
2021-07-28 17:00:00,IoTPond2,0,25.125,100.0,5.951,7.32148
2021-07-28 17:00:00,IoTPond4,2,25.3125,100.0,4.092,7.48944
2021-07-28 17:00:00,IoTPond7,4,26.0,34.0,4.051,6.95378
2021-07-28 18:00:00,IoTPond3,1,24.0,100.0,5.08,7.30786
2021-07-28 18:00:00,IoTPond2,0,25.125,100.0,3.912,7.32602
2021-07-28 18:00:00,IoTpond1,6,25.125,100.0,3.912,7.32602
2021-07-28 18:00:00,IoTPond7,4,25.78125,34.0,3.748,6.96286
2021-07-28 19:00:00,IoTPond2,0,25.0625,100.0,3.0669999999999997,7.33056
2021-07-28 19:00:00,IoTPond7,4,25.5625,35.0,4.165,6.96286
2021-07-28 19:00:00,IoTPond3,1,24.0,100.0,5.08,7.34417
2021-07-28 19:00:00,IoTpond1,6,25.0625,100.0,3.0669999999999997,7.33056
2021-07-28 20:00:00,IoTPond7,4,25.4375,35.0,4.381,6.9674
2021-07-28 20:00:00,IoTPond3,1,23.9375,100.0,5.08,7.35552
2021-07-28 20:00:00,IoTPond2,0,24.875,100.0,3.38,7.33056
2021-07-28 20:00:00,IoTpond1,6,24.875,100.0,3.38,7.33056
2021-07-28 21:00:00,IoTPond2,0,24.75,100.0,3.972,7.33056
2021-07-28 21:00:00,IoTPond7,4,25.3125,35.0,4.569000000000001,6.97648
2021-07-28 21:00:00,IoTPond3,1,23.875,94.0,5.08,7.34871
2021-07-28 21:00:00,IoTpond1,6,24.75,100.0,3.972,7.33056
2021-07-28 22:00:00,IoTpond1,6,24.625,100.0,2.637,7.33056
2021-07-28 22:00:00,IoTPond2,0,24.625,100.0,2.637,7.33056
2021-07-28 22:00:00,IoTPond7,4,25.1875,34.0,4.253,6.98102
2021-07-28 22:00:00,IoTPond3,1,23.8125,94.0,5.08,7.35325
2021-07-28 23:00:00,IoTpond1,6,24.5,100.0,3.414,7.32602
2021-07-28 23:00:00,IoTPond7,4,25.0,34.0,4.381,6.98556
2021-07-28 23:00:00,IoTPond2,0,24.5,100.0,3.414,7.32602
2021-07-28 23:00:00,IoTPond3,1,23.75,95.0,5.08,7.35779
2021-07-29 00:00:00,IoTPond2,0,24.375,100.0,3.71,7.33056
2021-07-29 00:00:00,IoTpond1,6,24.375,100.0,3.71,7.33056
2021-07-29 00:00:00,IoTPond3,1,23.6875,96.0,5.08,7.34417
2021-07-29 00:00:00,IoTPond7,4,24.875,35.0,4.471,6.98556
2021-07-29 01:00:00,IoTPond2,0,24.3125,100.0,3.617,7.33056
2021-07-29 01:00:00,IoTPond7,4,24.75,34.0,4.4965,6.99464
2021-07-29 01:00:00,IoTPond3,1,23.625,96.0,5.08,7.34417
2021-07-29 01:00:00,IoTpond1,6,24.3125,100.0,3.617,7.33056
2021-07-29 02:00:00,IoTPond2,0,24.125,100.0,4.297000000000001,7.33056
2021-07-29 02:00:00,IoTPond3,1,23.5625,97.0,5.08,7.34417
2021-07-29 02:00:00,IoTPond7,4,24.6875,34.0,4.445,6.99464
2021-07-29 02:00:00,IoTpond1,6,24.125,100.0,4.297000000000001,7.33056
2021-07-29 03:00:00,IoTPond2,0,24.0625,100.0,2.662,7.33056
2021-07-29 03:00:00,IoTpond1,6,24.0625,100.0,2.662,7.33056
2021-07-29 03:00:00,IoTPond3,1,23.5,100.0,5.08,7.35779
2021-07-29 03:00:00,IoTPond7,4,24.6875,34.0,4.496,6.99917
2021-07-29 04:00:00,IoTpond1,6,24.0,100.0,3.862,7.33056
2021-07-29 04:00:00,IoTPond7,4,24.625,35.0,4.302,6.99917
2021-07-29 04:00:00,IoTPond2,0,24.0,100.0,3.862,7.33056
2021-07-29 04:00:00,IoTPond3,1,23.4375,100.0,5.08,7.35325
2021-07-29 05:00:00,IoTPond7,4,24.53125,35.0,4.1455,7.00371
2021-07-29 05:00:00,IoTPond3,1,23.375,100.0,5.08,7.34417
2021-07-29 05:00:00,IoTPond2,0,23.9375,100.0,3.271,7.33056
2021-07-29 05:00:00,IoTpond1,6,23.9375,100.0,3.271,7.33056
2021-07-29 06:00:00,IoTPond7,4,24.4375,35.0,4.513,7.00371
2021-07-29 06:00:00,IoTPond3,1,23.3125,100.0,5.08,7.34871
2021-07-29 06:00:00,IoTpond1,6,23.8125,100.0,2.99,7.32602
2021-07-29 06:00:00,IoTPond2,0,23.8125,100.0,2.99,7.32602
2021-07-29 07:00:00,IoTPond7,4,24.375,35.0,4.437,6.99917
2021-07-29 07:00:00,IoTPond3,1,23.3125,100.0,5.08,7.35779
2021-07-29 07:00:00,IoTpond1,6,23.75,100.0,2.347,7.33056
2021-07-29 07:00:00,IoTPond2,0,23.75,100.0,2.347,7.33056
2021-07-29 08:00:00,IoTpond1,6,23.6875,100.0,3.517,7.33509
2021-07-29 08:00:00,IoTPond3,1,23.25,100.0,5.08,7.35779
2021-07-29 08:00:00,IoTPond7,4,24.375,35.0,4.547000000000001,6.99917
2021-07-29 08:00:00,IoTPond2,0,23.6875,100.0,3.517,7.33509
2021-07-29 09:00:00,IoTpond1,6,23.75,100.0,2.8385,7.32602
2021-07-29 09:00:00,IoTPond2,0,23.75,100.0,2.8385,7.32602
2021-07-29 09:00:00,IoTPond3,1,23.25,100.0,5.08,7.36233
2021-07-29 09:00:00,IoTPond7,4,24.5,35.0,5.109,6.99917
2021-07-29 10:00:00,IoTPond7,4,24.625,34.0,5.231,6.99917
2021-07-29 10:00:00,IoTpond1,6,23.875,100.0,2.142,7.32148
2021-07-29 10:00:00,IoTPond2,0,23.875,100.0,2.142,7.32148
2021-07-29 10:00:00,IoTPond3,1,23.3125,100.0,5.08,7.38049
2021-07-29 11:00:00,IoTPond2,0,24.1875,50.5,10.5605,7.267
2021-07-29 11:00:00,IoTPond3,1,23.5,100.0,5.08,7.36687
2021-07-29 11:00:00,IoTPond7,4,25.0625,33.0,5.713,6.99917
2021-07-29 11:00:00,IoTpond1,6,24.1875,50.5,10.5605,7.267
2021-07-29 12:00:00,IoTPond7,4,25.4375,34.0,4.549,6.99917
2021-07-29 12:00:00,IoTPond3,1,23.6875,100.0,5.08,7.36233
2021-07-29 12:00:00,IoTpond1,6,24.4375,23.0,7.108,7.27608
2021-07-29 12:00:00,IoTPond2,0,24.4375,23.0,7.108,7.27608
2021-07-29 13:00:00,IoTPond7,4,26.0,34.0,7.3405000000000005,6.98102
2021-07-29 13:00:00,IoTpond1,6,24.6875,19.0,6.3134999999999994,7.28516
2021-07-29 13:00:00,IoTPond2,0,24.6875,19.0,6.3134999999999994,7.28516
2021-07-29 13:00:00,IoTPond3,1,23.875,100.0,5.08,7.33056
2021-07-29 14:00:00,IoTpond1,6,24.8125,17.0,4.006,7.28516
2021-07-29 14:00:00,IoTPond2,0,24.8125,17.0,4.006,7.28516
2021-07-29 14:00:00,IoTPond3,1,24.0,100.0,5.08,7.35779
2021-07-29 14:00:00,IoTPond7,4,26.125,34.0,9.511,6.98102
2021-07-29 15:00:00,IoTpond1,6,24.9375,34.0,2.476,7.2897
2021-07-29 15:00:00,IoTPond7,4,26.3125,34.0,8.555,6.97194
2021-07-29 15:00:00,IoTPond3,1,24.0625,100.0,5.08,7.3419
2021-07-29 15:00:00,IoTPond2,0,24.9375,34.0,2.476,7.2897
2021-07-29 16:00:00,IoTPond3,1,24.25,100.0,5.08,7.41227
2021-07-29 16:00:00,IoTPond7,4,26.4375,34.0,6.67,6.9674
2021-07-29 16:00:00,IoTPond2,0,25.125,14.0,3.011,7.2897
2021-07-29 16:00:00,IoTpond1,6,25.125,14.0,3.011,7.2897
2021-07-29 17:00:00,IoTPond3,1,24.3125,100.0,5.08,7.41681
2021-07-29 17:00:00,IoTPond2,0,25.25,12.0,2.755,7.29424
2021-07-29 17:00:00,IoTPond7,4,26.375,34.0,4.0355,6.98102
2021-07-29 17:00:00,IoTpond1,6,25.25,12.0,2.755,7.29424
2021-07-29 18:00:00,IoTpond1,6,25.25,10.0,2.895,7.30332
2021-07-29 18:00:00,IoTPond2,0,25.25,10.0,2.895,7.30332
2021-07-29 18:00:00,IoTPond7,4,26.3125,34.0,3.754,6.98102
2021-07-29 18:00:00,IoTPond3,1,24.375,100.0,5.08,7.38957
2021-07-29 19:00:00,IoTPond7,4,26.125,34.0,3.761,6.98556
2021-07-29 19:00:00,IoTPond3,1,24.375,100.0,5.08,7.36687
2021-07-29 19:00:00,IoTPond2,0,25.25,10.0,2.523,7.3124
2021-07-29 19:00:00,IoTpond1,6,25.25,10.0,2.523,7.3124
2021-07-29 20:00:00,IoTPond2,0,25.125,10.0,3.436,7.30786
2021-07-29 20:00:00,IoTpond1,6,25.125,10.0,3.436,7.30786
2021-07-29 20:00:00,IoTPond3,1,24.3125,100.0,5.08,7.35779
2021-07-29 20:00:00,IoTPond7,4,26.0625,34.0,3.876,6.99464
2021-07-29 21:00:00,IoTPond2,0,25.125,9.0,2.947,7.3124
2021-07-29 21:00:00,IoTPond3,1,24.3125,100.0,5.08,7.36687
2021-07-29 21:00:00,IoTPond7,4,25.9375,34.0,4.205,6.99464
2021-07-29 21:00:00,IoTpond1,6,25.125,9.0,2.947,7.3124
2021-07-29 22:00:00,IoTPond2,0,25.0625,9.0,1.862,7.3124
2021-07-29 22:00:00,IoTPond3,1,24.25,100.0,5.08,7.37595
2021-07-29 22:00:00,IoTPond7,4,25.8125,34.0,4.349,6.9901
2021-07-29 22:00:00,IoTpond1,6,25.0625,9.0,1.862,7.3124
2021-07-29 23:00:00,IoTPond2,0,25.0,9.0,2.159,7.31694
2021-07-29 23:00:00,IoTPond7,4,25.6875,34.0,4.413,6.99464
2021-07-29 23:00:00,IoTpond1,6,25.0,9.0,2.159,7.31694
2021-07-29 23:00:00,IoTPond3,1,24.1875,100.0,5.08,7.3873
2021-07-30 00:00:00,IoTpond1,6,24.9375,9.0,9.338999999999999,7.31694
2021-07-30 00:00:00,IoTPond3,1,24.125,100.0,5.08,7.38957
2021-07-30 00:00:00,IoTPond2,0,24.9375,9.0,9.338999999999999,7.31694
2021-07-30 00:00:00,IoTPond7,4,25.5,34.0,4.481,6.99464
2021-07-30 01:00:00,IoTPond7,4,25.4375,34.0,4.213,6.99464
2021-07-30 01:00:00,IoTPond3,1,24.0625,100.0,5.08,7.38957
2021-07-30 02:00:00,IoTPond7,4,25.25,34.0,4.189,6.99917
2021-07-30 02:00:00,IoTPond3,1,23.9375,100.0,5.08,7.39411
2021-07-30 03:00:00,IoTPond7,4,25.125,34.0,4.445,7.00371
2021-07-30 03:00:00,IoTPond3,1,23.875,100.0,5.08,7.39865
2021-07-30 04:00:00,IoTPond7,4,25.0,34.0,4.1875,7.00371
2021-07-30 04:00:00,IoTPond3,1,23.8125,100.0,5.08,7.40319
2021-07-30 05:00:00,IoTPond7,4,24.9375,34.0,4.251,7.01279
2021-07-30 05:00:00,IoTPond3,1,23.6875,100.0,5.08,7.40319
2021-07-30 06:00:00,IoTPond3,1,23.625,100.0,5.08,7.41227
2021-07-30 06:00:00,IoTPond7,4,24.8125,34.0,4.344,7.01279
2021-07-30 07:00:00,IoTPond7,4,24.75,34.0,4.31,7.01733
2021-07-30 07:00:00,IoTPond3,1,23.5625,100.0,5.08,7.41227
2021-07-30 08:00:00,IoTPond3,1,23.5,100.0,5.08,7.39865
2021-07-30 08:00:00,IoTPond7,4,24.6875,34.0,4.344,7.01733
2021-07-30 09:00:00,IoTPond4,2,24.5,100.0,7.336,7.51667
2021-07-30 09:00:00,IoTPond3,1,23.5,100.0,5.08,7.40546
2021-07-30 09:00:00,IoTPond7,4,24.8125,34.0,4.403,7.02187
2021-07-30 10:00:00,IoTPond7,4,24.875,34.0,4.779,7.01733
2021-07-30 10:00:00,IoTPond6,3,23.71875,98.5,2.4185,6.7449650000000005
2021-07-30 10:00:00,IoTPond4,2,24.5,100.0,7.3485,7.50306
2021-07-30 10:00:00,IoTPond3,1,23.4375,100.0,5.08,7.40773
2021-07-30 11:00:00,IoTPond7,4,25.0,34.0,4.837,7.01279
2021-07-30 11:00:00,IoTPond4,2,24.5625,100.0,7.987,7.4849
2021-07-30 11:00:00,IoTPond3,1,23.5,100.0,5.08,7.419074999999999
2021-07-30 12:00:00,IoTPond7,4,25.125,34.0,4.797,7.00371
2021-07-30 12:00:00,IoTPond4,2,24.625,100.0,7.226,7.48036
2021-07-30 12:00:00,IoTPond3,1,23.5625,100.0,5.08,7.44404
2021-07-30 13:00:00,IoTPond7,4,25.3125,34.0,4.533,6.99917
2021-07-30 13:00:00,IoTPond3,1,23.625,100.0,5.08,7.39411
2021-07-30 13:00:00,IoTPond6,3,24.0,94.0,3.135,6.70411
2021-07-30 13:00:00,IoTPond4,2,24.75,100.0,6.432,7.47582
2021-07-30 14:00:00,IoTPond7,4,25.5625,34.0,4.349,6.99917
2021-07-30 14:00:00,IoTPond4,2,24.875,100.0,6.0645,7.47128
2021-07-30 14:00:00,IoTPond3,1,23.75,100.0,5.08,7.41227
2021-07-30 14:00:00,IoTPond6,3,24.09375,95.5,2.9154999999999998,6.72227
2021-07-30 15:00:00,IoTPond7,4,25.625,34.0,4.293,6.99464
2021-07-30 15:00:00,IoTPond4,2,25.0,100.0,6.64,7.47128
2021-07-30 15:00:00,IoTPond6,3,24.125,94.5,8.3925,6.73135
2021-07-30 15:00:00,IoTPond3,1,23.8125,100.0,5.08,7.44858
2021-07-30 16:00:00,IoTPond6,3,24.125,97.0,12.309999999999999,6.72681
2021-07-30 16:00:00,IoTPond3,1,23.875,100.0,5.08,7.45312
2021-07-30 16:00:00,IoTPond4,2,25.0,100.0,6.559,7.47128
2021-07-30 16:00:00,IoTPond7,4,25.625,34.0,4.549,7.00371
2021-07-30 17:00:00,IoTPond3,1,23.9375,100.0,5.08,7.44858
2021-07-30 17:00:00,IoTPond4,2,25.0625,100.0,5.799,7.47582
2021-07-30 17:00:00,IoTPond7,4,25.625,34.0,4.365,7.02187
2021-07-30 17:00:00,IoTPond6,3,24.125,98.0,11.689,6.73589
2021-07-30 18:00:00,IoTPond4,2,25.0,100.0,5.863,7.4849
2021-07-30 18:00:00,IoTPond3,1,23.9375,100.0,5.08,7.4395
2021-07-30 18:00:00,IoTPond6,3,24.125,98.0,13.084,6.74496
2021-07-30 18:00:00,IoTPond7,4,25.5,34.0,4.397,7.01733
2021-07-30 19:00:00,IoTPond6,3,24.0625,99.0,12.7205,6.76766
2021-07-30 19:00:00,IoTPond3,1,23.9375,100.0,5.08,7.42588
2021-07-30 19:00:00,IoTPond4,2,24.9375,100.0,8.579,7.50759
2021-07-30 19:00:00,IoTPond7,4,25.4375,34.0,4.349,7.01279
2021-07-30 20:00:00,IoTPond6,3,24.0625,100.0,11.532499999999999,6.80852
2021-07-30 20:00:00,IoTPond4,2,24.9375,100.0,5.4384999999999994,7.52575
2021-07-30 20:00:00,IoTPond3,1,23.9375,100.0,5.08,7.4395
2021-07-30 20:00:00,IoTPond7,4,25.375,34.0,4.349,7.01279
2021-07-30 21:00:00,IoTPond7,4,25.3125,34.0,4.405,7.01733
2021-07-30 21:00:00,IoTPond4,2,24.9375,100.0,8.714,7.53937
2021-07-30 21:00:00,IoTPond6,3,24.0,100.0,10.768,6.80852
2021-07-30 21:00:00,IoTPond3,1,23.875,100.0,5.08,7.4395
2021-07-30 22:00:00,IoTPond3,1,23.875,100.0,5.08,7.4395
2021-07-30 22:00:00,IoTPond4,2,24.875,100.0,7.3825,7.55753
2021-07-30 22:00:00,IoTPond7,4,25.15625,34.0,4.445,7.0196000000000005
2021-07-30 22:00:00,IoTPond6,3,24.0,100.0,10.254999999999999,6.80852
2021-07-30 23:00:00,IoTPond3,1,23.8125,100.0,5.08,7.4281500000000005
2021-07-30 23:00:00,IoTPond6,3,23.9375,100.0,10.725,6.82214
2021-07-30 23:00:00,IoTPond7,4,25.125,34.0,4.173,7.02187
2021-07-30 23:00:00,IoTPond4,2,24.75,100.0,10.48,7.5893
2021-07-31 00:00:00,IoTPond4,2,24.6875,100.0,8.1175,7.63016
2021-07-31 00:00:00,IoTPond3,1,23.8125,100.0,5.08,7.40773
2021-07-31 00:00:00,IoTPond7,4,25.0625,34.0,4.265000000000001,7.02187
2021-07-31 00:00:00,IoTPond6,3,23.875,100.0,10.105,6.83121
2021-07-31 01:00:00,IoTPond7,4,24.9375,34.0,4.116,7.02641
2021-07-31 01:00:00,IoTPond4,2,24.625,100.0,8.612,7.632429999999999
2021-07-31 01:00:00,IoTPond3,1,23.75,100.0,5.08,7.38503
2021-07-31 01:00:00,IoTPond6,3,23.8125,100.0,9.3955,6.82214
2021-07-31 02:00:00,IoTPond6,3,23.75,100.0,9.239,6.81306
2021-07-31 02:00:00,IoTPond4,2,24.5625,100.0,8.781,7.62108
2021-07-31 02:00:00,IoTPond7,4,24.875,34.0,4.454,7.02641
2021-07-31 02:00:00,IoTPond3,1,23.6875,100.0,5.08,7.38503
2021-07-31 03:00:00,IoTPond4,2,24.5,100.0,8.7985,7.53937
2021-07-31 03:00:00,IoTPond3,1,23.625,100.0,5.08,7.38957
2021-07-31 03:00:00,IoTPond7,4,24.6875,34.0,4.1705000000000005,7.03095
2021-07-31 03:00:00,IoTPond6,3,23.6875,100.0,8.605,6.77674
2021-07-31 04:00:00,IoTPond4,2,24.4375,100.0,8.393,7.52575
2021-07-31 04:00:00,IoTPond6,3,23.5625,100.0,8.1095,6.77674
2021-07-31 04:00:00,IoTPond7,4,24.625,33.0,4.302,7.03095
2021-07-31 04:00:00,IoTPond3,1,23.5,100.0,5.08,7.38957
2021-07-31 05:00:00,IoTPond6,3,23.5,100.0,7.855,6.74043
2021-07-31 05:00:00,IoTPond4,2,24.3125,100.0,9.855,7.53483
2021-07-31 05:00:00,IoTPond7,4,24.5625,31.0,5.02,7.03549
2021-07-31 05:00:00,IoTPond3,1,23.4375,100.0,5.08,7.38957
2021-07-31 06:00:00,IoTPond6,3,23.4375,100.0,7.846,6.74043
2021-07-31 06:00:00,IoTPond4,2,24.25,100.0,8.942,7.53483
2021-07-31 06:00:00,IoTPond7,4,24.4375,32.0,4.682,7.03095
2021-07-31 06:00:00,IoTPond3,1,23.375,100.0,5.08,7.38957
2021-07-31 07:00:00,IoTPond3,1,23.3125,100.0,5.08,7.38957
2021-07-31 07:00:00,IoTPond7,4,24.4375,34.0,4.699,7.03549
2021-07-31 07:00:00,IoTPond6,3,23.4375,100.0,7.82,6.72227
2021-07-31 07:00:00,IoTPond4,2,24.1875,100.0,7.285,7.54391
2021-07-31 08:00:00,IoTPond3,1,23.3125,100.0,5.08,7.38957
2021-07-31 08:00:00,IoTPond6,3,23.4375,100.0,7.8245000000000005,6.69049
2021-07-31 08:00:00,IoTPond7,4,24.4375,34.0,4.792,7.03549
2021-07-31 08:00:00,IoTPond4,2,24.1875,100.0,8.088,7.53483
2021-07-31 09:00:00,IoTPond7,4,24.5625,32.0,4.581,7.03095
2021-07-31 09:00:00,IoTPond6,3,23.5,100.0,7.498,6.68595
2021-07-31 09:00:00,IoTPond4,2,24.1875,100.0,6.761,7.4849
2021-07-31 09:00:00,IoTPond3,1,23.3125,100.0,5.08,7.41227
2021-07-31 10:00:00,IoTPond6,3,23.6875,90.0,9.4535,6.66098
2021-07-31 10:00:00,IoTPond4,2,24.25,100.0,6.267,7.46674
2021-07-31 10:00:00,IoTPond7,4,24.6875,30.0,4.691,7.02641
2021-07-31 10:00:00,IoTPond3,1,23.3125,100.0,5.08,7.38957
2021-07-31 11:00:00,IoTPond3,1,23.5,100.0,5.08,7.39865
2021-07-31 11:00:00,IoTPond7,4,25.0625,28.0,5.663,7.02641
2021-07-31 11:00:00,IoTPond4,2,24.4375,100.0,6.491,7.45766
2021-07-31 11:00:00,IoTPond6,3,23.875,96.0,8.07,6.67233
2021-07-31 12:00:00,IoTPond3,1,23.625,100.0,5.08,7.38957
2021-07-31 12:00:00,IoTPond7,4,25.4375,32.0,4.253,7.18075
2021-07-31 12:00:00,IoTPond4,2,24.6875,100.0,6.178,7.45766
2021-07-31 12:00:00,IoTPond6,3,23.875,99.0,7.48,7.51213
2021-07-31 13:00:00,IoTPond4,2,24.75,100.0,2.214,7.4553899999999995
2021-07-31 13:00:00,IoTPond7,4,25.75,32.0,6.063,7.14898
2021-07-31 13:00:00,IoTPond2,0,24.4375,6.0,9.449,7.280620000000001
2021-07-31 13:00:00,IoTpond1,6,24.4375,6.0,9.449,7.280620000000001
2021-07-31 13:00:00,IoTPond3,1,23.75,100.0,5.08,7.37141
2021-07-31 14:00:00,IoTPond3,1,23.875,100.0,5.08,7.3124
2021-07-31 14:00:00,IoTPond7,4,25.8125,31.0,4.99,7.13082
2021-07-31 15:00:00,IoTPond4,2,25.0,100.0,3.3739999999999997,7.602925
2021-07-31 15:00:00,IoTPond3,1,23.9375,99.5,5.08,7.3124
2021-07-31 15:00:00,IoTPond7,4,25.875,28.0,5.324,7.12628
2021-07-31 16:00:00,IoTPond7,4,25.9375,28.0,4.565,7.12174
2021-07-31 16:00:00,IoTPond3,1,24.0625,100.0,3.287,7.28516
2021-07-31 16:00:00,IoTPond4,2,25.125,100.0,1.7934999999999999,7.3396349999999995
2021-07-31 17:00:00,IoTPond7,4,26.0625,27.0,5.117,7.12174
2021-07-31 17:00:00,IoTPond4,2,25.25,100.0,2.915,7.2897
2021-07-31 18:00:00,IoTPond7,4,26.0,27.0,9.440999999999999,7.12174
2021-07-31 18:00:00,IoTPond3,1,24.1875,100.0,13.709,7.38957
2021-07-31 18:00:00,IoTPond4,2,25.25,100.0,3.283,7.267
2021-07-31 19:00:00,IoTPond4,2,25.25,100.0,2.611,7.28516
2021-07-31 19:00:00,IoTPond7,4,25.875,26.0,11.253,7.13082
2021-07-31 19:00:00,IoTPond3,1,24.1875,100.0,12.2135,7.23069
2021-07-31 20:00:00,IoTPond4,2,25.25,100.0,2.803,7.28516
2021-07-31 20:00:00,IoTPond3,1,24.21875,100.0,10.544,7.194369999999999
2021-07-31 20:00:00,IoTPond7,4,25.8125,26.0,10.997,7.13082
2021-07-31 21:00:00,IoTPond4,2,25.1875,100.0,4.4205,7.30332
2021-07-31 21:00:00,IoTPond3,1,24.1875,100.0,11.841000000000001,7.169404999999999
2021-07-31 21:00:00,IoTPond7,4,25.75,28.0,12.102,7.13082
2021-07-31 22:00:00,IoTPond4,2,25.125,100.0,3.203,7.30332
2021-07-31 22:00:00,IoTPond7,4,25.6875,29.0,12.614999999999998,7.13082
2021-07-31 22:00:00,IoTPond3,1,24.1875,100.0,10.607,7.18529
2021-07-31 23:00:00,IoTPond3,1,24.125,100.0,10.662,7.11493
2021-07-31 23:00:00,IoTPond4,2,25.0625,100.0,6.872,7.29424
2021-07-31 23:00:00,IoTPond6,3,24.3125,100.0,1.4575,7.43042
2021-07-31 23:00:00,IoTPond7,4,25.59375,31.0,11.81,7.13082
2021-08-01 00:00:00,IoTPond7,4,25.625,29.0,12.5145,7.13082
2021-08-01 00:00:00,IoTPond3,1,24.125,100.0,10.4295,7.15579
2021-08-01 00:00:00,IoTPond4,2,25.0625,100.0,9.0185,7.30786
2021-08-01 01:00:00,IoTPond7,4,25.46875,29.0,11.834,7.128550000000001
2021-08-01 01:00:00,IoTPond4,2,25.0,99.0,7.757,7.32148
2021-08-01 01:00:00,IoTPond3,1,24.0625,100.0,13.181000000000001,7.128550000000001
2021-08-01 02:00:00,IoTPond4,2,25.0,99.0,7.489,7.33056
2021-08-01 02:00:00,IoTPond7,4,25.40625,29.0,12.739,7.14217
2021-08-01 02:00:00,IoTPond3,1,24.0625,100.0,12.543,7.20345
2021-08-01 03:00:00,IoTPond7,4,25.3125,29.0,12.759,7.14444
2021-08-01 03:00:00,IoTPond3,1,24.0,100.0,4.817,7.14898
2021-08-01 03:00:00,IoTPond4,2,24.875,99.0,7.15,7.37595
2021-08-01 04:00:00,IoTPond7,4,25.1875,30.0,13.055,7.14898
2021-08-01 04:00:00,IoTPond3,1,23.96875,100.0,9.987,7.11947
2021-08-01 04:00:00,IoTPond4,2,24.8125,100.0,5.9495000000000005,7.37822
2021-08-01 05:00:00,IoTPond3,1,23.9375,100.0,13.453,7.10812
2021-08-01 05:00:00,IoTPond7,4,25.15625,30.0,11.7455,7.14217
2021-08-01 05:00:00,IoTPond4,2,24.75,100.0,6.744,7.39411
2021-08-01 06:00:00,IoTPond3,1,23.875,100.0,10.895,7.14217
2021-08-01 06:00:00,IoTPond6,3,23.9375,100.0,7.873,7.36006
2021-08-01 06:00:00,IoTPond4,2,24.6875,100.0,6.651,7.40319
2021-08-01 06:00:00,IoTPond7,4,25.0625,30.0,12.086,7.14898
2021-08-01 07:00:00,IoTPond3,1,23.75,100.0,11.569,7.22615
2021-08-01 07:00:00,IoTPond4,2,24.625,100.0,5.434,7.39411
2021-08-01 07:00:00,IoTPond7,4,25.0625,30.0,13.984,7.15806
2021-08-01 08:00:00,IoTPond4,2,24.5625,99.0,7.429,7.41681
2021-08-01 08:00:00,IoTPond3,1,23.75,100.0,7.8735,7.2057199999999995
2021-08-01 08:00:00,IoTPond7,4,24.9375,30.0,9.435,7.15806
2021-08-01 09:00:00,IoTPond6,3,23.84375,100.0,6.36,6.987830000000001
2021-08-01 09:00:00,IoTPond4,2,24.5625,99.0,5.8565000000000005,7.40546
2021-08-01 09:00:00,IoTPond3,1,23.6875,100.0,2.963,7.19437
2021-08-01 09:00:00,IoTPond7,4,25.0,30.0,10.492,7.15352
2021-08-01 10:00:00,IoTPond3,1,23.6875,100.0,10.319,7.18983
2021-08-01 10:00:00,IoTPond7,4,25.0,30.0,11.55,7.14898
2021-08-01 10:00:00,IoTPond4,2,24.5625,98.0,5.73,7.38503
2021-08-01 10:00:00,IoTPond6,3,23.8125,100.0,2.588,6.97194
2021-08-01 11:00:00,IoTPond4,2,24.5625,97.0,4.834,7.38049
2021-08-01 11:00:00,IoTPond7,4,25.0625,30.0,11.213,7.14444
2021-08-01 12:00:00,IoTPond4,2,24.6875,98.0,7.15,7.35779
2021-08-01 12:00:00,IoTPond3,1,23.75,100.0,8.4,7.230689999999999
2021-08-01 12:00:00,IoTPond7,4,25.28125,28.5,8.3735,7.14444
2021-08-01 13:00:00,IoTPond4,2,24.8125,97.0,5.891,7.36233
2021-08-01 13:00:00,IoTPond6,3,24.125,100.0,3.702,6.99464
2021-08-01 13:00:00,IoTPond3,1,23.8125,100.0,9.529,7.17621
2021-08-01 13:00:00,IoTPond7,4,25.375,28.0,8.394,7.14898
2021-08-01 14:00:00,IoTPond4,2,25.0,97.0,4.845,7.35779
2021-08-01 14:00:00,IoTPond3,1,23.9375,100.0,10.408,7.23977
2021-08-01 14:00:00,IoTPond7,4,25.9375,28.0,7.449,7.13536
2021-08-01 15:00:00,IoTPond7,4,25.9375,28.0,5.518,7.1399
2021-08-01 15:00:00,IoTPond4,2,25.0625,97.0,4.721,7.36006
2021-08-01 15:00:00,IoTPond3,1,24.0625,100.0,9.6605,7.3668700000000005
2021-08-01 16:00:00,IoTPond3,1,24.09375,100.0,11.4985,7.36914
2021-08-01 16:00:00,IoTPond4,2,25.125,99.0,4.601,7.371409999999999
2021-08-01 16:00:00,IoTPond6,3,24.375,100.0,2.408,7.05365
2021-08-01 16:00:00,IoTPond7,4,26.0625,28.0,7.721,7.14898
2021-08-01 17:00:00,IoTPond4,2,25.25,99.0,7.216,7.38049
2021-08-01 17:00:00,IoTPond3,1,24.125,100.0,9.673,7.30332
2021-08-01 17:00:00,IoTPond7,4,26.0,29.5,10.2875,7.14898
2021-08-01 18:00:00,IoTPond4,2,25.25,98.0,5.478,7.38957
2021-08-01 18:00:00,IoTPond3,1,24.125,100.0,6.2204999999999995,7.337365
2021-08-01 18:00:00,IoTPond7,4,25.9375,29.0,10.562,7.15806
2021-08-01 19:00:00,IoTPond4,2,25.1875,97.0,4.845,7.38957
2021-08-01 19:00:00,IoTPond3,1,24.125,100.0,9.407,7.23977
2021-08-01 19:00:00,IoTPond7,4,25.78125,28.5,9.563,7.158055
2021-08-01 20:00:00,IoTPond4,2,25.1875,99.0,2.667,7.41227
2021-08-01 20:00:00,IoTPond3,1,24.125,100.0,5.08,7.25338
2021-08-01 21:00:00,IoTPond7,4,25.625,27.5,9.315000000000001,7.171670000000001
2021-08-01 21:00:00,IoTPond3,1,24.125,100.0,7.082,7.31694
2021-08-01 21:00:00,IoTPond4,2,25.125,100.0,0.961,7.46674
2021-08-01 22:00:00,IoTPond4,2,25.0625,96.0,7.6129999999999995,7.47128
2021-08-01 22:00:00,IoTPond3,1,24.0625,100.0,5.08,7.3124
2021-08-01 23:00:00,IoTPond3,1,24.0625,100.0,5.358499999999999,7.3124
2021-08-01 23:00:00,IoTPond7,4,25.4375,29.0,12.767,7.1626
2021-08-01 23:00:00,IoTPond4,2,25.0625,96.0,4.869,7.4622
2021-08-02 00:00:00,IoTPond7,4,25.3125,29.0,11.982,7.17167
2021-08-02 00:00:00,IoTPond4,2,24.9375,94.0,7.112,7.4622
2021-08-02 00:00:00,IoTPond3,1,24.0,100.0,4.969,7.33056
2021-08-02 01:00:00,IoTPond4,2,24.875,94.0,5.443,7.4622
2021-08-02 01:00:00,IoTPond3,1,23.9375,100.0,4.771000000000001,7.33509
2021-08-02 01:00:00,IoTPond7,4,25.3125,30.0,13.127,7.17167
2021-08-02 02:00:00,IoTPond7,4,25.25,28.0,11.317,7.17167
2021-08-02 02:00:00,IoTPond3,1,23.9375,100.0,5.08,7.30786
2021-08-02 02:00:00,IoTPond4,2,24.8125,95.0,4.403,7.46674
2021-08-02 03:00:00,IoTPond7,4,25.125,25.0,11.6375,7.16713
2021-08-02 03:00:00,IoTPond4,2,24.75,99.0,4.7535,7.47582
2021-08-02 03:00:00,IoTPond3,1,23.875,100.0,4.526,7.3124
2021-08-02 04:00:00,IoTPond7,4,25.125,21.0,10.7725,7.1693999999999996
2021-08-02 04:00:00,IoTPond4,2,24.6875,95.0,4.086,7.505325
2021-08-02 04:00:00,IoTPond3,1,23.8125,100.0,3.3025,7.31694
2021-08-02 05:00:00,IoTPond7,4,25.0,27.0,9.747,7.18529
2021-08-02 05:00:00,IoTPond3,1,23.75,100.0,4.766500000000001,7.29424
2021-08-02 05:00:00,IoTPond4,2,24.6875,100.0,1.369,7.53029
2021-08-02 06:00:00,IoTPond7,4,24.96875,27.5,10.715499999999999,7.18075
2021-08-02 06:00:00,IoTPond3,1,23.6875,100.0,3.24,7.2669999999999995
2021-08-02 06:00:00,IoTPond4,2,24.5625,97.0,7.167,7.53029
2021-08-02 07:00:00,IoTPond3,1,23.6875,100.0,1.722,7.298780000000001
2021-08-02 07:00:00,IoTPond7,4,24.875,26.0,9.407,7.18529
2021-08-02 07:00:00,IoTPond4,2,24.5625,92.5,5.2825,7.53483
2021-08-02 08:00:00,IoTPond3,1,23.625,100.0,5.08,7.30332
2021-08-02 08:00:00,IoTPond4,2,24.5,95.0,4.843,7.48944
2021-08-02 08:00:00,IoTPond7,4,24.9375,26.0,7.801,7.19437
2021-08-02 09:00:00,IoTPond3,1,23.625,100.0,5.08,7.3124
2021-08-02 09:00:00,IoTPond7,4,25.0,29.0,10.835,7.18983
2021-08-02 09:00:00,IoTPond4,2,24.5,94.0,4.505,7.47128
2021-08-02 10:00:00,IoTPond3,1,23.625,100.0,4.597,7.32148
2021-08-02 10:00:00,IoTPond7,4,25.125,28.0,10.652,7.18529
2021-08-02 10:00:00,IoTPond4,2,24.5625,96.0,4.09,7.4622
2021-08-02 11:00:00,IoTPond3,1,23.75,100.0,5.08,7.38049
2021-08-02 11:00:00,IoTPond7,4,25.3125,28.0,8.097,7.18075
2021-08-02 11:00:00,IoTPond4,2,24.8125,96.0,5.113,7.45312
2021-08-02 12:00:00,IoTPond3,1,23.9375,100.0,5.08,7.38503
2021-08-02 12:00:00,IoTPond7,4,25.75,29.0,11.293,7.17621
2021-08-02 12:00:00,IoTPond4,2,24.9375,96.0,4.395,7.45312
2021-08-02 13:00:00,IoTPond4,2,25.1875,95.0,5.0055,7.4553899999999995
2021-08-02 13:00:00,IoTPond7,4,26.0625,27.0,11.551,7.17621
2021-08-02 13:00:00,IoTPond3,1,24.0,100.0,5.08,7.38957
2021-08-02 14:00:00,IoTPond4,2,25.375,96.0,4.661,7.45766
2021-08-02 14:00:00,IoTPond7,4,26.375,27.0,10.28,7.17621
2021-08-02 14:00:00,IoTPond3,1,24.125,100.0,5.08,7.38957
2021-08-02 15:00:00,IoTPond4,2,25.4375,97.0,4.461,7.45766
2021-08-02 15:00:00,IoTPond7,4,26.3125,27.0,6.693,7.18075
2021-08-02 15:00:00,IoTPond3,1,24.1875,100.0,3.972,7.38957
2021-08-02 16:00:00,IoTPond4,2,25.4375,95.0,4.845,7.47128
2021-08-02 16:00:00,IoTPond7,4,26.0,26.0,4.165,7.19437
2021-08-02 16:00:00,IoTPond3,1,24.1875,100.0,1.4955,7.38049
2021-08-02 17:00:00,IoTPond4,2,25.25,97.0,7.617,7.53483
2021-08-02 17:00:00,IoTPond7,4,25.75,27.0,4.125,7.19891
2021-08-02 17:00:00,IoTPond3,1,24.0625,100.0,3.575,7.35779
2021-08-02 18:00:00,IoTPond4,2,25.1875,95.0,4.925,7.54391
2021-08-02 18:00:00,IoTPond7,4,25.6875,26.0,3.896,7.20345
2021-08-02 18:00:00,IoTPond3,1,23.9375,100.0,1.187,7.35779
2021-08-02 19:00:00,IoTPond3,1,23.875,100.0,5.08,7.32148
2021-08-02 19:00:00,IoTPond7,4,25.5,26.0,3.784,7.20345
2021-08-02 19:00:00,IoTPond4,2,25.0625,95.0,3.884,7.54391
2021-08-02 20:00:00,IoTPond3,1,23.75,100.0,5.08,7.30786
2021-08-02 20:00:00,IoTPond7,4,25.375,27.0,5.254,7.20345
2021-08-02 20:00:00,IoTPond4,2,24.9375,95.0,3.676,7.55299
2021-08-02 21:00:00,IoTPond3,1,23.6875,100.0,1.214,7.2897
2021-08-02 21:00:00,IoTPond4,2,24.8125,96.0,3.52,7.57569
2021-08-02 21:00:00,IoTPond7,4,25.15625,27.0,13.328,7.207990000000001
2021-08-02 22:00:00,IoTPond4,2,24.6875,96.0,3.1055,7.57569
2021-08-02 22:00:00,IoTPond3,1,23.625,100.0,2.82,7.26246
2021-08-02 22:00:00,IoTPond7,4,25.125,27.0,12.799,7.21253
2021-08-02 23:00:00,IoTPond3,1,23.5,100.0,5.08,7.27608
2021-08-02 23:00:00,IoTPond4,2,24.5625,98.0,1.369,7.5825
2021-08-03 00:00:00,IoTPond4,2,24.5,100.0,5.823,7.58477
2021-08-03 00:00:00,IoTPond3,1,23.4375,100.0,5.08,7.27154
2021-08-03 00:00:00,IoTPond7,4,24.75,28.0,13.734,7.23069
2021-08-03 01:00:00,IoTPond4,2,24.375,100.0,4.416,7.59838
2021-08-03 01:00:00,IoTPond3,1,23.3125,100.0,5.08,7.28516
2021-08-03 02:00:00,IoTPond4,2,24.25,97.0,5.426,7.59838
2021-08-03 02:00:00,IoTPond3,1,23.25,100.0,5.08,7.2897
2021-08-03 03:00:00,IoTPond3,1,23.1875,100.0,5.08,7.27154
2021-08-03 03:00:00,IoTPond4,2,24.1875,98.0,4.707,7.59838
2021-08-03 04:00:00,IoTPond3,1,23.125,100.0,5.08,7.28516
2021-08-03 04:00:00,IoTPond4,2,24.125,99.0,3.334,7.60292
2021-08-03 14:00:00,IoTPond4,2,25.0,93.0,7.729,7.53029
2021-08-03 14:00:00,IoTPond3,1,23.75,100.0,5.08,7.43496
2021-08-03 14:00:00,IoTPond7,4,25.875,33.0,2.835,7.21253
2021-08-03 14:00:00,IoTpond1,6,24.5625,58.0,8.004,7.27608
2021-08-03 14:00:00,IoTPond2,0,24.5625,58.0,8.004,7.27608
2021-08-03 15:00:00,IoTPond4,2,25.125,89.0,10.901,7.52121
2021-08-03 15:00:00,IoTPond7,4,26.0,33.0,4.549,7.20345
2021-08-03 15:00:00,IoTPond3,1,23.75,100.0,5.08,7.38957
2021-08-03 16:00:00,IoTPond4,2,25.1875,92.0,7.0440000000000005,7.52121
2021-08-03 16:00:00,IoTPond7,4,26.1875,34.0,2.402,7.21253
2021-08-03 16:00:00,IoTPond3,1,24.0625,100.0,12.0185,7.3873
2021-08-03 17:00:00,IoTPond3,1,24.125,100.0,8.748,7.39411
2021-08-03 17:00:00,IoTPond4,2,25.3125,93.0,5.991,7.52575
2021-08-03 17:00:00,IoTPond7,4,26.1875,34.0,2.204,7.21707
2021-08-03 18:00:00,IoTPond7,4,26.125,34.0,2.17,7.21707
2021-08-03 18:00:00,IoTPond4,2,25.375,94.0,5.19,7.52575
2021-08-03 18:00:00,IoTPond3,1,24.1875,100.0,7.509,7.40773
2021-08-03 19:00:00,IoTPond7,4,25.9375,33.0,4.469,7.22615
2021-08-03 19:00:00,IoTPond4,2,25.375,94.0,5.67,7.52575
2021-08-03 19:00:00,IoTPond3,1,24.25,100.0,6.102,7.39411
2021-08-03 20:00:00,IoTPond7,4,25.9375,34.0,13.504,7.2261500000000005
2021-08-03 20:00:00,IoTPond4,2,25.3125,95.0,4.617,7.53483
2021-08-03 20:00:00,IoTPond3,1,24.25,100.0,4.133,7.40773
2021-08-03 21:00:00,IoTPond4,2,25.3125,93.0,5.943,7.56661
2021-08-03 21:00:00,IoTPond3,1,24.25,100.0,3.372,7.38503
2021-08-03 21:00:00,IoTPond7,4,25.8125,33.0,9.058,7.23069
2021-08-03 22:00:00,IoTPond3,1,24.25,100.0,3.304,7.35779
2021-08-03 22:00:00,IoTPond4,2,25.25,94.0,4.705,7.57569
2021-08-03 22:00:00,IoTPond7,4,25.875,34.0,11.718,7.23069
2021-08-03 23:00:00,IoTPond3,1,24.1875,100.0,3.254,7.33056
2021-08-03 23:00:00,IoTPond4,2,25.1875,97.0,2.182,7.59838
2021-08-03 23:00:00,IoTPond7,4,25.6875,33.0,9.7995,7.22615
2021-08-04 00:00:00,IoTPond3,1,24.125,100.0,3.118,7.31694
2021-08-04 00:00:00,IoTPond4,2,25.125,93.0,5.983,7.62108
2021-08-04 00:00:00,IoTPond7,4,25.5625,33.0,12.831,7.22842
2021-08-04 01:00:00,IoTPond4,2,25.0625,94.0,4.621,7.67102
2021-08-04 01:00:00,IoTPond3,1,24.125,100.0,3.0805,7.31694
2021-08-04 01:00:00,IoTPond7,4,25.4375,33.0,13.079,7.23069
2021-08-04 02:00:00,IoTPond7,4,25.4375,33.0,10.224,7.23523
2021-08-04 02:00:00,IoTPond4,2,25.0,95.0,3.84,7.72095
2021-08-04 02:00:00,IoTPond3,1,24.0625,100.0,2.975,7.29424
2021-08-04 03:00:00,IoTPond7,4,25.375,33.0,12.679,7.23523
2021-08-04 03:00:00,IoTPond4,2,24.9375,95.0,4.5385,7.83444
2021-08-04 03:00:00,IoTPond3,1,24.0,100.0,3.207,7.24431
2021-08-04 04:00:00,IoTPond4,2,24.875,96.0,4.471,7.83444
2021-08-04 04:00:00,IoTPond7,4,25.25,33.0,12.559,7.23977
2021-08-04 04:00:00,IoTPond3,1,24.0,100.0,2.755,7.19437
2021-08-04 08:00:00,IoTPond2,0,24.3125,58.0,12.517,7.267
2021-08-04 08:00:00,IoTpond1,6,24.3125,58.0,12.517,7.267
2021-08-04 08:00:00,IoTPond3,1,23.8125,100.0,4.401,6.9447
2021-08-04 08:00:00,IoTPond7,4,25.125,34.0,9.875,7.23069
2021-08-04 08:00:00,IoTPond4,2,24.5625,90.0,9.6815,9.25302
2021-08-04 09:00:00,IoTPond4,2,24.625,92.0,7.1585,7.62108
2021-08-04 09:00:00,IoTPond3,1,23.875,100.0,3.954,7.11266
2021-08-04 09:00:00,IoTPond7,4,25.1875,34.0,13.099499999999999,7.23523
2021-08-04 10:00:00,IoTPond4,2,24.6875,93.0,5.671,7.54391
2021-08-04 10:00:00,IoTPond3,1,23.875,100.0,5.08,7.15806
2021-08-04 10:00:00,IoTPond7,4,25.375,33.0,11.566,7.23523
2021-08-04 11:00:00,IoTPond3,1,24.125,100.0,5.08,7.18983
2021-08-04 11:00:00,IoTPond4,2,25.0,93.0,5.046,7.51667
2021-08-04 11:00:00,IoTPond7,4,25.625,33.0,6.928,7.22615
2021-08-04 11:00:00,IoTPond6,3,24.4375,100.0,0.8534999999999999,7.08542
2021-08-04 12:00:00,IoTPond4,2,25.25,94.0,4.817,7.50759
2021-08-04 12:00:00,IoTPond7,4,26.0,34.0,6.891500000000001,7.23069
2021-08-04 12:00:00,IoTPond3,1,24.3125,100.0,5.08,7.17167
2021-08-04 13:00:00,IoTPond7,4,26.25,32.0,7.043,7.22615
2021-08-04 13:00:00,IoTPond3,1,24.4375,100.0,5.08,7.17621
2021-08-04 13:00:00,IoTPond4,2,25.375,95.0,4.341,7.50759
2021-08-04 14:00:00,IoTPond4,2,25.8125,95.0,4.7815,7.50759
2021-08-04 14:00:00,IoTPond3,1,24.5,100.0,5.08,7.22615
2021-08-04 14:00:00,IoTPond7,4,26.8125,33.0,8.46,7.21253
2021-08-04 15:00:00,IoTPond7,4,26.8125,33.0,5.2465,7.22842
2021-08-04 15:00:00,IoTPond3,1,24.625,100.0,4.767,7.29424
2021-08-04 15:00:00,IoTPond4,2,25.9375,95.0,5.07,7.50759
2021-08-04 16:00:00,IoTPond7,4,26.875,33.0,2.573,7.23069
2021-08-04 16:00:00,IoTPond4,2,26.0,95.0,4.157500000000001,7.49625
2021-08-04 16:00:00,IoTPond3,1,24.75,100.0,5.08,7.33509
2021-08-04 17:00:00,IoTPond3,1,24.75,100.0,5.08,7.31694
2021-08-04 17:00:00,IoTPond4,2,26.0,95.0,3.769,7.50306
2021-08-04 17:00:00,IoTPond7,4,26.75,31.0,2.2115,7.23523
2021-08-04 18:00:00,IoTPond4,2,25.9375,95.0,3.724,7.51667
2021-08-04 18:00:00,IoTPond3,1,24.75,100.0,3.321,7.29424
2021-08-04 18:00:00,IoTPond7,4,26.5625,30.0,2.303,7.23977
2021-08-04 19:00:00,IoTpond1,6,25.375,73.0,11.093,7.24885
2021-08-04 19:00:00,IoTPond7,4,26.5,30.0,12.305,7.23977
2021-08-04 19:00:00,IoTPond3,1,24.75,100.0,1.8755,7.27608
2021-08-04 19:00:00,IoTPond4,2,25.9375,94.0,3.468,7.53029
2021-08-04 19:00:00,IoTPond2,0,25.375,73.0,11.093,7.24885
2021-08-04 20:00:00,IoTPond4,2,25.8125,95.0,4.933,7.53937
2021-08-04 20:00:00,IoTPond7,4,26.375,30.0,11.6965,7.23523
2021-08-04 20:00:00,IoTPond3,1,24.6875,100.0,2.628,7.24431
2021-08-04 21:00:00,IoTPond2,0,25.1875,79.0,9.835,7.25338
2021-08-04 21:00:00,IoTPond3,1,24.625,100.0,3.376,7.15352
2021-08-04 21:00:00,IoTPond4,2,25.75,94.0,4.349,7.59384
2021-08-04 21:00:00,IoTpond1,6,25.1875,79.0,9.835,7.25338
2021-08-04 21:00:00,IoTPond7,4,26.25,29.0,12.541,7.23977
2021-08-04 22:00:00,IoTPond3,1,24.5,100.0,3.4314999999999998,7.11266
2021-08-04 22:00:00,IoTPond7,4,26.0,30.0,11.757,7.23977
2021-08-04 22:00:00,IoTPond4,2,25.625,94.0,4.181,7.59384
2021-08-04 23:00:00,IoTPond7,4,25.8125,30.0,11.261,7.24431
2021-08-04 23:00:00,IoTPond4,2,25.5625,93.0,3.916,7.58023
2021-08-04 23:00:00,IoTPond3,1,24.4375,100.0,2.2095000000000002,7.17167
2021-08-05 00:00:00,IoTPond3,1,24.3125,100.0,5.08,7.18075
2021-08-05 00:00:00,IoTpond1,6,24.875,77.0,13.32,7.24885
2021-08-05 00:00:00,IoTPond7,4,25.75,31.0,11.461,7.24431
2021-08-05 00:00:00,IoTPond4,2,25.375,94.0,3.82,7.60292
2021-08-05 00:00:00,IoTPond2,0,24.875,77.0,13.32,7.24885
2021-08-05 01:00:00,IoTPond2,0,24.75,77.0,12.196,7.24431
2021-08-05 01:00:00,IoTPond4,2,25.3125,94.0,3.596,7.58023
2021-08-05 01:00:00,IoTpond1,6,24.75,77.0,12.196,7.24431
2021-08-05 01:00:00,IoTPond3,1,24.25,100.0,2.856,7.17167
2021-08-05 01:00:00,IoTPond7,4,25.5625,30.0,12.575,7.23523
2021-08-05 02:00:00,IoTPond4,2,25.1875,95.0,3.784,7.57115
2021-08-05 02:00:00,IoTPond3,1,24.125,100.0,2.383,7.17167
2021-08-05 02:00:00,IoTPond2,0,24.6875,77.0,13.109,7.24431
2021-08-05 02:00:00,IoTPond7,4,25.375,31.0,12.038,7.23977
2021-08-05 02:00:00,IoTpond1,6,24.6875,77.0,13.109,7.24431
2021-08-05 03:00:00,IoTPond4,2,25.0625,95.0,3.616,7.60292
2021-08-05 03:00:00,IoTPond7,4,25.25,30.0,10.829,7.23977
2021-08-05 03:00:00,IoTPond3,1,24.0,100.0,3.947,7.17167
2021-08-05 04:00:00,IoTPond7,4,25.1875,30.0,11.87,7.23977
2021-08-05 04:00:00,IoTPond3,1,23.9375,100.0,5.08,7.1626
2021-08-05 04:00:00,IoTPond4,2,24.9375,96.0,3.4395,7.60746
2021-08-05 05:00:00,IoTPond4,2,24.8125,95.0,3.575,7.612
2021-08-05 05:00:00,IoTPond7,4,25.1875,30.0,10.336,7.24431
2021-08-05 05:00:00,IoTPond3,1,23.875,100.0,5.08,7.1626
2021-08-05 06:00:00,IoTPond7,4,25.09375,30.0,11.645,7.24431
2021-08-05 06:00:00,IoTPond4,2,24.75,95.0,4.289,7.6347
2021-08-05 06:00:00,IoTPond6,3,23.875,98.5,0.7715000000000001,7.096769999999999
2021-08-05 06:00:00,IoTPond3,1,23.8125,100.0,3.4855,7.16713
2021-08-05 07:00:00,IoTPond4,2,24.6875,95.0,4.061,7.68009
2021-08-05 07:00:00,IoTPond7,4,24.9375,30.0,11.664,7.24431
2021-08-05 07:00:00,IoTPond3,1,23.75,100.0,5.08,7.17621
2021-08-05 08:00:00,IoTPond3,1,23.6875,100.0,5.08,7.25338
2021-08-05 08:00:00,IoTpond1,6,24.0,59.0,4.319,7.24431
2021-08-05 08:00:00,IoTPond7,4,25.0,31.0,12.735,7.24431
2021-08-05 08:00:00,IoTPond4,2,24.625,95.0,4.5555,7.61654
2021-08-05 08:00:00,IoTPond2,0,24.0,59.0,4.319,7.24431
2021-08-05 09:00:00,IoTPond3,1,23.625,100.0,5.08,7.35779
2021-08-05 09:00:00,IoTPond4,2,24.625,95.0,4.9145,7.60746
2021-08-05 09:00:00,IoTPond7,4,25.0625,33.0,12.399,7.24431
2021-08-05 09:00:00,IoTpond1,6,24.0625,63.0,4.259,7.24431
2021-08-05 09:00:00,IoTPond2,0,24.0625,63.0,4.259,7.24431
2021-08-05 10:00:00,IoTPond4,2,24.625,96.0,1.005,7.60746
2021-08-05 10:00:00,IoTPond3,1,23.59375,100.0,4.602,7.371409999999999
2021-08-05 12:00:00,IoTPond3,1,23.75,100.0,5.08,7.38957
2021-08-05 12:00:00,IoTpond1,6,24.25,68.0,4.6525,7.24431
2021-08-05 12:00:00,IoTPond6,3,24.0625,99.0,0.938,7.04911
2021-08-05 12:00:00,IoTPond4,2,24.8125,92.0,8.976,7.64378
2021-08-05 12:00:00,IoTPond7,4,25.375,33.0,10.925,7.24431
2021-08-05 12:00:00,IoTPond2,0,24.25,68.0,4.6525,7.24431
2021-08-05 13:00:00,IoTPond6,3,24.1875,100.0,1.445,7.04003
2021-08-05 13:00:00,IoTPond7,4,25.625,32.0,9.831,7.24431
2021-08-05 13:00:00,IoTpond1,6,24.3125,74.0,4.53,7.23523
2021-08-05 13:00:00,IoTPond4,2,24.875,93.0,6.364,7.55753
2021-08-05 13:00:00,IoTPond3,1,23.8125,100.0,5.08,7.41227
2021-08-05 13:00:00,IoTPond2,0,24.3125,74.0,4.53,7.23523
2021-08-05 14:00:00,IoTPond4,2,25.0,95.0,2.234,7.53937
2021-08-05 14:00:00,IoTpond1,6,24.5,72.0,4.9315,7.23069
2021-08-05 14:00:00,IoTPond7,4,25.75,32.0,12.527,7.23977
2021-08-05 14:00:00,IoTPond3,1,23.9375,100.0,5.08,7.44858
2021-08-05 14:00:00,IoTPond2,0,24.5,72.0,4.9315,7.23069
2021-08-05 15:00:00,IoTPond7,4,26.0,32.0,11.574,7.24431
2021-08-05 15:00:00,IoTPond3,1,24.0,100.0,5.08,7.42588
2021-08-05 15:00:00,IoTpond1,6,24.625,70.0,5.612,7.23069
2021-08-05 15:00:00,IoTPond2,0,24.625,70.0,5.612,7.23069
2021-08-05 15:00:00,IoTPond4,2,25.125,96.0,4.853,7.53483
2021-08-05 16:00:00,IoTPond7,4,26.0625,33.0,13.676,7.242039999999999
2021-08-05 16:00:00,IoTPond2,0,24.6875,70.0,3.101,7.23069
2021-08-05 16:00:00,IoTPond3,1,24.125,100.0,5.08,7.4395
2021-08-05 16:00:00,IoTpond1,6,24.6875,70.0,3.101,7.23069
2021-08-05 16:00:00,IoTPond4,2,25.1875,93.0,5.59,7.53483
2021-08-05 17:00:00,IoTPond4,2,25.25,93.0,4.293,7.55299
2021-08-05 17:00:00,IoTPond2,0,24.75,74.0,5.012,7.23069
2021-08-05 17:00:00,IoTPond3,1,24.1875,100.0,5.08,7.45993
2021-08-05 17:00:00,IoTPond7,4,26.03125,33.0,13.714,7.24431
2021-08-05 17:00:00,IoTpond1,6,24.75,74.0,5.012,7.23069
2021-08-05 18:00:00,IoTPond4,2,25.25,93.0,4.381,7.55753
2021-08-05 18:00:00,IoTPond3,1,24.1875,100.0,5.08,7.43496
2021-08-05 18:00:00,IoTpond1,6,24.75,74.0,4.445,7.23523
2021-08-05 18:00:00,IoTPond2,0,24.75,74.0,4.445,7.23523
2021-08-05 18:00:00,IoTPond7,4,25.65625,34.5,12.731,7.24431
2021-08-05 19:00:00,IoTPond3,1,24.0625,100.0,5.08,7.40319
2021-08-05 19:00:00,IoTpond1,6,24.625,77.0,3.862,7.23977
2021-08-05 19:00:00,IoTPond2,0,24.625,77.0,3.862,7.23977
2021-08-05 19:00:00,IoTPond4,2,25.125,98.0,1.6615,7.64378
2021-08-05 19:00:00,IoTPond7,4,25.46875,34.0,13.1515,7.24431
2021-08-05 20:00:00,IoTpond1,6,24.5625,80.0,3.7904999999999998,7.23977
2021-08-05 20:00:00,IoTPond4,2,25.0,94.0,6.439,7.664210000000001
2021-08-05 20:00:00,IoTPond3,1,23.9375,100.0,5.08,7.41227
2021-08-05 20:00:00,IoTPond2,0,24.5625,80.0,3.7904999999999998,7.23977
2021-08-05 20:00:00,IoTPond7,4,25.40625,34.0,12.675,7.24431
2021-08-05 21:00:00,IoTPond4,2,24.875,93.0,5.624499999999999,7.6574
2021-08-05 21:00:00,IoTPond3,1,23.875,100.0,5.08,7.39411
2021-08-05 21:00:00,IoTPond7,4,25.25,33.0,12.903,7.24431
2021-08-05 21:00:00,IoTpond1,6,24.4375,79.0,4.513,7.23977
2021-08-05 21:00:00,IoTPond2,0,24.4375,79.0,4.513,7.23977
2021-08-05 22:00:00,IoTPond7,4,25.3125,33.0,12.759,7.24431
2021-08-05 22:00:00,IoTPond2,0,24.375,77.0,5.003,7.23977
2021-08-05 22:00:00,IoTPond4,2,24.8125,93.0,4.75,7.66648
2021-08-05 22:00:00,IoTPond3,1,23.8125,100.0,5.08,7.39865
2021-08-05 22:00:00,IoTpond1,6,24.375,77.0,5.003,7.23977
2021-08-05 23:00:00,IoTPond3,1,23.8125,100.0,5.08,7.43042
2021-08-05 23:00:00,IoTPond4,2,24.8125,97.0,1.8545,7.67102
2021-08-05 23:00:00,IoTPond7,4,25.25,33.0,11.670000000000002,7.24431
2021-08-05 23:00:00,IoTPond2,0,24.375,79.0,5.206,7.23523
2021-08-05 23:00:00,IoTpond1,6,24.375,79.0,5.206,7.23523
2021-08-06 00:00:00,IoTPond3,1,23.75,100.0,5.08,7.41681
2021-08-06 08:00:00,IoTPond3,1,23.3125,100.0,5.08,7.39865
2021-08-06 09:00:00,IoTpond1,6,24.0625,84.0,4.175,7.23069
2021-08-06 09:00:00,IoTPond3,1,23.3125,100.0,6.525,7.42134
2021-08-06 09:00:00,IoTPond2,0,24.0625,84.0,4.175,7.23069
2021-08-07 12:00:00,IoTPond3,1,23.875,100.0,5.08,7.48944
2021-08-07 12:00:00,IoTPond7,4,25.8125,34.0,8.85,7.17621
2021-08-07 12:00:00,IoTPond2,0,24.625,94.0,4.352,7.1626
2021-08-07 12:00:00,IoTpond1,6,24.625,94.0,4.352,7.1626
2021-08-07 12:00:00,IoTPond4,2,25.0,93.0,3.732,7.57569
2021-08-07 13:00:00,IoTPond7,4,25.8125,34.0,6.704,7.18075
2021-08-07 13:00:00,IoTPond2,0,24.6875,93.0,4.7285,7.1626
2021-08-07 13:00:00,IoTPond4,2,25.125,94.0,3.195,7.57569
2021-08-07 13:00:00,IoTPond3,1,23.9375,100.0,5.08,7.48944
2021-08-07 13:00:00,IoTpond1,6,24.6875,93.0,4.7285,7.1626
2021-08-07 14:00:00,IoTPond3,1,23.9375,100.0,5.08,7.46674
2021-08-07 14:00:00,IoTPond4,2,25.125,94.0,3.648,7.6347
2021-08-07 14:00:00,IoTPond7,4,25.8125,34.0,12.302499999999998,7.18529
2021-08-07 14:00:00,IoTpond1,6,24.6875,93.0,4.319,7.16713
2021-08-07 14:00:00,IoTPond2,0,24.6875,93.0,4.319,7.16713
2021-08-07 15:00:00,IoTPond3,1,23.9375,100.0,5.08,7.46674
2021-08-07 15:00:00,IoTPond4,2,25.125,96.0,1.97,7.64832
2021-08-07 15:00:00,IoTpond1,6,24.75,93.0,3.9805,7.1626
2021-08-07 15:00:00,IoTPond2,0,24.75,93.0,3.9805,7.1626
2021-08-07 16:00:00,IoTPond2,0,24.75,94.0,3.744,7.1626
2021-08-07 16:00:00,IoTPond4,2,25.125,94.0,3.612,7.66194
2021-08-07 16:00:00,IoTpond1,6,24.75,94.0,3.744,7.1626
2021-08-07 16:00:00,IoTPond3,1,23.9375,100.0,5.08,7.46674
2021-08-07 16:00:00,IoTPond7,4,25.75,34.0,11.245,7.19437
2021-08-07 17:00:00,IoTPond4,2,25.0625,94.0,4.036,7.68463
2021-08-07 17:00:00,IoTpond1,6,24.6875,93.0,3.955,7.16713
2021-08-07 17:00:00,IoTPond7,4,25.5625,33.0,12.0265,7.189830000000001
2021-08-07 17:00:00,IoTPond2,0,24.6875,93.0,3.955,7.16713
2021-08-07 17:00:00,IoTPond3,1,23.9375,100.0,5.08,7.43042
2021-08-07 18:00:00,IoTPond4,2,25.0,95.0,3.868,7.70279
2021-08-07 18:00:00,IoTpond1,6,24.625,93.0,3.938,7.16713
2021-08-07 18:00:00,IoTPond7,4,25.3125,33.0,11.894,7.20345
2021-08-07 18:00:00,IoTPond2,0,24.625,93.0,3.938,7.16713
2021-08-07 18:00:00,IoTPond3,1,23.875,100.0,5.08,7.42134
2021-08-07 19:00:00,IoTPond4,2,24.875,94.0,4.031000000000001,7.70733
2021-08-07 19:00:00,IoTPond2,0,24.5,93.0,3.659,7.17167
2021-08-07 19:00:00,IoTPond7,4,25.25,33.0,8.282,7.21253
2021-08-07 19:00:00,IoTPond3,1,23.8125,100.0,5.08,7.4395
2021-08-07 19:00:00,IoTpond1,6,24.5,93.0,3.659,7.17167
2021-08-07 20:00:00,IoTpond1,6,24.375,92.0,3.786,7.17621
2021-08-07 20:00:00,IoTPond4,2,24.75,95.0,4.505,7.68463
2021-08-07 20:00:00,IoTPond3,1,23.6875,100.0,5.08,7.41681
2021-08-07 20:00:00,IoTPond7,4,25.0625,33.5,13.127,7.2148
2021-08-07 20:00:00,IoTPond2,0,24.375,92.0,3.786,7.17621
2021-08-07 21:00:00,IoTPond4,2,24.625,94.0,3.82,7.68009
2021-08-07 21:00:00,IoTPond2,0,24.25,93.0,3.2325,7.17167
2021-08-07 21:00:00,IoTPond3,1,23.5625,100.0,5.08,7.41227
2021-08-07 21:00:00,IoTPond7,4,25.0625,34.0,11.998,7.22161
2021-08-07 21:00:00,IoTpond1,6,24.25,93.0,3.2325,7.17167
2021-08-07 22:00:00,IoTPond4,2,24.5,95.0,4.505,7.72095
2021-08-07 22:00:00,IoTPond3,1,23.5,100.0,5.08,7.39865
2021-08-07 22:00:00,IoTpond1,6,24.15625,93.0,3.135,7.17167
2021-08-07 22:00:00,IoTPond2,0,24.15625,93.0,3.135,7.17167
2021-08-07 23:00:00,IoTpond1,6,24.0625,93.0,3.795,7.16713
2021-08-07 23:00:00,IoTPond4,2,24.5,95.0,3.803,7.72095
2021-08-07 23:00:00,IoTPond6,3,23.625,100.0,3.588,6.95832
2021-08-07 23:00:00,IoTPond3,1,23.4375,100.0,5.08,7.38957
2021-08-07 23:00:00,IoTPond7,4,24.84375,33.0,12.61,7.22161
2021-08-07 23:00:00,IoTPond2,0,24.0625,93.0,3.795,7.16713
2021-08-08 00:00:00,IoTPond3,1,23.375,100.0,5.08,7.38049
2021-08-08 00:00:00,IoTPond7,4,24.8125,33.0,13.709,7.21253
2021-08-08 00:00:00,IoTPond2,0,24.0,92.0,4.133,7.16713
2021-08-08 00:00:00,IoTPond4,2,24.375,96.0,3.985,7.68009
2021-08-08 00:00:00,IoTpond1,6,24.0,92.0,4.133,7.16713
2021-08-08 01:00:00,IoTPond6,3,23.5,100.0,4.543,6.95378
2021-08-08 01:00:00,IoTPond7,4,24.6875,34.0,12.331,7.21253
2021-08-08 01:00:00,IoTPond3,1,23.3125,100.0,5.08,7.38503
2021-08-08 01:00:00,IoTPond4,2,24.3125,97.0,1.2545000000000002,7.68009
2021-08-08 01:00:00,IoTpond1,6,23.9375,91.0,4.713,7.16713
2021-08-08 01:00:00,IoTPond2,0,23.9375,91.0,4.713,7.16713
2021-08-08 02:00:00,IoTpond1,6,23.875,90.0,6.248,7.16713
2021-08-08 02:00:00,IoTPond6,3,23.4375,100.0,1.098,6.95378
2021-08-08 02:00:00,IoTPond2,0,23.875,90.0,6.248,7.16713
2021-08-08 02:00:00,IoTPond4,2,24.25,96.0,3.5410000000000004,7.68463
2021-08-08 02:00:00,IoTPond7,4,24.625,33.0,12.2635,7.19664
2021-08-08 02:00:00,IoTPond3,1,23.28125,100.0,5.08,7.38957
2021-08-08 03:00:00,IoTPond2,0,23.875,90.0,6.052,7.16713
2021-08-08 03:00:00,IoTpond1,6,23.875,90.0,6.052,7.16713
2021-08-08 03:00:00,IoTPond4,2,24.25,96.0,3.017,7.68009
2021-08-08 03:00:00,IoTPond3,1,23.25,100.0,5.08,7.38503
2021-08-08 03:00:00,IoTPond7,4,24.6875,33.0,12.703,7.19891
2021-08-08 04:00:00,IoTPond2,0,23.8125,91.0,5.829,7.16713
2021-08-08 04:00:00,IoTPond3,1,23.25,100.0,5.08,7.35779
2021-08-08 04:00:00,IoTpond1,6,23.8125,91.0,5.829,7.16713
2021-08-08 04:00:00,IoTPond4,2,24.1875,98.0,2.307,7.68009
2021-08-08 04:00:00,IoTPond7,4,24.5625,33.0,11.9085,7.19891
2021-08-08 05:00:00,IoTpond1,6,23.8125,90.0,6.097,7.16713
2021-08-08 05:00:00,IoTPond2,0,23.8125,90.0,6.097,7.16713
2021-08-08 05:00:00,IoTPond7,4,24.5,33.0,12.373999999999999,7.207990000000001
2021-08-08 05:00:00,IoTPond4,2,24.125,98.0,1.808,7.68009
2021-08-08 05:00:00,IoTPond3,1,23.1875,100.0,5.08,7.34871
2021-08-08 06:00:00,IoTPond7,4,24.375,33.0,12.492,7.20345
2021-08-08 06:00:00,IoTPond2,0,23.75,89.0,7.1905,7.16713
2021-08-08 06:00:00,IoTPond4,2,24.0625,98.0,2.5945,7.68463
2021-08-08 06:00:00,IoTpond1,6,23.75,89.0,7.1905,7.16713
2021-08-08 06:00:00,IoTPond3,1,23.1875,100.0,5.08,7.34417
2021-08-08 07:00:00,IoTPond7,4,24.5,34.0,13.193,7.19437
2021-08-08 07:00:00,IoTPond2,0,23.6875,89.0,9.007,7.16713
2021-08-08 07:00:00,IoTPond3,1,23.125,100.0,5.08,7.37595
2021-08-08 07:00:00,IoTPond4,2,24.0625,97.0,1.432,7.68463
2021-08-08 07:00:00,IoTpond1,6,23.6875,89.0,9.007,7.16713
2021-08-08 08:00:00,IoTPond7,4,24.5,33.5,12.1495,7.1875599999999995
2021-08-08 08:00:00,IoTPond4,2,24.0625,97.0,2.493,7.70279
2021-08-08 08:00:00,IoTPond2,0,23.75,89.0,8.195,7.16713
2021-08-08 08:00:00,IoTpond1,6,23.75,89.0,8.195,7.16713
2021-08-08 08:00:00,IoTPond3,1,23.1875,100.0,5.08,7.38503
2021-08-08 09:00:00,IoTPond4,2,24.0625,96.0,3.2625,7.6574
2021-08-08 09:00:00,IoTpond1,6,23.75,89.0,11.855,7.1626
2021-08-08 09:00:00,IoTPond2,0,23.75,89.0,11.855,7.1626
2021-08-08 09:00:00,IoTPond3,1,23.1875,100.0,5.08,7.39865
2021-08-08 10:00:00,IoTPond3,1,23.3125,100.0,5.08,7.50306
2021-08-08 10:00:00,IoTpond1,6,23.875,89.0,9.007,7.14898
2021-08-08 10:00:00,IoTPond7,4,24.90625,33.0,12.796,7.18075
2021-08-08 10:00:00,IoTPond4,2,24.1875,96.0,3.194,7.59384
2021-08-08 10:00:00,IoTPond2,0,23.875,89.0,9.007,7.14898
2021-08-08 11:00:00,IoTPond4,2,24.375,96.0,2.155,7.57569
2021-08-08 11:00:00,IoTPond2,0,24.125,90.0,7.64,7.14444
2021-08-08 11:00:00,IoTPond7,4,25.3125,34.0,6.6475,7.17621
2021-08-08 11:00:00,IoTPond3,1,23.5,100.0,5.08,7.50306
2021-08-08 11:00:00,IoTpond1,6,24.125,90.0,7.64,7.14444
2021-08-08 12:00:00,IoTPond7,4,25.5625,33.0,6.795999999999999,7.17621
2021-08-08 12:00:00,IoTPond3,1,23.6875,100.0,5.08,7.52121
2021-08-08 12:00:00,IoTPond2,0,24.3125,91.0,7.125,7.1399
2021-08-08 12:00:00,IoTPond4,2,24.6875,95.0,2.789,7.55753
2021-08-08 12:00:00,IoTpond1,6,24.3125,91.0,7.125,7.1399
2021-08-08 13:00:00,IoTPond4,2,25.125,96.0,2.026,7.55299
2021-08-08 13:00:00,IoTPond3,1,23.875,100.0,5.08,7.52121
2021-08-08 13:00:00,IoTpond1,6,24.6875,90.0,12.323,7.12628
2021-08-08 13:00:00,IoTPond7,4,26.3125,34.0,10.082,7.17621
2021-08-08 13:00:00,IoTPond2,0,24.6875,90.0,12.323,7.12628
2021-08-08 14:00:00,IoTPond4,2,25.375,94.0,4.076,7.55753
2021-08-08 14:00:00,IoTPond3,1,24.0,100.0,5.08,7.50759
2021-08-08 14:00:00,IoTPond7,4,26.1875,34.0,7.995,7.19437
2021-08-08 14:00:00,IoTpond1,6,24.75,90.0,9.703,7.1399
2021-08-08 14:00:00,IoTPond2,0,24.75,90.0,9.703,7.1399
2021-08-08 15:00:00,IoTPond7,4,26.125,34.0,3.388,7.18529
2021-08-08 15:00:00,IoTpond1,6,24.8125,90.0,8.3675,7.1399
2021-08-08 15:00:00,IoTPond2,0,24.8125,90.0,8.3675,7.1399
2021-08-08 15:00:00,IoTPond3,1,24.0,100.0,5.08,7.4849
2021-08-08 15:00:00,IoTPond4,2,25.375,94.0,3.251,7.56207
2021-08-08 16:00:00,IoTPond2,0,24.8125,91.0,6.761,7.14444
2021-08-08 16:00:00,IoTPond7,4,25.875,34.0,3.251,7.19437
2021-08-08 16:00:00,IoTpond1,6,24.8125,91.0,6.761,7.14444
2021-08-08 16:00:00,IoTPond4,2,25.375,98.0,2.254,7.56207
2021-08-08 16:00:00,IoTPond3,1,24.0625,100.0,5.08,7.46674
2021-08-09 11:00:00,IoTPond3,1,23.125,100.0,5.08,7.52121
2021-08-09 11:00:00,IoTPond2,0,23.8125,94.0,8.8595,7.12628
2021-08-09 11:00:00,IoTpond1,6,23.8125,94.0,8.8595,7.12628
2021-08-09 11:00:00,IoTPond4,2,24.125,85.0,5.671,7.63924
2021-08-09 11:00:00,IoTPond7,4,25.125,34.0,7.481,7.18529
2021-08-09 12:00:00,IoTpond1,6,24.0,98.0,3.7984999999999998,7.12628
2021-08-09 12:00:00,IoTPond4,2,24.375,100.0,4.8515,7.5893
2021-08-09 12:00:00,IoTPond3,1,23.3125,100.0,5.08,7.4849
2021-08-09 12:00:00,IoTPond2,0,24.0,98.0,3.7984999999999998,7.12628
2021-08-09 12:00:00,IoTPond7,4,25.25,34.0,9.387,7.18075
2021-08-09 13:00:00,IoTPond3,1,23.5,100.0,5.08,7.48944
2021-08-09 13:00:00,IoTPond7,4,26.125,34.0,12.423,7.17621
2021-08-09 13:00:00,IoTPond4,2,24.875,89.0,5.5184999999999995,7.57569
2021-08-09 13:00:00,IoTpond1,6,24.25,98.0,3.4059999999999997,7.12174
2021-08-09 13:00:00,IoTPond2,0,24.25,98.0,3.4059999999999997,7.12174
2021-08-09 14:00:00,IoTPond2,0,24.375,97.0,4.124,7.12174
2021-08-09 14:00:00,IoTPond3,1,23.625,100.0,5.08,7.52121
2021-08-09 14:00:00,IoTPond7,4,26.25,34.0,11.894,7.18075
2021-08-09 14:00:00,IoTPond4,2,25.0625,100.0,4.277,7.56661
2021-08-09 14:00:00,IoTpond1,6,24.375,97.0,4.124,7.12174
2021-08-09 15:00:00,IoTPond7,4,26.5625,34.0,9.275,7.18529
2021-08-09 15:00:00,IoTPond2,0,24.625,98.0,3.1265,7.10812
2021-08-09 15:00:00,IoTPond3,1,23.75,100.0,5.08,7.51667
2021-08-09 15:00:00,IoTPond6,3,24.25,99.0,5.3495,6.87661
2021-08-09 15:00:00,IoTPond4,2,25.3125,97.0,3.476,7.56207
2021-08-09 15:00:00,IoTpond1,6,24.625,98.0,3.1265,7.10812
2021-08-09 16:00:00,IoTPond6,3,24.3125,100.0,0.819,6.87434
2021-08-09 16:00:00,IoTPond7,4,26.5625,34.0,3.815,7.18529
2021-08-09 16:00:00,IoTpond1,6,24.8125,98.0,2.713,7.10812
2021-08-09 16:00:00,IoTPond3,1,23.9375,100.0,5.08,7.51667
2021-08-09 16:00:00,IoTPond4,2,25.4375,100.0,3.656,7.56207
2021-08-09 16:00:00,IoTPond2,0,24.8125,98.0,2.713,7.10812
2021-08-09 17:00:00,IoTPond7,4,26.4375,34.0,3.289,7.19891
2021-08-09 17:00:00,IoTPond2,0,24.9375,99.0,1.419,7.11266
2021-08-09 17:00:00,IoTpond1,6,24.9375,99.0,1.419,7.11266
2021-08-09 17:00:00,IoTPond3,1,24.0625,100.0,5.08,7.50306
2021-08-09 17:00:00,IoTPond4,2,25.5,100.0,2.843,7.56661
2021-08-09 18:00:00,IoTPond3,1,23.9375,100.0,5.08,7.40319
2021-08-09 18:00:00,IoTPond4,2,25.4375,100.0,2.723,7.65286
2021-08-09 18:00:00,IoTpond1,6,24.75,100.0,0.963,7.14444
2021-08-09 18:00:00,IoTPond7,4,25.875,34.0,3.624,7.21707
2021-08-09 18:00:00,IoTPond2,0,24.75,100.0,0.963,7.14444
2021-08-09 19:00:00,IoTPond6,3,24.0625,100.0,0.659,6.89023
2021-08-09 19:00:00,IoTpond1,6,24.625,100.0,0.921,7.14898
2021-08-09 19:00:00,IoTPond3,1,23.8125,100.0,5.08,7.40319
2021-08-09 19:00:00,IoTPond7,4,25.6875,34.0,8.638,7.20345
2021-08-09 19:00:00,IoTPond4,2,25.25,100.0,4.076,7.82536
2021-08-09 19:00:00,IoTPond2,0,24.625,100.0,0.921,7.14898
2021-08-09 20:00:00,IoTpond1,6,24.4375,99.0,2.408,7.1626
2021-08-09 20:00:00,IoTPond7,4,25.5625,34.0,5.433999999999999,7.19891
2021-08-09 20:00:00,IoTPond3,1,23.6875,100.0,5.08,7.40319
2021-08-09 20:00:00,IoTPond2,0,24.4375,99.0,2.408,7.1626
2021-08-09 20:00:00,IoTPond4,2,25.125,90.0,4.872999999999999,7.81174
2021-08-09 21:00:00,IoTPond7,4,25.4375,34.0,13.344,7.18529
2021-08-09 21:00:00,IoTPond3,1,23.5625,100.0,5.08,7.40773
2021-08-09 21:00:00,IoTPond6,3,23.8125,100.0,2.6195000000000004,6.89023
2021-08-09 21:00:00,IoTpond1,6,24.3125,98.0,3.989,7.14444
2021-08-09 21:00:00,IoTPond4,2,25.0,93.0,4.533,7.77996
2021-08-09 21:00:00,IoTPond2,0,24.3125,98.0,3.989,7.14444
2021-08-09 22:00:00,IoTPond4,2,24.875,100.0,4.073,7.74365
2021-08-09 22:00:00,IoTPond2,0,24.25,97.0,4.919,7.1399
2021-08-09 22:00:00,IoTPond3,1,23.5,100.0,5.08,7.43042
2021-08-09 22:00:00,IoTPond7,4,25.34375,35.0,12.6785,7.18075
2021-08-09 22:00:00,IoTpond1,6,24.25,97.0,4.919,7.1399
2021-08-09 23:00:00,IoTpond1,6,24.125,96.0,4.6315,7.1399
2021-08-09 23:00:00,IoTPond4,2,24.75,90.0,4.775,7.77088
2021-08-09 23:00:00,IoTPond3,1,23.375,100.0,5.08,7.39411
2021-08-09 23:00:00,IoTPond2,0,24.125,96.0,4.6315,7.1399
2021-08-09 23:00:00,IoTPond7,4,25.125,33.5,10.724499999999999,7.17621
2021-08-10 00:00:00,IoTPond2,0,24.0625,97.0,3.934,7.1399
2021-08-10 00:00:00,IoTPond7,4,25.0625,34.0,12.623,7.17621
2021-08-10 00:00:00,IoTpond1,6,24.0625,97.0,3.934,7.1399
2021-08-10 00:00:00,IoTPond4,2,24.6875,100.0,3.638,7.77542
2021-08-10 00:00:00,IoTPond3,1,23.375,100.0,5.08,7.39411
2021-08-10 01:00:00,IoTPond7,4,24.96875,34.0,11.904499999999999,7.17621
2021-08-10 01:00:00,IoTpond1,6,24.0,97.0,4.311,7.1399
2021-08-10 01:00:00,IoTPond3,1,23.3125,100.0,5.08,7.39411
2021-08-10 01:00:00,IoTPond2,0,24.0,97.0,4.311,7.1399
2021-08-10 01:00:00,IoTPond4,2,24.625,100.0,3.938,7.76634
2021-08-10 02:00:00,IoTpond1,6,23.875,97.0,4.231,7.14444
2021-08-10 02:00:00,IoTPond2,0,23.875,97.0,4.231,7.14444
2021-08-10 02:00:00,IoTPond4,2,24.5,90.0,4.741,7.76634
2021-08-10 02:00:00,IoTPond7,4,24.875,35.0,11.655,7.17621
2021-08-10 02:00:00,IoTPond3,1,23.1875,100.0,5.08,7.38957
2021-08-10 03:00:00,IoTpond1,6,23.8125,95.0,6.5835,7.1399
2021-08-10 03:00:00,IoTPond4,2,24.4375,100.0,3.4055,7.70733
2021-08-10 03:00:00,IoTPond3,1,23.125,100.0,5.08,7.40319
2021-08-10 03:00:00,IoTPond2,0,23.8125,95.0,6.5835,7.1399
2021-08-10 03:00:00,IoTPond7,4,24.8125,35.0,11.917,7.17167
2021-08-10 04:00:00,IoTpond1,6,23.75,93.0,6.739,7.1399
2021-08-10 04:00:00,IoTPond4,2,24.375,99.0,4.0945,7.73003
2021-08-10 04:00:00,IoTPond7,4,24.75,34.0,8.147,7.16713
2021-08-10 04:00:00,IoTPond2,0,23.75,93.0,6.739,7.1399
2021-08-10 04:00:00,IoTPond3,1,23.0625,100.0,5.08,7.41227
2021-08-10 05:00:00,IoTPond2,0,23.6875,92.0,6.859999999999999,7.14444
2021-08-10 05:00:00,IoTpond1,6,23.6875,92.0,6.859999999999999,7.14444
2021-08-10 05:00:00,IoTPond4,2,24.3125,94.0,3.786,7.70733
2021-08-10 05:00:00,IoTPond7,4,24.625,35.0,12.83,7.17167
2021-08-10 05:00:00,IoTPond3,1,23.0,100.0,3.24,7.38957
2021-08-10 06:00:00,IoTpond1,6,23.625,92.0,7.1635,7.14444
2021-08-10 06:00:00,IoTPond4,2,24.1875,100.0,2.806,7.74819
2021-08-10 06:00:00,IoTPond3,1,23.0,100.0,4.896000000000001,7.39865
2021-08-10 06:00:00,IoTPond2,0,23.625,92.0,7.1635,7.14444
2021-08-10 06:00:00,IoTPond7,4,24.5625,35.0,10.793,7.17167
2021-08-10 07:00:00,IoTPond3,1,22.9375,100.0,4.766,7.41681
2021-08-10 07:00:00,IoTPond2,0,23.625,89.0,6.793,7.14444
2021-08-10 07:00:00,IoTPond7,4,24.4375,35.0,12.948,7.17621
2021-08-10 07:00:00,IoTpond1,6,23.625,89.0,6.793,7.14444
2021-08-10 07:00:00,IoTPond4,2,24.1875,100.0,2.713,7.76634
2021-08-10 08:00:00,IoTPond4,2,24.125,100.0,2.823,7.72095
2021-08-10 08:00:00,IoTpond1,6,23.5625,86.0,7.7975,7.1399
2021-08-10 08:00:00,IoTPond7,4,24.5625,34.0,12.712,7.17621
2021-08-10 08:00:00,IoTPond2,0,23.5625,86.0,7.7975,7.1399
2021-08-10 08:00:00,IoTPond3,1,22.9375,100.0,3.68,7.41681
2021-08-10 09:00:00,IoTpond1,6,23.625,86.0,7.132,7.13536
2021-08-10 09:00:00,IoTPond7,4,24.6875,34.0,12.5555,7.164865000000001
2021-08-10 09:00:00,IoTPond2,0,23.625,86.0,7.132,7.13536
2021-08-10 09:00:00,IoTPond3,1,22.9375,100.0,5.08,7.44858
2021-08-10 09:00:00,IoTPond4,2,24.1875,100.0,4.2595,7.68009
2021-08-10 10:00:00,IoTPond3,1,23.0,100.0,5.08,7.4622
2021-08-10 10:00:00,IoTPond7,4,24.8125,35.0,12.822,7.1626
2021-08-10 10:00:00,IoTPond4,2,24.25,91.0,4.593500000000001,7.65059
2021-08-10 10:00:00,IoTPond2,0,23.6875,88.0,6.623,7.13082
2021-08-10 10:00:00,IoTpond1,6,23.6875,88.0,6.623,7.13082
2021-08-10 11:00:00,IoTPond2,0,23.75,91.0,5.749,7.12628
2021-08-10 11:00:00,IoTPond7,4,25.0,35.0,11.655,7.1626
2021-08-10 11:00:00,IoTpond1,6,23.75,91.0,5.749,7.12628
2021-08-10 11:00:00,IoTPond4,2,24.375,91.5,3.469,7.612
2021-08-10 11:00:00,IoTPond3,1,23.0625,100.0,5.08,7.49398
2021-08-10 12:00:00,IoTPond2,0,23.9375,91.0,3.9065000000000003,7.1172
2021-08-10 12:00:00,IoTPond7,4,25.3125,35.0,9.222999999999999,7.17167
2021-08-10 12:00:00,IoTpond1,6,23.9375,91.0,3.9065000000000003,7.1172
2021-08-10 12:00:00,IoTPond3,1,23.25,100.0,5.08,7.52121
2021-08-10 12:00:00,IoTPond4,2,24.5625,100.0,2.404,7.59838
2021-08-10 13:00:00,IoTPond4,2,24.625,100.0,4.454,7.60746
2021-08-10 13:00:00,IoTPond7,4,25.625,35.0,9.499,7.17621
2021-08-10 13:00:00,IoTpond1,6,24.0625,93.0,2.628,7.11266
2021-08-10 13:00:00,IoTPond2,0,24.0625,93.0,2.628,7.11266
2021-08-10 13:00:00,IoTPond3,1,23.3125,100.0,5.08,7.52121
2021-08-10 14:00:00,IoTPond3,1,23.375,100.0,5.08,7.49398
2021-08-10 14:00:00,IoTPond7,4,25.53125,35.0,11.261,7.17621
2021-08-10 14:00:00,IoTPond2,0,24.125,95.5,1.766,7.12174
2021-08-10 14:00:00,IoTpond1,6,24.125,95.5,1.766,7.12174
2021-08-10 14:00:00,IoTPond4,2,24.75,100.0,3.465,7.61654
2021-08-10 15:00:00,IoTPond3,1,23.4375,100.0,5.08,7.48944
2021-08-10 15:00:00,IoTPond4,2,24.75,92.0,3.482,7.6347
2021-08-10 15:00:00,IoTpond1,6,24.1875,95.0,2.214,7.12174
2021-08-10 15:00:00,IoTPond2,0,24.1875,95.0,2.214,7.12174
2021-08-10 15:00:00,IoTPond7,4,25.375,33.0,13.288,7.17167
2021-08-10 16:00:00,IoTpond1,6,24.1875,97.0,1.479,7.12628
2021-08-10 16:00:00,IoTPond7,4,25.28125,36.0,11.966000000000001,7.176209999999999
2021-08-10 16:00:00,IoTPond2,0,24.1875,97.0,1.479,7.12628
2021-08-10 16:00:00,IoTPond4,2,24.75,100.0,2.349,7.68009
2021-08-10 16:00:00,IoTPond3,1,23.4375,100.0,4.561,7.4849
2021-08-10 17:00:00,IoTPond3,1,23.4375,100.0,5.08,7.44858
2021-08-10 17:00:00,IoTPond6,3,23.6875,100.0,1.6915,6.82214
2021-08-10 17:00:00,IoTpond1,6,24.125,94.0,2.628,7.12628
2021-08-10 17:00:00,IoTPond7,4,25.125,33.5,11.7615,7.1693999999999996
2021-08-10 17:00:00,IoTPond4,2,24.6875,94.0,4.5595,7.72549
2021-08-10 17:00:00,IoTPond2,0,24.125,94.0,2.628,7.12628
2021-08-10 18:00:00,IoTPond4,2,24.625,100.0,4.006,7.73003
2021-08-10 18:00:00,IoTPond3,1,23.375,100.0,5.08,7.46674
2021-08-10 18:00:00,IoTpond1,6,24.0625,91.0,3.0,7.12628
2021-08-10 18:00:00,IoTPond2,0,24.0625,91.0,3.0,7.12628
2021-08-10 18:00:00,IoTPond6,3,23.6875,100.0,0.848,6.82214
2021-08-10 18:00:00,IoTPond7,4,25.0625,33.5,11.7575,7.17394
2021-08-10 19:00:00,IoTPond2,0,24.0625,94.0,2.573,7.12628
2021-08-10 19:00:00,IoTpond1,6,24.0625,94.0,2.573,7.12628
2021-08-10 19:00:00,IoTPond4,2,24.625,94.0,3.795,7.76634
2021-08-10 19:00:00,IoTPond3,1,23.375,100.0,5.08,7.45766
2021-08-10 19:00:00,IoTPond7,4,25.0625,35.0,12.038,7.17167
2021-08-10 20:00:00,IoTPond4,2,24.5625,93.0,3.626,7.75273
2021-08-10 20:00:00,IoTpond1,6,24.0,94.0,2.527,7.12628
2021-08-10 20:00:00,IoTPond7,4,25.0,35.0,12.2425,7.164865000000001
2021-08-10 20:00:00,IoTPond3,1,23.3125,100.0,5.08,7.44858
2021-08-10 20:00:00,IoTPond2,0,24.0,94.0,2.527,7.12628
2021-08-10 21:00:00,IoTPond7,4,24.9375,35.0,12.196,7.16713
2021-08-10 21:00:00,IoTPond3,1,23.3125,100.0,5.08,7.38957
2021-08-10 21:00:00,IoTPond4,2,24.5,94.0,3.972,7.74819
2021-08-10 21:00:00,IoTpond1,6,24.0,92.0,2.823,7.12628
2021-08-10 21:00:00,IoTPond2,0,24.0,92.0,2.823,7.12628
2021-08-10 22:00:00,IoTPond7,4,24.8125,35.0,12.221,7.16713
2021-08-10 22:00:00,IoTpond1,6,23.9375,93.0,2.919,7.12628
2021-08-10 22:00:00,IoTPond4,2,24.4375,93.0,5.168,7.75273
2021-08-10 22:00:00,IoTPond2,0,23.9375,93.0,2.919,7.12628
2021-08-10 22:00:00,IoTPond3,1,23.25,100.0,5.08,7.39411
2021-08-10 23:00:00,IoTpond1,6,23.875,93.0,2.472,7.12628
2021-08-10 23:00:00,IoTPond2,0,23.875,93.0,2.472,7.12628
2021-08-10 23:00:00,IoTPond4,2,24.375,94.0,4.783,7.74819
2021-08-10 23:00:00,IoTPond7,4,24.75,35.0,12.4285,7.16713
2021-08-10 23:00:00,IoTPond3,1,23.25,100.0,5.08,7.38957
2021-08-11 00:00:00,IoTPond3,1,23.1875,100.0,5.08,7.38957
2021-08-11 00:00:00,IoTpond1,6,23.875,92.0,2.9539999999999997,7.12628
2021-08-11 00:00:00,IoTPond4,2,24.3125,95.0,4.627000000000001,7.73911
2021-08-11 00:00:00,IoTPond2,0,23.875,92.0,2.9539999999999997,7.12628
2021-08-11 00:00:00,IoTPond7,4,24.6875,34.0,11.503,7.17167
2021-08-11 01:00:00,IoTpond1,6,23.8125,92.0,2.91,7.13082
2021-08-11 01:00:00,IoTPond3,1,23.1875,100.0,5.08,7.38957
2021-08-11 01:00:00,IoTPond4,2,24.25,100.0,4.783,7.71187
2021-08-11 01:00:00,IoTPond2,0,23.8125,92.0,2.91,7.13082
2021-08-11 01:00:00,IoTPond7,4,24.625,35.0,12.382,7.16713
2021-08-11 02:00:00,IoTPond4,2,24.25,95.0,5.198,7.72549
2021-08-11 02:00:00,IoTPond2,0,23.75,93.0,2.963,7.12628
2021-08-11 02:00:00,IoTPond3,1,23.125,100.0,5.08,7.38957
2021-08-11 02:00:00,IoTpond1,6,23.75,93.0,2.963,7.12628
2021-08-11 02:00:00,IoTPond7,4,24.5625,34.0,11.275,7.16713
2021-08-11 03:00:00,IoTpond1,6,23.75,94.0,2.4234999999999998,7.13082
2021-08-11 03:00:00,IoTPond4,2,24.1875,100.0,3.372,7.69371
2021-08-11 03:00:00,IoTPond2,0,23.75,94.0,2.4234999999999998,7.13082
2021-08-11 03:00:00,IoTPond7,4,24.5,34.0,12.45,7.16713
2021-08-11 03:00:00,IoTPond3,1,23.0625,100.0,5.08,7.38503
2021-08-11 04:00:00,IoTPond7,4,24.4375,35.0,12.543,7.16713
2021-08-11 04:00:00,IoTPond3,1,23.0625,100.0,5.08,7.37141
2021-08-11 04:00:00,IoTPond2,0,23.6875,94.0,2.785,7.13082
2021-08-11 04:00:00,IoTpond1,6,23.6875,94.0,2.785,7.13082
2021-08-11 04:00:00,IoTPond4,2,24.125,100.0,4.344,7.69825
2021-08-11 05:00:00,IoTPond7,4,24.375,34.0,11.866,7.16713
2021-08-11 05:00:00,IoTPond2,0,23.625,92.0,2.963,7.13082
2021-08-11 05:00:00,IoTPond3,1,23.0,100.0,5.08,7.36687
2021-08-11 05:00:00,IoTpond1,6,23.625,92.0,2.963,7.13082
2021-08-11 05:00:00,IoTPond4,2,24.0625,94.5,5.878,7.73003
2021-08-11 06:00:00,IoTPond3,1,22.9375,100.0,5.08,7.35552
2021-08-11 06:00:00,IoTPond7,4,24.3125,34.0,11.7015,7.17167
2021-08-11 06:00:00,IoTPond4,2,24.0,94.0,4.1155,7.74819
2021-08-11 06:00:00,IoTpond1,6,23.625,93.0,2.794,7.13082
2021-08-11 06:00:00,IoTPond2,0,23.625,93.0,2.794,7.13082
2021-08-11 07:00:00,IoTPond2,0,23.5625,94.0,2.4764999999999997,7.13082
2021-08-11 07:00:00,IoTPond3,1,22.875,100.0,5.08,7.36687
2021-08-11 07:00:00,IoTpond1,6,23.5625,94.0,2.4764999999999997,7.13082
2021-08-11 07:00:00,IoTPond7,4,24.25,34.0,11.389,7.17167
2021-08-11 07:00:00,IoTPond4,2,23.9375,96.0,4.427,7.73003
2021-08-11 08:00:00,IoTPond3,1,22.875,100.0,5.08,7.35779
2021-08-11 08:00:00,IoTpond1,6,23.5,95.0,2.294,7.12628
2021-08-11 08:00:00,IoTPond7,4,24.3125,34.5,11.9765,7.17621
2021-08-11 08:00:00,IoTPond4,2,23.9375,97.0,3.338,7.70279
2021-08-11 08:00:00,IoTPond2,0,23.5,95.0,2.294,7.12628
2021-08-11 09:00:00,IoTPond3,1,22.875,100.0,5.08,7.35779
2021-08-11 09:00:00,IoTPond2,0,23.5,94.0,2.892,7.13082
2021-08-11 09:00:00,IoTpond1,6,23.5,94.0,2.892,7.13082
2021-08-11 09:00:00,IoTPond7,4,24.3125,34.0,10.861,7.17167
2021-08-11 09:00:00,IoTPond4,2,23.9375,100.0,3.535,7.72095
2021-08-11 10:00:00,IoTPond2,0,23.5,92.0,2.91,7.12628
2021-08-11 10:00:00,IoTPond4,2,23.9375,100.0,3.811,7.72095
2021-08-11 10:00:00,IoTpond1,6,23.5,92.0,2.91,7.12628
2021-08-11 10:00:00,IoTPond3,1,22.875,100.0,5.08,7.36687
2021-08-11 10:00:00,IoTPond7,4,24.375,34.0,12.12,7.16713
2021-08-11 11:00:00,IoTPond4,2,23.9375,95.5,4.9305,7.68009
2021-08-11 11:00:00,IoTPond3,1,22.9375,100.0,5.08,7.35779
2021-08-11 11:00:00,IoTPond7,4,24.4375,34.0,12.2975,7.16713
2021-08-11 11:00:00,IoTpond1,6,23.5625,92.0,3.677,7.12628
2021-08-11 11:00:00,IoTPond2,0,23.5625,92.0,3.677,7.12628
2021-08-11 12:00:00,IoTPond3,1,22.9375,100.0,5.08,7.37141
2021-08-11 12:00:00,IoTPond2,0,23.625,92.0,3.311,7.12174
2021-08-11 12:00:00,IoTPond7,4,24.5625,34.0,12.391,7.1626
2021-08-11 12:00:00,IoTpond1,6,23.625,92.0,3.311,7.12174
2021-08-11 12:00:00,IoTPond6,3,23.1875,100.0,6.382,6.78128
2021-08-11 12:00:00,IoTPond4,2,24.0,96.0,5.109,7.632429999999999
2021-08-11 13:00:00,IoTPond7,4,24.5625,34.0,12.0145,7.15806
2021-08-11 13:00:00,IoTPond4,2,24.0625,98.0,4.564,7.63016
2021-08-11 13:00:00,IoTPond3,1,23.0,100.0,5.08,7.37141
2021-08-11 13:00:00,IoTpond1,6,23.6875,91.0,3.401,7.12174
2021-08-11 13:00:00,IoTPond2,0,23.6875,91.0,3.401,7.12174
2021-08-11 14:00:00,IoTPond7,4,24.75,34.0,12.289,7.15806
2021-08-11 14:00:00,IoTpond1,6,23.8125,89.0,4.008,7.12174
2021-08-11 14:00:00,IoTPond2,0,23.8125,89.0,4.008,7.12174
2021-08-11 14:00:00,IoTPond4,2,24.125,98.0,5.122,7.63016
2021-08-11 14:00:00,IoTPond3,1,23.0,100.0,5.08,7.39411
2021-08-11 15:00:00,IoTPond2,0,23.9375,90.0,3.606,7.12174
2021-08-11 15:00:00,IoTPond6,3,23.25,100.0,10.23,6.79944
2021-08-11 15:00:00,IoTpond1,6,23.9375,90.0,3.606,7.12174
2021-08-11 15:00:00,IoTPond4,2,24.1875,100.0,1.9009999999999998,7.61654
2021-08-11 15:00:00,IoTPond7,4,24.625,34.0,12.915,7.15806
2021-08-11 15:00:00,IoTPond3,1,23.0,100.0,5.08,7.38957
2021-08-11 16:00:00,IoTpond1,6,23.9375,91.0,3.133,7.12174
2021-08-11 16:00:00,IoTPond7,4,24.625,34.0,12.1665,7.16713
2021-08-11 16:00:00,IoTPond2,0,23.9375,91.0,3.133,7.12174
2021-08-11 16:00:00,IoTPond3,1,23.0,100.0,5.08,7.38503
2021-08-11 16:00:00,IoTPond4,2,24.1875,98.0,4.471,7.72549
2021-08-11 17:00:00,IoTPond3,1,22.9375,100.0,5.08,7.38957
2021-08-11 17:00:00,IoTPond7,4,24.3125,34.0,11.926,7.17621
2021-08-11 17:00:00,IoTpond1,6,23.8125,91.0,3.481,7.13082
2021-08-11 17:00:00,IoTPond4,2,24.125,100.0,4.031,7.73003
2021-08-11 17:00:00,IoTPond2,0,23.8125,91.0,3.481,7.13082
2021-08-11 18:00:00,IoTPond7,4,24.1875,34.0,11.440000000000001,7.17621
2021-08-11 18:00:00,IoTPond2,0,23.6875,92.0,2.9764999999999997,7.13082
2021-08-11 18:00:00,IoTPond4,2,24.0,97.0,6.457,7.81174
2021-08-11 18:00:00,IoTpond1,6,23.6875,92.0,2.9764999999999997,7.13082
2021-08-11 18:00:00,IoTPond3,1,22.875,100.0,5.08,7.38957
2021-08-11 19:00:00,IoTPond4,2,23.875,100.0,4.57,7.804930000000001
2021-08-11 19:00:00,IoTPond3,1,22.75,100.0,5.08,7.35325
2021-08-11 19:00:00,IoTpond1,6,23.5625,91.0,3.195,7.13082
2021-08-11 19:00:00,IoTPond2,0,23.5625,91.0,3.195,7.13082
2021-08-11 19:00:00,IoTPond7,4,24.0625,34.0,12.060500000000001,7.17621
2021-08-11 20:00:00,IoTpond1,6,23.4375,92.0,2.678,7.12628
2021-08-11 20:00:00,IoTPond2,0,23.4375,92.0,2.678,7.12628
2021-08-11 20:00:00,IoTPond4,2,23.8125,97.0,5.2755,7.80266
2021-08-11 20:00:00,IoTPond7,4,24.0625,34.0,12.331,7.17167
2021-08-11 20:00:00,IoTPond3,1,22.625,100.0,5.08,7.34871
2021-08-11 21:00:00,IoTPond3,1,22.5625,100.0,5.08,7.33963
2021-08-11 21:00:00,IoTPond6,3,22.75,100.0,4.997,6.79263
2021-08-11 21:00:00,IoTPond7,4,24.0,34.0,11.265,7.1626
2021-08-11 21:00:00,IoTPond4,2,23.75,100.0,3.383,7.80266
2021-08-11 21:00:00,IoTPond2,0,23.375,93.0,2.838,7.13082
2021-08-11 21:00:00,IoTpond1,6,23.375,93.0,2.838,7.13082
2021-08-11 22:00:00,IoTPond2,0,23.3125,92.0,2.963,7.12628
2021-08-11 22:00:00,IoTPond7,4,23.9375,34.0,12.9215,7.16713
2021-08-11 22:00:00,IoTPond3,1,22.5,100.0,5.08,7.31694
2021-08-11 22:00:00,IoTpond1,6,23.3125,92.0,2.963,7.12628
2021-08-11 22:00:00,IoTPond4,2,23.6875,98.0,3.66,7.83898
2021-08-11 23:00:00,IoTPond7,4,23.875,34.0,12.725,7.16713
2021-08-11 23:00:00,IoTPond3,1,22.5,100.0,5.08,7.31921
2021-08-11 23:00:00,IoTPond4,2,23.59375,100.0,2.932,7.83444
2021-08-11 23:00:00,IoTpond1,6,23.25,91.0,2.941,7.12628
2021-08-11 23:00:00,IoTPond2,0,23.25,91.0,2.941,7.12628
2021-08-12 00:00:00,IoTPond2,0,23.25,91.0,3.1285,7.12628
2021-08-12 00:00:00,IoTPond3,1,22.4375,100.0,5.08,7.32602
2021-08-12 00:00:00,IoTPond7,4,23.8125,34.0,12.605,7.16713
2021-08-12 00:00:00,IoTPond4,2,23.5625,95.0,4.922499999999999,7.82536
2021-08-12 00:00:00,IoTpond1,6,23.25,91.0,3.1285,7.12628
2021-08-12 01:00:00,IoTPond4,2,23.5,97.0,5.079,7.89799
2021-08-12 01:00:00,IoTPond7,4,23.875,34.0,10.6675,7.1626
2021-08-12 01:00:00,IoTpond1,6,23.1875,92.0,2.928,7.12628
2021-08-12 01:00:00,IoTPond3,1,22.4375,100.0,5.08,7.30786
2021-08-12 01:00:00,IoTPond2,0,23.1875,92.0,2.928,7.12628
2021-08-12 02:00:00,IoTpond1,6,23.1875,93.0,2.383,7.12628
2021-08-12 02:00:00,IoTPond3,1,22.4375,100.0,5.08,7.31694
2021-08-12 02:00:00,IoTPond4,2,23.5,97.0,4.7219999999999995,7.89118
2021-08-12 02:00:00,IoTPond2,0,23.1875,93.0,2.383,7.12628
2021-08-12 02:00:00,IoTPond7,4,23.8125,34.0,12.5465,7.16713
2021-08-12 03:00:00,IoTPond3,1,22.4375,100.0,5.08,7.31694
2021-08-12 03:00:00,IoTPond2,0,23.1875,93.0,2.49,7.12628
2021-08-12 03:00:00,IoTPond7,4,23.8125,34.0,12.734,7.16713
2021-08-12 03:00:00,IoTpond1,6,23.1875,93.0,2.49,7.12628
2021-08-12 03:00:00,IoTPond4,2,23.5,96.0,5.258,7.86621
2021-08-12 04:00:00,IoTPond3,1,22.4375,100.0,5.08,7.3124
2021-08-12 04:00:00,IoTpond1,6,23.1875,93.0,2.8070000000000004,7.12628
2021-08-12 04:00:00,IoTPond7,4,23.8125,34.0,12.77,7.17167
2021-08-12 04:00:00,IoTPond2,0,23.1875,93.0,2.8070000000000004,7.12628
2021-08-12 04:00:00,IoTPond4,2,23.4375,100.0,6.373,7.84805
2021-08-12 05:00:00,IoTPond3,1,22.375,100.0,5.08,7.30786
2021-08-12 05:00:00,IoTPond7,4,23.6875,35.0,12.6045,7.17167
2021-08-12 05:00:00,IoTPond4,2,23.4375,100.0,3.311,7.86621
2021-08-12 05:00:00,IoTpond1,6,23.125,93.0,2.615,7.12628
2021-08-12 05:00:00,IoTPond2,0,23.125,93.0,2.615,7.12628
2021-08-12 06:00:00,IoTPond3,1,22.375,100.0,5.08,7.30786
2021-08-12 06:00:00,IoTPond4,2,23.375,98.0,5.882,7.85259
2021-08-12 06:00:00,IoTpond1,6,23.0625,91.0,3.0615,7.13082
2021-08-12 06:00:00,IoTPond7,4,23.625,35.0,11.756,7.17167
2021-08-12 06:00:00,IoTPond2,0,23.0625,91.0,3.0615,7.13082
2021-08-12 07:00:00,IoTPond4,2,23.3125,98.0,4.704,7.87075
2021-08-12 07:00:00,IoTPond3,1,22.3125,100.0,5.08,7.32148
2021-08-12 07:00:00,IoTPond7,4,23.625,34.0,12.015,7.17167
2021-08-12 07:00:00,IoTpond1,6,23.0625,93.0,2.535,7.12628
2021-08-12 07:00:00,IoTPond2,0,23.0625,93.0,2.535,7.12628
2021-08-12 08:00:00,IoTPond3,1,22.3125,100.0,5.08,7.31694
2021-08-12 08:00:00,IoTPond4,2,23.3125,98.0,3.3025,7.85713
2021-08-12 08:00:00,IoTPond7,4,23.625,34.0,12.48,7.16713
2021-08-12 08:00:00,IoTpond1,6,23.0625,94.0,2.24,7.12628
2021-08-12 08:00:00,IoTPond2,0,23.0625,94.0,2.24,7.12628
2021-08-12 09:00:00,IoTPond2,0,23.0625,94.0,2.285,7.12628
2021-08-12 09:00:00,IoTPond7,4,23.75,34.0,12.024,7.16713
2021-08-12 09:00:00,IoTpond1,6,23.0625,94.0,2.285,7.12628
2021-08-12 09:00:00,IoTPond4,2,23.375,100.0,1.7850000000000001,7.73911
2021-08-12 09:00:00,IoTPond3,1,22.375,100.0,5.08,7.33509
2021-08-12 10:00:00,IoTPond2,0,23.125,95.0,2.084,7.12628
2021-08-12 10:00:00,IoTPond4,2,23.375,100.0,2.472,7.70733
2021-08-12 10:00:00,IoTpond1,6,23.125,95.0,2.084,7.12628
2021-08-12 10:00:00,IoTPond3,1,22.375,100.0,5.08,7.32602
2021-08-12 10:00:00,IoTPond7,4,23.8125,34.0,12.024,7.1626
2021-08-12 11:00:00,IoTPond7,4,23.875,33.0,11.19,7.1626
2021-08-12 11:00:00,IoTpond1,6,23.125,95.0,2.249,7.12174
2021-08-12 11:00:00,IoTPond3,1,22.4375,100.0,5.08,7.28516
2021-08-12 11:00:00,IoTPond2,0,23.125,95.0,2.249,7.12174
2021-08-12 11:00:00,IoTPond4,2,23.375,97.0,5.811,7.68463
2021-08-12 12:00:00,IoTPond3,1,22.5,100.0,5.08,7.33963
2021-08-12 12:00:00,IoTPond2,0,23.25,94.0,2.249,7.1172
2021-08-12 12:00:00,IoTPond4,2,23.5,97.0,5.3245000000000005,7.63924
2021-08-12 12:00:00,IoTPond7,4,24.25,35.0,11.2285,7.15579
2021-08-12 12:00:00,IoTpond1,6,23.25,94.0,2.249,7.1172
2021-08-12 13:00:00,IoTPond3,1,22.625,100.0,5.08,7.43042
2021-08-12 13:00:00,IoTPond4,2,23.8125,97.0,6.775,7.58023
2021-08-12 13:00:00,IoTPond2,0,23.375,93.0,2.544,7.10812
2021-08-12 13:00:00,IoTpond1,6,23.375,93.0,2.544,7.10812
2021-08-12 14:00:00,IoTPond2,0,23.5625,93.0,2.8245,7.10812
2021-08-12 14:00:00,IoTpond1,6,23.5625,93.0,2.8245,7.10812
2021-08-12 14:00:00,IoTPond7,4,25.0,31.0,3.187,7.1399
2021-08-12 14:00:00,IoTPond4,2,23.875,98.0,4.865,7.57569
2021-08-12 14:00:00,IoTPond3,1,22.8125,100.0,5.08,7.43496
2021-08-12 15:00:00,IoTpond1,6,23.625,92.0,2.981,7.10812
2021-08-12 15:00:00,IoTPond4,2,24.03125,97.0,5.971,7.5734200000000005
2021-08-12 15:00:00,IoTPond3,1,22.875,100.0,5.08,7.42134
2021-08-12 15:00:00,IoTPond2,0,23.625,92.0,2.981,7.10812
2021-08-12 15:00:00,IoTPond7,4,25.0,31.0,10.117,7.14898
2021-08-12 16:00:00,IoTPond7,4,25.0625,31.0,12.07,7.14898
2021-08-12 16:00:00,IoTpond1,6,23.75,91.0,3.079,7.10358
2021-08-12 16:00:00,IoTPond3,1,22.9375,100.0,5.08,7.39865
2021-08-12 16:00:00,IoTPond2,0,23.75,91.0,3.079,7.10358
2021-08-12 16:00:00,IoTPond4,2,24.0625,98.0,4.724,7.57115
2021-08-12 17:00:00,IoTPond2,0,23.8125,92.0,3.061,7.10812
2021-08-12 17:00:00,IoTPond4,2,24.125,99.0,3.444,7.57569
2021-08-12 17:00:00,IoTPond7,4,25.0625,31.0,11.449,7.15806
2021-08-12 17:00:00,IoTpond1,6,23.8125,92.0,3.061,7.10812
2021-08-12 17:00:00,IoTPond3,1,23.0,100.0,5.08,7.38957
2021-08-12 18:00:00,IoTPond4,2,24.125,93.0,7.683,7.59384
2021-08-12 18:00:00,IoTPond7,4,24.625,32.0,12.564,7.1626
2021-08-12 18:00:00,IoTpond1,6,23.75,93.0,2.9675000000000002,7.11266
2021-08-12 18:00:00,IoTPond6,3,23.25,100.0,13.774,6.75858
2021-08-12 18:00:00,IoTPond3,1,23.0,100.0,5.08,7.35779
2021-08-12 18:00:00,IoTPond2,0,23.75,93.0,2.9675000000000002,7.11266
2021-08-12 19:00:00,IoTPond7,4,24.5,32.0,12.543,7.1626
2021-08-12 19:00:00,IoTPond3,1,23.0,100.0,5.08,7.32602
2021-08-12 19:00:00,IoTpond1,6,23.75,93.0,2.865,7.11266
2021-08-12 19:00:00,IoTPond2,0,23.75,93.0,2.865,7.11266
2021-08-12 19:00:00,IoTPond4,2,24.125,98.0,5.43,7.60292
2021-08-12 20:00:00,IoTPond7,4,24.3125,32.0,12.479,7.15352
2021-08-12 20:00:00,IoTpond1,6,23.6875,93.0,3.2,7.11266
2021-08-12 20:00:00,IoTPond3,1,23.0,100.0,5.08,7.31694
2021-08-12 20:00:00,IoTPond4,2,24.0625,100.0,2.307,7.612
2021-08-12 20:00:00,IoTPond2,0,23.6875,93.0,3.2,7.11266
2021-08-12 21:00:00,IoTPond4,2,24.0,98.0,6.25,7.62108
2021-08-12 21:00:00,IoTPond7,4,24.25,32.0,12.044,7.15352
2021-08-12 21:00:00,IoTPond3,1,22.9375,100.0,5.08,7.32148
2021-08-12 21:00:00,IoTPond2,0,23.6875,93.0,2.615,7.11266
2021-08-12 21:00:00,IoTpond1,6,23.6875,93.0,2.615,7.11266
2021-08-12 22:00:00,IoTPond3,1,22.9375,100.0,5.08,7.31921
2021-08-12 22:00:00,IoTPond2,0,23.625,95.0,2.776,7.11266
2021-08-12 22:00:00,IoTPond7,4,24.1875,32.0,10.962,7.14898
2021-08-12 22:00:00,IoTPond4,2,23.9375,99.0,5.443,7.64832
2021-08-12 22:00:00,IoTpond1,6,23.625,95.0,2.776,7.11266
2021-08-12 23:00:00,IoTPond7,4,24.0625,32.0,11.782,7.14444
2021-08-12 23:00:00,IoTPond4,2,23.9375,98.0,7.204,7.64832
2021-08-12 23:00:00,IoTPond2,0,23.625,94.0,3.026,7.11266
2021-08-12 23:00:00,IoTpond1,6,23.625,94.0,3.026,7.11266
2021-08-12 23:00:00,IoTPond3,1,22.9375,100.0,5.08,7.2897
2021-08-13 00:00:00,IoTpond1,6,23.5625,94.0,2.972,7.11266
2021-08-13 00:00:00,IoTPond2,0,23.5625,94.0,2.972,7.11266
2021-08-13 00:00:00,IoTPond4,2,23.875,100.0,4.168,7.66648
2021-08-13 00:00:00,IoTPond7,4,24.125,32.0,11.621500000000001,7.14444
2021-08-13 00:00:00,IoTPond3,1,22.875,100.0,5.08,7.2897
2021-08-13 01:00:00,IoTPond4,2,23.8125,99.0,5.543,7.66648
2021-08-13 01:00:00,IoTPond2,0,23.5625,92.0,3.213,7.11266
2021-08-13 01:00:00,IoTPond3,1,22.875,100.0,5.08,7.31694
2021-08-13 01:00:00,IoTpond1,6,23.5625,92.0,3.213,7.11266
2021-08-13 01:00:00,IoTPond7,4,24.125,31.0,11.74,7.14444
2021-08-13 02:00:00,IoTPond7,4,24.125,32.0,11.461,7.14444
2021-08-13 02:00:00,IoTPond4,2,23.8125,99.0,3.802,7.67102
2021-08-13 02:00:00,IoTPond2,0,23.5625,93.0,3.061,7.11266
2021-08-13 02:00:00,IoTPond3,1,22.875,100.0,5.08,7.30105
2021-08-13 02:00:00,IoTpond1,6,23.5625,93.0,3.061,7.11266
2021-08-13 03:00:00,IoTPond3,1,22.8125,100.0,5.08,7.3124
2021-08-13 03:00:00,IoTPond6,3,22.9375,100.0,6.3605,6.73362
2021-08-13 03:00:00,IoTPond7,4,24.0,32.0,11.6975,7.14898
2021-08-13 03:00:00,IoTPond4,2,23.78125,98.0,5.5475,7.6574
2021-08-13 03:00:00,IoTpond1,6,23.5,93.0,3.419,7.11266
2021-08-13 03:00:00,IoTPond2,0,23.5,93.0,3.419,7.11266
2021-08-13 04:00:00,IoTPond4,2,23.75,98.0,5.9895,7.64832
2021-08-13 04:00:00,IoTPond7,4,23.875,32.0,11.024,7.14898
2021-08-13 04:00:00,IoTPond3,1,22.8125,100.0,5.08,7.32148
2021-08-13 04:00:00,IoTpond1,6,23.4375,93.0,3.2889999999999997,7.11266
2021-08-13 04:00:00,IoTPond2,0,23.4375,93.0,3.2889999999999997,7.11266
2021-08-13 05:00:00,IoTPond2,0,23.375,93.0,3.169,7.11266
2021-08-13 05:00:00,IoTpond1,6,23.375,93.0,3.169,7.11266
2021-08-13 05:00:00,IoTPond4,2,23.625,99.0,3.436,7.6347
2021-08-13 05:00:00,IoTPond7,4,23.8125,31.0,11.426,7.14444
2021-08-13 05:00:00,IoTPond3,1,22.75,100.0,5.08,7.34417
2021-08-13 06:00:00,IoTPond7,4,23.6875,32.0,11.837,7.14444
2021-08-13 06:00:00,IoTpond1,6,23.3125,92.0,3.963,7.11266
2021-08-13 06:00:00,IoTPond4,2,23.5625,99.0,3.035,7.63016
2021-08-13 06:00:00,IoTPond2,0,23.3125,92.0,3.963,7.11266
2021-08-13 06:00:00,IoTPond3,1,22.6875,100.0,5.08,7.34417
2021-08-13 07:00:00,IoTPond4,2,23.5625,99.0,3.017,7.63016
2021-08-13 07:00:00,IoTPond3,1,22.625,100.0,5.08,7.36233
2021-08-13 07:00:00,IoTpond1,6,23.25,92.0,3.66,7.11266
2021-08-13 07:00:00,IoTPond7,4,23.6875,32.0,12.417000000000002,7.1399
2021-08-13 07:00:00,IoTPond2,0,23.25,92.0,3.66,7.11266
2021-08-13 07:00:00,IoTPond6,3,22.75,100.0,1.642,6.71773
2021-08-13 08:00:00,IoTpond1,6,23.25,93.0,3.41,7.11266
2021-08-13 08:00:00,IoTPond2,0,23.25,93.0,3.41,7.11266
2021-08-13 08:00:00,IoTPond4,2,23.5625,100.0,2.356,7.612
2021-08-13 08:00:00,IoTPond3,1,22.625,100.0,5.08,7.35779
2021-08-13 08:00:00,IoTPond7,4,23.875,32.0,11.939499999999999,7.13082
2021-08-13 09:00:00,IoTPond3,1,22.625,100.0,5.08,7.36687
2021-08-13 09:00:00,IoTPond2,0,23.3125,92.0,3.383,7.10812
2021-08-13 09:00:00,IoTPond7,4,23.9375,32.0,11.899999999999999,7.12628
2021-08-13 09:00:00,IoTpond1,6,23.3125,92.0,3.383,7.10812
2021-08-13 09:00:00,IoTPond4,2,23.5625,98.0,6.4985,7.59838
2021-08-13 10:00:00,IoTPond3,1,22.75,100.0,5.08,7.37595
2021-08-13 10:00:00,IoTpond1,6,23.4375,92.0,4.07,7.09904
2021-08-13 10:00:00,IoTPond7,4,24.25,32.0,10.7975,7.12174
2021-08-13 10:00:00,IoTPond2,0,23.4375,92.0,4.07,7.09904
2021-08-13 10:00:00,IoTPond4,2,23.75,98.0,6.329,7.56207
2021-08-13 11:00:00,IoTPond7,4,25.0625,32.0,8.533999999999999,7.11266
2021-08-13 11:00:00,IoTpond1,6,23.75,92.0,3.856,7.09904
2021-08-13 11:00:00,IoTPond2,0,23.75,92.0,3.856,7.09904
2021-08-13 11:00:00,IoTPond4,2,23.9375,99.0,4.597,7.54391
2021-08-13 11:00:00,IoTPond3,1,23.0,100.0,5.08,7.39411
2021-08-13 12:00:00,IoTPond7,4,25.25,32.0,4.393000000000001,7.12628
2021-08-13 12:00:00,IoTpond1,6,23.9375,91.0,6.0655,7.09904
2021-08-13 12:00:00,IoTPond3,1,23.1875,100.0,5.08,7.33963
2021-08-13 12:00:00,IoTPond2,0,23.9375,91.0,6.0655,7.09904
2021-08-13 12:00:00,IoTPond4,2,24.1875,99.0,4.648,7.53937
2021-08-13 13:00:00,IoTPond2,0,24.0625,92.0,4.9015,7.09904
2021-08-13 13:00:00,IoTPond7,4,25.4375,32.0,4.712999999999999,7.13082
2021-08-13 13:00:00,IoTpond1,6,24.0625,92.0,4.9015,7.09904
2021-08-13 13:00:00,IoTPond4,2,24.375,99.0,4.073,7.53937
2021-08-13 13:00:00,IoTPond3,1,23.25,100.0,5.08,7.29424
2021-08-13 14:00:00,IoTPond4,2,24.5625,100.0,1.952,7.53937
2021-08-13 14:00:00,IoTPond3,1,23.375,100.0,5.08,7.28516
2021-08-13 14:00:00,IoTpond1,6,24.1875,92.0,4.454,7.09904
2021-08-13 14:00:00,IoTPond2,0,24.1875,92.0,4.454,7.09904
2021-08-13 14:00:00,IoTPond7,4,25.75,33.0,6.567,7.13082
2021-08-13 15:00:00,IoTPond4,2,24.6875,99.0,4.234,7.53937
2021-08-13 15:00:00,IoTPond2,0,24.3125,92.0,4.192,7.0945
2021-08-13 15:00:00,IoTPond7,4,25.9375,33.0,9.511,7.1399
2021-08-13 15:00:00,IoTPond3,1,23.5,100.0,5.08,7.24431
2021-08-13 15:00:00,IoTpond1,6,24.3125,92.0,4.192,7.0945
2021-08-13 16:00:00,IoTPond4,2,24.8125,99.0,3.575,7.53937
2021-08-13 16:00:00,IoTPond6,3,23.9375,100.0,2.472,6.77674
2021-08-13 16:00:00,IoTPond3,1,23.625,100.0,5.08,7.32148
2021-08-13 16:00:00,IoTPond2,0,24.4375,93.0,3.9465000000000003,7.08996
2021-08-13 16:00:00,IoTpond1,6,24.4375,93.0,3.9465000000000003,7.08996
2021-08-13 16:00:00,IoTPond7,4,26.0625,33.0,10.8475,7.1399
2021-08-13 17:00:00,IoTPond7,4,26.0,33.0,11.5095,7.12401
2021-08-13 17:00:00,IoTPond3,1,23.75,100.0,5.08,7.38503
2021-08-13 17:00:00,IoTPond6,3,24.0,100.0,0.752,6.77674
2021-08-13 17:00:00,IoTpond1,6,24.5625,93.0,3.947,7.08996
2021-08-13 17:00:00,IoTPond4,2,24.875,99.0,3.786,7.53483
2021-08-13 17:00:00,IoTPond2,0,24.5625,93.0,3.947,7.08996
2021-08-13 18:00:00,IoTPond7,4,25.625,33.0,12.703,7.13082
2021-08-13 18:00:00,IoTPond4,2,24.9375,97.5,3.6980000000000004,7.53937
2021-08-13 18:00:00,IoTPond2,0,24.625,92.0,4.116,7.0945
2021-08-13 18:00:00,IoTPond3,1,23.8125,100.0,5.08,7.31694
2021-08-13 18:00:00,IoTpond1,6,24.625,92.0,4.116,7.0945
2021-08-13 19:00:00,IoTPond4,2,24.9375,99.0,6.465,7.54845
2021-08-13 19:00:00,IoTPond3,1,23.8125,100.0,5.08,7.24431
2021-08-13 19:00:00,IoTpond1,6,24.625,92.0,4.302,7.09904
2021-08-13 19:00:00,IoTPond2,0,24.625,92.0,4.302,7.09904
2021-08-13 19:00:00,IoTPond7,4,25.4375,33.0,12.495,7.13082
2021-08-13 20:00:00,IoTPond7,4,25.3125,32.0,12.4305,7.12628
2021-08-13 20:00:00,IoTPond4,2,24.9375,99.0,5.8865,7.54845
2021-08-13 20:00:00,IoTPond2,0,24.625,91.0,4.631,7.09904
2021-08-13 20:00:00,IoTPond3,1,23.8125,100.0,5.08,7.27608
2021-08-13 20:00:00,IoTpond1,6,24.625,91.0,4.631,7.09904
2021-08-13 21:00:00,IoTpond1,6,24.5625,90.0,4.691,7.09904
2021-08-13 21:00:00,IoTPond4,2,24.875,99.0,4.4835,7.56207
2021-08-13 21:00:00,IoTPond2,0,24.5625,90.0,4.691,7.09904
2021-08-13 21:00:00,IoTPond3,1,23.75,100.0,5.08,7.29424
2021-08-13 21:00:00,IoTPond7,4,25.25,32.0,13.055,7.12174
2021-08-13 22:00:00,IoTPond4,2,24.875,100.0,2.814,7.57569
2021-08-13 22:00:00,IoTPond3,1,23.75,100.0,5.08,7.27608
2021-08-13 22:00:00,IoTPond2,0,24.5625,92.0,3.981,7.09904
2021-08-13 22:00:00,IoTPond7,4,25.1875,32.0,12.647,7.10812
2021-08-13 22:00:00,IoTpond1,6,24.5625,92.0,3.981,7.09904
2021-08-13 23:00:00,IoTPond4,2,24.8125,100.0,1.707,7.5893
2021-08-13 23:00:00,IoTPond2,0,24.5,92.5,3.841,7.09904
2021-08-13 23:00:00,IoTPond7,4,25.1875,32.0,12.735,7.10812
2021-08-13 23:00:00,IoTPond3,1,23.75,100.0,5.08,7.2897
2021-08-13 23:00:00,IoTpond1,6,24.5,92.5,3.841,7.09904
2021-08-14 00:00:00,IoTPond2,0,24.4375,93.0,3.693,7.09904
2021-08-14 00:00:00,IoTPond7,4,25.0,32.0,12.887,7.10812
2021-08-14 00:00:00,IoTPond3,1,23.6875,100.0,5.08,7.30786
2021-08-14 00:00:00,IoTPond4,2,24.75,100.0,2.8055000000000003,7.60519
2021-08-14 00:00:00,IoTPond6,3,23.8125,100.0,6.106,6.74043
2021-08-14 00:00:00,IoTpond1,6,24.4375,93.0,3.693,7.09904
2021-08-14 01:00:00,IoTpond1,6,24.375,92.0,4.783,7.09904
2021-08-14 01:00:00,IoTPond2,0,24.375,92.0,4.783,7.09904
2021-08-14 01:00:00,IoTPond7,4,24.9375,33.0,12.623,7.10812
2021-08-14 01:00:00,IoTPond3,1,23.625,100.0,5.08,7.32602
2021-08-14 01:00:00,IoTPond4,2,24.6875,100.0,1.927,7.59384
2021-08-14 02:00:00,IoTPond7,4,24.8125,33.0,12.678,7.10812
2021-08-14 02:00:00,IoTPond3,1,23.625,100.0,5.08,7.31694
2021-08-14 02:00:00,IoTPond2,0,24.3125,89.0,6.4275,7.09904
2021-08-14 02:00:00,IoTpond1,6,24.3125,89.0,6.4275,7.09904
2021-08-14 02:00:00,IoTPond4,2,24.625,100.0,2.535,7.59157
2021-08-14 03:00:00,IoTpond1,6,24.25,92.0,5.7135,7.09904
2021-08-14 03:00:00,IoTPond4,2,24.5625,98.0,6.381,7.59384
2021-08-14 03:00:00,IoTPond3,1,23.5625,100.0,5.08,7.30786
2021-08-14 03:00:00,IoTPond7,4,24.6875,32.5,13.1765,7.10812
2021-08-14 03:00:00,IoTPond2,0,24.25,92.0,5.7135,7.09904
2021-08-14 04:00:00,IoTPond4,2,24.5,99.0,4.606,7.59384
2021-08-14 04:00:00,IoTPond3,1,23.5,100.0,5.08,7.2897
2021-08-14 04:00:00,IoTpond1,6,24.1875,90.0,6.85,7.09904
2021-08-14 04:00:00,IoTPond7,4,24.625,33.0,11.072,7.10358
2021-08-14 04:00:00,IoTPond2,0,24.1875,90.0,6.85,7.09904
2021-08-14 05:00:00,IoTPond7,4,24.5,32.0,10.907,7.10358
2021-08-14 05:00:00,IoTpond1,6,24.125,90.0,6.694,7.09904
2021-08-14 05:00:00,IoTPond4,2,24.375,99.0,4.073,7.59384
2021-08-14 05:00:00,IoTPond2,0,24.125,90.0,6.694,7.09904
2021-08-14 05:00:00,IoTPond3,1,23.375,100.0,5.08,7.28516
2021-08-14 06:00:00,IoTPond4,2,24.3125,99.0,5.029,7.59838
2021-08-14 06:00:00,IoTPond2,0,24.0625,90.0,5.8865,7.09904
2021-08-14 06:00:00,IoTPond3,1,23.3125,100.0,5.08,7.3055900000000005
2021-08-14 06:00:00,IoTpond1,6,24.0625,90.0,5.8865,7.09904
2021-08-14 06:00:00,IoTPond7,4,24.5,33.0,11.562,7.10358
2021-08-14 07:00:00,IoTPond2,0,24.0,90.0,5.7595,7.09904
2021-08-14 07:00:00,IoTPond3,1,23.3125,100.0,5.08,7.30786
2021-08-14 07:00:00,IoTPond4,2,24.3125,99.0,4.623,7.5893
2021-08-14 07:00:00,IoTPond7,4,24.5,33.0,11.917,7.10358
2021-08-14 07:00:00,IoTpond1,6,24.0,90.0,5.7595,7.09904
2021-08-14 08:00:00,IoTPond7,4,24.5625,32.0,12.162,7.10358
2021-08-14 08:00:00,IoTPond2,0,24.0,93.0,5.079,7.09904
2021-08-14 08:00:00,IoTPond3,1,23.25,100.0,5.08,7.31013
2021-08-14 08:00:00,IoTPond4,2,24.25,100.0,2.4125,7.58023
2021-08-14 08:00:00,IoTpond1,6,24.0,93.0,5.079,7.09904
2021-08-14 09:00:00,IoTPond2,0,24.0,90.0,6.22,7.0945
2021-08-14 09:00:00,IoTPond4,2,24.25,100.0,3.245,7.56661
2021-08-14 09:00:00,IoTPond3,1,23.25,100.0,5.08,7.31694
2021-08-14 09:00:00,IoTpond1,6,24.0,90.0,6.22,7.0945
2021-08-14 09:00:00,IoTPond7,4,24.75,33.0,12.2005,7.09904
2021-08-14 10:00:00,IoTPond4,2,24.3125,100.0,2.78,7.56661
2021-08-14 10:00:00,IoTPond2,0,24.0625,87.0,7.965999999999999,7.0945
2021-08-14 10:00:00,IoTPond7,4,24.8125,33.0,11.757,7.09904
2021-08-14 10:00:00,IoTpond1,6,24.0625,87.0,7.965999999999999,7.0945
2021-08-14 10:00:00,IoTPond3,1,23.3125,100.0,5.08,7.32148
2021-08-14 11:00:00,IoTPond2,0,24.1875,89.0,6.635,7.08996
2021-08-14 11:00:00,IoTPond7,4,25.25,33.0,12.054,7.09904
2021-08-14 11:00:00,IoTPond4,2,24.5,99.0,3.025,7.54845
2021-08-14 11:00:00,IoTpond1,6,24.1875,89.0,6.635,7.08996
2021-08-14 11:00:00,IoTPond3,1,23.4375,100.0,5.08,7.34417
2021-08-14 12:00:00,IoTPond4,2,24.625,100.0,4.2,7.54391
2021-08-14 12:00:00,IoTPond2,0,24.375,92.0,4.04,7.08996
2021-08-14 12:00:00,IoTPond7,4,25.375,33.0,11.714,7.09904
2021-08-14 12:00:00,IoTPond3,1,23.5625,100.0,5.08,7.42134
2021-08-14 12:00:00,IoTpond1,6,24.375,92.0,4.04,7.08996
2021-08-14 13:00:00,IoTpond1,6,24.4375,89.0,4.141,7.08542
2021-08-14 13:00:00,IoTPond7,4,25.625,33.0,8.614,7.09904
2021-08-14 13:00:00,IoTPond4,2,24.75,99.0,3.8200000000000003,7.54391
2021-08-14 13:00:00,IoTPond3,1,23.625,100.0,5.08,7.43269
2021-08-14 13:00:00,IoTPond2,0,24.4375,89.0,4.141,7.08542
2021-08-14 14:00:00,IoTPond2,0,24.5625,91.0,3.469,7.08088
2021-08-14 14:00:00,IoTPond4,2,24.875,99.0,4.133,7.53937
2021-08-14 14:00:00,IoTPond3,1,23.6875,100.0,5.08,7.43496
2021-08-14 14:00:00,IoTPond7,4,25.875,34.0,7.919,7.09904
2021-08-14 14:00:00,IoTpond1,6,24.5625,91.0,3.469,7.08088
2021-08-14 15:00:00,IoTPond2,0,24.6875,94.0,3.085,7.07635
2021-08-14 15:00:00,IoTpond1,6,24.6875,94.0,3.085,7.07635
2021-08-14 15:00:00,IoTPond7,4,26.0,34.0,9.523,7.10812
2021-08-14 15:00:00,IoTPond4,2,25.0,99.0,3.7,7.53937
2021-08-14 15:00:00,IoTPond3,1,23.8125,100.0,5.08,7.43496
2021-08-14 16:00:00,IoTPond3,1,23.9375,100.0,5.08,7.44177
2021-08-14 16:00:00,IoTPond4,2,25.0625,99.0,3.656,7.54391
2021-08-14 16:00:00,IoTPond2,0,24.75,91.0,4.961,7.07181
2021-08-14 16:00:00,IoTPond7,4,26.25,33.0,11.057,7.10812
2021-08-14 16:00:00,IoTpond1,6,24.75,91.0,4.961,7.07181
2021-08-14 17:00:00,IoTPond3,1,24.0,100.0,5.08,7.45312
2021-08-14 17:00:00,IoTPond7,4,26.1875,33.0,11.628,7.11266
2021-08-14 17:00:00,IoTPond4,2,25.125,100.0,2.655,7.53937
2021-08-14 17:00:00,IoTPond2,0,24.875,92.0,4.023,7.07635
2021-08-14 17:00:00,IoTpond1,6,24.875,92.0,4.023,7.07635
2021-08-14 18:00:00,IoTPond4,2,25.1875,100.0,2.839,7.54845
2021-08-14 18:00:00,IoTPond7,4,26.0,33.0,11.513,7.11266
2021-08-14 18:00:00,IoTPond2,0,24.875,93.0,3.9299999999999997,7.078614999999999
2021-08-14 18:00:00,IoTPond3,1,24.0625,100.0,5.08,7.39865
2021-08-14 18:00:00,IoTpond1,6,24.875,93.0,3.9299999999999997,7.078614999999999
2021-08-14 19:00:00,IoTPond3,1,24.0625,100.0,5.08,7.27154
2021-08-14 19:00:00,IoTPond7,4,25.6875,33.0,12.07,7.10358
2021-08-14 19:00:00,IoTpond1,6,24.875,94.5,2.8605,7.08315
2021-08-14 19:00:00,IoTPond2,0,24.875,94.5,2.8605,7.08315
2021-08-14 19:00:00,IoTPond4,2,25.125,100.0,2.643,7.55753
2021-08-14 20:00:00,IoTpond1,6,24.875,95.0,2.6029999999999998,7.08542
2021-08-14 20:00:00,IoTPond7,4,25.5625,33.0,11.958,7.10358
2021-08-14 20:00:00,IoTPond2,0,24.875,95.0,2.6029999999999998,7.08542
2021-08-14 20:00:00,IoTPond4,2,25.125,100.0,2.939,7.55753
2021-08-14 20:00:00,IoTPond3,1,24.0625,100.0,5.08,7.31694
2021-08-14 21:00:00,IoTPond7,4,25.3125,33.0,11.63,7.09904
2021-08-14 21:00:00,IoTPond2,0,24.8125,94.0,2.975,7.08542
2021-08-14 21:00:00,IoTPond3,1,24.0,100.0,5.08,7.32602
2021-08-14 21:00:00,IoTPond4,2,25.0625,100.0,3.019,7.56207
2021-08-14 21:00:00,IoTpond1,6,24.8125,94.0,2.975,7.08542
2021-08-14 22:00:00,IoTPond4,2,25.0,98.0,4.116,7.56661
2021-08-14 22:00:00,IoTPond2,0,24.8125,94.0,2.975,7.08542
2021-08-14 22:00:00,IoTPond7,4,25.3125,33.0,12.046,7.09904
2021-08-14 22:00:00,IoTpond1,6,24.8125,94.0,2.975,7.08542
2021-08-14 22:00:00,IoTPond3,1,24.0,100.0,5.08,7.31694
2021-08-14 23:00:00,IoTPond4,2,24.9375,100.0,2.8185000000000002,7.58023
2021-08-14 23:00:00,IoTpond1,6,24.6875,90.0,6.33,7.08542
2021-08-14 23:00:00,IoTPond2,0,24.6875,90.0,6.33,7.08542
2021-08-14 23:00:00,IoTPond7,4,25.25,33.0,11.978,7.09904
2021-08-14 23:00:00,IoTPond3,1,23.9375,100.0,5.08,7.30786
2021-08-14 23:00:00,IoTPond6,3,24.0625,100.0,8.997,6.79036
2021-08-15 00:00:00,IoTPond7,4,25.25,33.0,11.722000000000001,7.0945
2021-08-15 00:00:00,IoTPond2,0,24.6875,93.0,4.547,7.08542
2021-08-15 00:00:00,IoTpond1,6,24.6875,93.0,4.547,7.08542
2021-08-15 00:00:00,IoTPond3,1,23.875,100.0,5.08,7.29878
2021-08-15 00:00:00,IoTPond4,2,24.875,100.0,2.552,7.58023
2021-08-15 01:00:00,IoTPond7,4,25.0625,33.0,12.415,7.0945
2021-08-15 01:00:00,IoTPond2,0,24.625,91.0,5.231,7.08996
2021-08-15 01:00:00,IoTpond1,6,24.625,91.0,5.231,7.08996
2021-08-15 01:00:00,IoTPond6,3,23.9375,100.0,0.6114999999999999,6.78355
2021-08-15 01:00:00,IoTPond3,1,23.875,100.0,5.08,7.2897
2021-08-15 01:00:00,IoTPond4,2,24.8125,98.0,3.5365,7.58023
2021-08-15 02:00:00,IoTPond4,2,24.75,99.0,4.564,7.59384
2021-08-15 02:00:00,IoTPond6,3,23.9375,100.0,1.106,6.77674
2021-08-15 02:00:00,IoTPond7,4,24.9375,33.0,13.066500000000001,7.0945
2021-08-15 02:00:00,IoTPond2,0,24.5,89.0,7.708,7.08996
2021-08-15 02:00:00,IoTPond3,1,23.75,100.0,5.08,7.29424
2021-08-15 02:00:00,IoTpond1,6,24.5,89.0,7.708,7.08996
2021-08-15 03:00:00,IoTPond2,0,24.4375,91.0,5.806,7.08996
2021-08-15 03:00:00,IoTPond3,1,23.6875,100.0,5.08,7.29424
2021-08-15 03:00:00,IoTpond1,6,24.4375,91.0,5.806,7.08996
2021-08-15 03:00:00,IoTPond6,3,23.8125,100.0,1.785,6.76312
2021-08-15 03:00:00,IoTPond7,4,24.8125,33.0,12.369,7.0945
2021-08-15 03:00:00,IoTPond4,2,24.6875,98.0,3.837,7.612
2021-08-15 04:00:00,IoTpond1,6,24.375,90.0,6.077,7.08996
2021-08-15 04:00:00,IoTPond6,3,23.75,100.0,1.91,6.75858
2021-08-15 04:00:00,IoTPond3,1,23.625,100.0,5.08,7.2897
2021-08-15 04:00:00,IoTPond7,4,24.625,33.0,12.72,7.0945
2021-08-15 04:00:00,IoTPond2,0,24.375,90.0,6.077,7.08996
2021-08-15 04:00:00,IoTPond4,2,24.625,99.0,3.8245,7.62108
2021-08-15 05:00:00,IoTPond6,3,23.6875,100.0,2.249,6.7495
2021-08-15 05:00:00,IoTPond4,2,24.5,99.0,3.161,7.60746
2021-08-15 05:00:00,IoTPond3,1,23.5625,100.0,5.08,7.27608
2021-08-15 05:00:00,IoTpond1,6,24.3125,90.0,5.936999999999999,7.08996
2021-08-15 05:00:00,IoTPond2,0,24.3125,90.0,5.936999999999999,7.08996
2021-08-15 05:00:00,IoTPond7,4,24.625,33.0,12.606,7.0945
2021-08-15 06:00:00,IoTPond4,2,24.4375,99.0,2.594,7.60292
2021-08-15 06:00:00,IoTPond3,1,23.5,100.0,5.08,7.27154
2021-08-15 06:00:00,IoTPond6,3,23.625,99.0,3.017,6.74043
2021-08-15 06:00:00,IoTpond1,6,24.125,100.0,2.9705,7.08996
2021-08-15 06:00:00,IoTPond2,0,24.125,100.0,2.9705,7.08996
2021-08-15 06:00:00,IoTPond7,4,24.375,33.0,12.061,7.0945
2021-08-15 07:00:00,IoTPond4,2,24.375,99.0,2.8395,7.59838
2021-08-15 07:00:00,IoTpond1,6,24.0625,100.0,3.5155000000000003,7.08996
2021-08-15 07:00:00,IoTPond6,3,23.5625,99.0,3.66,6.74043
2021-08-15 07:00:00,IoTPond3,1,23.375,100.0,5.08,7.26246
2021-08-15 07:00:00,IoTPond7,4,24.375,33.0,12.817499999999999,7.0945
2021-08-15 07:00:00,IoTPond2,0,24.0625,100.0,3.5155000000000003,7.08996
2021-08-15 08:00:00,IoTPond7,4,24.4375,33.0,12.779499999999999,7.08996
2021-08-15 08:00:00,IoTpond1,6,24.0625,100.0,2.5860000000000003,7.08542
2021-08-15 08:00:00,IoTPond3,1,23.375,100.0,5.08,7.28516
2021-08-15 08:00:00,IoTPond4,2,24.3125,100.0,1.707,7.58023
2021-08-15 08:00:00,IoTPond6,3,23.5625,98.0,4.517,6.7495
2021-08-15 08:00:00,IoTPond2,0,24.0625,100.0,2.5860000000000003,7.08542
2021-08-15 09:00:00,IoTpond1,6,24.0,100.0,2.966,7.08542
2021-08-15 09:00:00,IoTPond4,2,24.3125,100.0,1.8250000000000002,7.56207
2021-08-15 09:00:00,IoTPond7,4,24.625,33.0,12.382,7.08542
2021-08-15 09:00:00,IoTPond3,1,23.375,100.0,5.08,7.3124
2021-08-15 09:00:00,IoTPond2,0,24.0,100.0,2.966,7.08542
2021-08-15 09:00:00,IoTPond6,3,23.625,99.0,5.945,6.78128
2021-08-15 10:00:00,IoTpond1,6,24.125,100.0,2.417,7.07635
2021-08-15 10:00:00,IoTPond3,1,23.4375,100.0,5.08,7.38957
2021-08-15 10:00:00,IoTPond6,3,23.75,99.0,6.222,6.80398
2021-08-15 10:00:00,IoTPond7,4,24.9375,34.0,10.8965,7.08315
2021-08-15 10:00:00,IoTPond2,0,24.125,100.0,2.417,7.07635
2021-08-15 10:00:00,IoTPond4,2,24.375,97.0,7.268,7.54845
2021-08-15 11:00:00,IoTpond1,6,24.3125,100.0,1.284,7.06727
2021-08-15 11:00:00,IoTPond2,0,24.3125,100.0,1.284,7.06727
2021-08-15 11:00:00,IoTPond3,1,23.5,100.0,5.08,7.36233
2021-08-15 11:00:00,IoTPond4,2,24.5,99.0,3.245,7.54391
2021-08-15 11:00:00,IoTPond6,3,23.9375,99.0,6.489,6.82214
2021-08-15 11:00:00,IoTPond7,4,25.25,34.0,12.17,7.08542
2021-08-15 12:00:00,IoTpond1,6,24.5,100.0,2.349,7.06727
2021-08-15 12:00:00,IoTPond2,0,24.5,100.0,2.349,7.06727
2021-08-15 12:00:00,IoTPond7,4,25.625,34.0,11.958,7.08996
2021-08-15 12:00:00,IoTPond3,1,23.6875,100.0,5.08,7.36233
2021-08-15 12:00:00,IoTPond4,2,24.75,100.0,1.546,7.53483
2021-08-15 13:00:00,IoTPond6,3,24.25,97.0,2.0665,6.88342
2021-08-15 14:00:00,IoTpond1,6,24.6875,100.0,4.893,7.0945
2021-08-15 14:00:00,IoTPond3,1,23.875,100.0,5.08,7.38957
2021-08-15 14:00:00,IoTPond6,3,24.25,97.0,10.5855,6.88569
2021-08-15 14:00:00,IoTPond4,2,25.125,97.0,4.281000000000001,7.53483
2021-08-15 14:00:00,IoTPond7,4,26.25,34.0,9.983,7.06727
2021-08-15 14:00:00,IoTPond2,0,24.6875,100.0,4.893,7.0945
2021-08-15 15:00:00,IoTPond3,1,24.0,100.0,5.08,7.38957
2021-08-15 15:00:00,IoTPond7,4,26.59375,34.0,12.122499999999999,7.06727
2021-08-15 15:00:00,IoTPond6,3,24.4375,97.0,13.219,6.89023
2021-08-15 15:00:00,IoTPond2,0,24.8125,100.0,2.0155,7.05365
2021-08-15 15:00:00,IoTPond4,2,25.25,99.0,6.067,7.53483
2021-08-15 15:00:00,IoTpond1,6,24.8125,100.0,2.0155,7.05365
2021-08-15 16:00:00,IoTPond4,2,25.375,100.0,2.318,7.53483
2021-08-15 16:00:00,IoTpond1,6,25.125,100.0,1.8855,7.04911
2021-08-15 16:00:00,IoTPond7,4,26.5,34.0,12.879999999999999,7.05592
2021-08-15 16:00:00,IoTPond3,1,24.125,100.0,5.08,7.42134
2021-08-15 16:00:00,IoTPond2,0,25.125,100.0,1.8855,7.04911
2021-08-15 16:00:00,IoTPond6,3,24.5,98.0,11.19,6.90385
2021-08-15 17:00:00,IoTPond2,0,25.1875,100.0,2.154,7.05365
2021-08-15 17:00:00,IoTPond3,1,24.25,100.0,5.08,7.33963
2021-08-15 17:00:00,IoTPond6,3,24.5625,98.0,10.987,6.89023
2021-08-15 17:00:00,IoTpond1,6,25.1875,100.0,2.154,7.05365
2021-08-15 17:00:00,IoTPond4,2,25.5,100.0,1.501,7.53483
2021-08-15 17:00:00,IoTPond7,4,26.4375,34.0,13.676,7.04911
2021-08-15 18:00:00,IoTPond2,0,25.1875,100.0,2.539,7.05365
2021-08-15 18:00:00,IoTPond7,4,26.1875,34.0,12.061499999999999,7.0468399999999995
2021-08-15 18:00:00,IoTPond3,1,24.25,100.0,5.08,7.29878
2021-08-15 18:00:00,IoTpond1,6,25.1875,100.0,2.539,7.05365
2021-08-15 18:00:00,IoTPond4,2,25.4375,100.0,1.081,7.53483
2021-08-15 18:00:00,IoTPond6,3,24.5625,98.0,12.095,6.87207
2021-08-15 19:00:00,IoTPond2,0,25.125,100.0,1.906,7.05819
2021-08-15 19:00:00,IoTPond7,4,26.0625,34.0,11.704,7.05819
2021-08-15 19:00:00,IoTPond6,3,24.5,98.0,12.2045,6.86753
2021-08-15 19:00:00,IoTpond1,6,25.125,100.0,1.906,7.05819
2021-08-15 19:00:00,IoTPond4,2,25.4375,100.0,1.842,7.53937
2021-08-15 19:00:00,IoTPond3,1,24.25,100.0,5.08,7.24431
2021-08-15 20:00:00,IoTPond2,0,25.125,100.0,2.45,7.06727
2021-08-15 20:00:00,IoTPond7,4,25.8125,34.0,13.576,7.04457
2021-08-15 20:00:00,IoTPond4,2,25.375,100.0,2.659,7.53937
2021-08-15 20:00:00,IoTPond3,1,24.25,100.0,5.08,7.24885
2021-08-15 20:00:00,IoTpond1,6,25.125,100.0,2.45,7.06727
2021-08-15 20:00:00,IoTPond6,3,24.5,98.0,12.6355,6.85391
2021-08-15 21:00:00,IoTPond4,2,25.3125,100.0,1.197,7.54618
2021-08-15 21:00:00,IoTpond1,6,25.0625,100.0,2.795,7.07181
2021-08-15 21:00:00,IoTPond7,4,25.75,34.0,12.759,7.03549
2021-08-15 21:00:00,IoTPond2,0,25.0625,100.0,2.795,7.07181
2021-08-15 21:00:00,IoTPond3,1,24.1875,100.0,5.08,7.24431
2021-08-15 21:00:00,IoTPond6,3,24.4375,98.0,12.019,6.84029
2021-08-15 22:00:00,IoTPond4,2,25.25,100.0,1.762,7.54391
2021-08-15 22:00:00,IoTPond6,3,24.375,98.0,12.154,6.83121
2021-08-15 22:00:00,IoTPond7,4,25.78125,34.0,13.716000000000001,7.02641
2021-08-15 22:00:00,IoTPond3,1,24.1875,100.0,5.08,7.25792
2021-08-15 22:00:00,IoTpond1,6,25.0,100.0,3.245,7.06727
2021-08-15 22:00:00,IoTPond2,0,25.0,100.0,3.245,7.06727
2021-08-15 23:00:00,IoTPond2,0,24.875,100.0,2.113,7.06727
2021-08-15 23:00:00,IoTpond1,6,24.875,100.0,2.113,7.06727
2021-08-15 23:00:00,IoTPond3,1,24.125,100.0,5.08,7.2897
2021-08-15 23:00:00,IoTPond6,3,24.3125,98.0,11.536999999999999,6.8176
2021-08-15 23:00:00,IoTPond7,4,25.5625,34.0,12.25,7.02868
2021-08-15 23:00:00,IoTPond4,2,25.1875,100.0,2.1345,7.54845
2021-08-16 00:00:00,IoTPond2,0,24.8125,100.0,3.93,7.07181
2021-08-16 00:00:00,IoTPond3,1,24.0625,100.0,5.08,7.24885
2021-08-16 00:00:00,IoTPond4,2,25.125,100.0,2.715,7.55753
2021-08-16 00:00:00,IoTPond7,4,25.5,34.0,13.68,7.04003
2021-08-16 00:00:00,IoTpond1,6,24.8125,100.0,3.93,7.07181
2021-08-16 00:00:00,IoTPond6,3,24.25,97.0,12.563500000000001,6.80852
2021-08-16 01:00:00,IoTPond4,2,25.0,100.0,1.814,7.56661
2021-08-16 01:00:00,IoTPond3,1,24.0,100.0,5.08,7.25338
2021-08-16 01:00:00,IoTpond1,6,24.75,100.0,2.569,7.06954
2021-08-16 01:00:00,IoTPond2,0,24.75,100.0,2.569,7.06954
2021-08-16 01:00:00,IoTPond7,4,25.1875,34.0,12.887,7.03095
2021-08-16 01:00:00,IoTPond6,3,24.1875,97.0,12.94,6.80852
2021-08-16 02:00:00,IoTPond3,1,23.9375,100.0,5.08,7.267
2021-08-16 02:00:00,IoTPond6,3,24.0625,97.0,11.799,6.80852
2021-08-16 02:00:00,IoTpond1,6,24.6875,100.0,4.175,7.06727
2021-08-16 02:00:00,IoTPond4,2,24.875,100.0,2.839,7.57569
2021-08-16 02:00:00,IoTPond2,0,24.6875,100.0,4.175,7.06727
2021-08-16 02:00:00,IoTPond7,4,25.0625,34.0,13.103,7.03549
2021-08-16 03:00:00,IoTPond2,0,24.5625,100.0,1.791,7.07635
2021-08-16 03:00:00,IoTPond4,2,24.8125,100.0,2.823,7.58477
2021-08-16 03:00:00,IoTpond1,6,24.5625,100.0,1.791,7.07635
2021-08-16 03:00:00,IoTPond3,1,23.8125,100.0,5.08,7.24431
2021-08-16 03:00:00,IoTPond6,3,24.0,97.0,13.214500000000001,6.7949
2021-08-16 03:00:00,IoTPond7,4,25.0625,33.0,12.815,7.03549
2021-08-16 04:00:00,IoTPond7,4,24.875,34.0,10.801,7.04003
2021-08-16 04:00:00,IoTPond2,0,24.4375,100.0,3.368,7.07181
2021-08-16 04:00:00,IoTPond6,3,23.875,97.0,13.72,6.78128
2021-08-16 04:00:00,IoTPond3,1,23.6875,100.0,5.08,7.24885
2021-08-16 04:00:00,IoTPond4,2,24.75,100.0,2.6915,7.584765
2021-08-16 04:00:00,IoTpond1,6,24.4375,100.0,3.368,7.07181
2021-08-16 05:00:00,IoTPond2,0,24.3125,100.0,2.3280000000000003,7.07181
2021-08-16 05:00:00,IoTpond1,6,24.3125,100.0,2.3280000000000003,7.07181
2021-08-16 05:00:00,IoTPond7,4,24.6875,34.0,12.898,7.04003
2021-08-16 05:00:00,IoTPond3,1,23.625,100.0,5.08,7.24885
2021-08-16 05:00:00,IoTPond4,2,24.625,100.0,2.079,7.59838
2021-08-16 05:00:00,IoTPond6,3,23.8125,96.0,13.836,6.78128
2021-08-16 06:00:00,IoTPond2,0,24.25,100.0,1.876,7.07181
2021-08-16 06:00:00,IoTPond3,1,23.5625,100.0,5.08,7.24431
2021-08-16 06:00:00,IoTPond6,3,23.75,96.0,13.613,6.78582
2021-08-16 06:00:00,IoTpond1,6,24.25,100.0,1.876,7.07181
2021-08-16 06:00:00,IoTPond4,2,24.5,100.0,3.135,7.60292
2021-08-16 06:00:00,IoTPond7,4,24.625,33.5,11.2705,7.0377600000000005
2021-08-16 07:00:00,IoTPond4,2,24.40625,100.0,1.538,7.60973
2021-08-16 07:00:00,IoTPond7,4,24.53125,34.0,11.342500000000001,7.0423
2021-08-16 07:00:00,IoTPond2,0,24.125,100.0,2.569,7.07635
2021-08-16 07:00:00,IoTPond3,1,23.4375,100.0,5.08,7.25792
2021-08-16 07:00:00,IoTpond1,6,24.125,100.0,2.569,7.07635
2021-08-16 07:00:00,IoTPond6,3,23.6875,96.5,13.667000000000002,6.76085
2021-08-16 08:00:00,IoTPond7,4,24.4375,34.0,12.555,7.04003
2021-08-16 08:00:00,IoTPond3,1,23.375,100.0,5.08,7.25338
2021-08-16 08:00:00,IoTPond6,3,23.625,96.0,13.979,6.7495
2021-08-16 08:00:00,IoTPond2,0,24.03125,100.0,2.5225,7.07408
2021-08-16 08:00:00,IoTPond4,2,24.3125,100.0,2.248,7.61881
2021-08-16 08:00:00,IoTpond1,6,24.03125,100.0,2.5225,7.07408
2021-08-16 09:00:00,IoTPond7,4,24.375,33.0,12.289,7.04457
2021-08-16 09:00:00,IoTPond6,3,23.5625,97.0,13.006,6.75858
2021-08-16 09:00:00,IoTPond2,0,24.0,100.0,1.166,7.07181
2021-08-16 09:00:00,IoTPond4,2,24.3125,100.0,2.1845,7.6165400000000005
2021-08-16 09:00:00,IoTpond1,6,24.0,100.0,1.166,7.07181
2021-08-16 09:00:00,IoTPond3,1,23.3125,100.0,5.08,7.25338
2021-08-16 10:00:00,IoTpond1,6,23.9375,100.0,3.49,7.07408
2021-08-16 10:00:00,IoTPond2,0,23.9375,100.0,3.49,7.07408
2021-08-16 10:00:00,IoTPond6,3,23.5625,97.5,12.2385,6.77674
2021-08-16 10:00:00,IoTPond7,4,24.5,33.0,12.34,7.04911
2021-08-16 10:00:00,IoTPond3,1,23.3125,100.0,5.08,7.267
2021-08-16 10:00:00,IoTPond4,2,24.3125,100.0,1.986,7.60746
2021-08-16 11:00:00,IoTPond6,3,23.5,98.0,11.515,6.78128
2021-08-16 11:00:00,IoTPond7,4,24.625,33.0,12.112,7.05365
2021-08-16 11:00:00,IoTPond2,0,23.9375,100.0,2.338,7.06727
2021-08-16 11:00:00,IoTPond4,2,24.25,100.0,2.442,7.60292
2021-08-16 11:00:00,IoTpond1,6,23.9375,100.0,2.338,7.06727
2021-08-16 11:00:00,IoTPond3,1,23.3125,100.0,5.08,7.24431
2021-08-16 12:00:00,IoTPond7,4,24.6875,33.0,12.572,7.05365
2021-08-16 12:00:00,IoTPond4,2,24.25,100.0,2.138,7.60746
2021-08-16 12:00:00,IoTpond1,6,23.9375,100.0,2.7805,7.06727
2021-08-16 12:00:00,IoTPond2,0,23.9375,100.0,2.7805,7.06727
2021-08-16 12:00:00,IoTPond6,3,23.5625,97.0,13.149,6.78582
2021-08-16 12:00:00,IoTPond3,1,23.3125,100.0,5.08,7.24431
2021-08-16 13:00:00,IoTPond4,2,24.3125,100.0,1.927,7.59384
2021-08-16 13:00:00,IoTPond7,4,25.125,35.0,9.475,7.06727
2021-08-16 13:00:00,IoTPond2,0,24.0,100.0,1.9095,7.05819
2021-08-16 13:00:00,IoTPond3,1,23.375,100.0,5.08,7.31694
2021-08-16 13:00:00,IoTpond1,6,24.0,100.0,1.9095,7.05819
2021-08-16 13:00:00,IoTPond6,3,23.6875,97.0,12.9305,6.80852
2021-08-16 14:00:00,IoTpond1,6,24.15625,100.0,1.466,7.05138
2021-08-16 14:00:00,IoTPond7,4,25.8125,35.0,8.426,7.07181
2021-08-16 14:00:00,IoTPond3,1,23.4375,100.0,5.08,7.40773
2021-08-16 14:00:00,IoTPond4,2,24.5,100.0,1.669,7.55753
2021-08-16 14:00:00,IoTPond6,3,23.8125,95.0,7.141,6.84937
2021-08-16 14:00:00,IoTPond2,0,24.15625,100.0,1.466,7.05138
2021-08-16 15:00:00,IoTPond3,1,23.5625,100.0,5.08,7.39865
2021-08-16 15:00:00,IoTpond1,6,24.375,100.0,3.4265,7.05592
2021-08-16 15:00:00,IoTPond2,0,24.375,100.0,3.4265,7.05592
2021-08-16 15:00:00,IoTPond4,2,24.6875,96.0,11.165,7.55753
2021-08-16 15:00:00,IoTPond7,4,25.875,34.0,5.382,7.08542
2021-08-16 16:00:00,IoTPond7,4,25.75,34.0,6.399,7.08542
2021-08-16 16:00:00,IoTPond2,0,24.4375,100.0,1.825,7.05365
2021-08-16 16:00:00,IoTpond1,6,24.4375,100.0,1.825,7.05365
2021-08-16 16:00:00,IoTPond3,1,23.625,100.0,5.08,7.41681
2021-08-16 16:00:00,IoTPond4,2,24.75,99.0,6.28,7.55753
2021-08-16 17:00:00,IoTPond2,0,24.4375,100.0,2.5140000000000002,7.0649999999999995
2021-08-16 17:00:00,IoTPond6,3,23.75,97.0,13.676,6.87661
2021-08-16 17:00:00,IoTPond4,2,24.75,99.0,4.441000000000001,7.55753
2021-08-16 17:00:00,IoTPond7,4,25.25,34.0,5.158,7.07408
2021-08-16 17:00:00,IoTpond1,6,24.4375,100.0,2.5140000000000002,7.0649999999999995
2021-08-16 17:00:00,IoTPond3,1,23.625,100.0,5.08,7.30332
2021-08-16 18:00:00,IoTPond3,1,23.5625,100.0,5.08,7.25338
2021-08-16 18:00:00,IoTpond1,6,24.375,100.0,2.6025,7.06727
2021-08-16 18:00:00,IoTPond4,2,24.6875,99.0,3.803,7.56661
2021-08-16 18:00:00,IoTPond6,3,23.6875,97.0,13.694,6.84937
2021-08-16 18:00:00,IoTPond2,0,24.375,100.0,2.6025,7.06727
2021-08-16 18:00:00,IoTPond7,4,25.0625,34.0,7.0,7.05365
2021-08-16 19:00:00,IoTPond6,3,23.625,98.0,13.31,6.82214
2021-08-16 19:00:00,IoTPond2,0,24.25,100.0,1.7195,7.07181
2021-08-16 19:00:00,IoTPond4,2,24.625,99.0,3.6045,7.58023
2021-08-16 19:00:00,IoTPond7,4,24.8125,34.0,12.251000000000001,7.03549
2021-08-16 19:00:00,IoTpond1,6,24.25,100.0,1.7195,7.07181
2021-08-16 19:00:00,IoTPond3,1,23.5,100.0,5.08,7.25792
2021-08-16 20:00:00,IoTPond7,4,24.75,34.0,12.619,7.04003
2021-08-16 20:00:00,IoTPond3,1,23.375,100.0,5.08,7.267
2021-08-16 20:00:00,IoTPond2,0,24.1875,100.0,3.3975,7.06954
2021-08-16 20:00:00,IoTpond1,6,24.1875,100.0,3.3975,7.06954
2021-08-16 20:00:00,IoTPond6,3,23.5625,98.0,12.475,6.81306
2021-08-16 20:00:00,IoTPond4,2,24.5,99.0,3.575,7.5893
2021-08-16 21:00:00,IoTPond2,0,24.125,100.0,1.9815,7.07408
2021-08-16 21:00:00,IoTPond3,1,23.3125,100.0,5.08,7.267
2021-08-16 21:00:00,IoTPond4,2,24.4375,99.0,3.516,7.59384
2021-08-16 21:00:00,IoTpond1,6,24.125,100.0,1.9815,7.07408
2021-08-16 21:00:00,IoTPond6,3,23.5,98.0,13.238499999999998,6.80398
2021-08-16 21:00:00,IoTPond7,4,24.625,34.0,11.972,7.03549
2021-08-16 22:00:00,IoTPond4,2,24.375,98.0,4.8895,7.60292
2021-08-16 22:00:00,IoTPond3,1,23.3125,100.0,5.08,7.24431
2021-08-16 22:00:00,IoTpond1,6,24.0,100.0,2.573,7.06727
2021-08-16 22:00:00,IoTPond6,3,23.4375,98.0,13.203,6.7949
2021-08-16 22:00:00,IoTPond2,0,24.0,100.0,2.573,7.06727
2021-08-16 22:00:00,IoTPond7,4,24.46875,35.0,12.965499999999999,7.03095
2021-08-16 23:00:00,IoTpond1,6,23.9375,100.0,2.776,7.07181
2021-08-16 23:00:00,IoTPond6,3,23.375,98.0,13.175999999999998,6.78128
2021-08-16 23:00:00,IoTPond7,4,24.375,34.0,12.703,7.03095
2021-08-16 23:00:00,IoTPond2,0,23.9375,100.0,2.776,7.07181
2021-08-16 23:00:00,IoTPond4,2,24.25,99.0,3.811,7.60292
2021-08-16 23:00:00,IoTPond3,1,23.25,100.0,5.08,7.23069
2021-08-17 00:00:00,IoTPond2,0,23.875,100.0,4.347,7.07181
2021-08-17 00:00:00,IoTpond1,6,23.875,100.0,4.347,7.07181
2021-08-17 00:00:00,IoTPond7,4,24.3125,34.0,13.151,7.03095
2021-08-17 00:00:00,IoTPond6,3,23.375,98.0,10.971,6.77674
2021-08-17 00:00:00,IoTPond4,2,24.1875,99.0,3.304,7.60292
2021-08-17 00:00:00,IoTPond3,1,23.1875,100.0,5.08,7.19437
2021-08-17 01:00:00,IoTPond6,3,23.25,97.0,12.979,6.76539
2021-08-17 01:00:00,IoTPond2,0,23.8125,100.0,1.9415,7.07181
2021-08-17 01:00:00,IoTPond7,4,24.25,34.0,11.6765,7.03549
2021-08-17 01:00:00,IoTPond4,2,24.125,99.0,3.879,7.60292
2021-08-17 01:00:00,IoTpond1,6,23.8125,100.0,1.9415,7.07181
2021-08-17 01:00:00,IoTPond3,1,23.125,100.0,5.08,7.18983
2021-08-17 02:00:00,IoTPond7,4,24.1875,34.0,12.183499999999999,7.04003
2021-08-17 02:00:00,IoTPond4,2,24.0625,99.0,2.975,7.60292
2021-08-17 02:00:00,IoTPond3,1,23.0625,100.0,5.08,7.19891
2021-08-17 02:00:00,IoTPond6,3,23.1875,97.0,12.239,6.75858
2021-08-17 02:00:00,IoTpond1,6,23.6875,100.0,4.133,7.07181
2021-08-17 02:00:00,IoTPond2,0,23.6875,100.0,4.133,7.07181
2021-08-17 03:00:00,IoTPond6,3,23.125,97.0,12.676,6.74496
2021-08-17 03:00:00,IoTpond1,6,23.625,100.0,4.008,7.07181
2021-08-17 03:00:00,IoTPond4,2,23.9375,99.0,2.949,7.60292
2021-08-17 03:00:00,IoTPond3,1,23.0,100.0,5.08,7.20345
2021-08-17 03:00:00,IoTPond2,0,23.625,100.0,4.008,7.07181
2021-08-17 03:00:00,IoTPond7,4,24.09375,34.0,11.972,7.03549
2021-08-17 04:00:00,IoTPond6,3,23.0625,98.0,11.676,6.74043
2021-08-17 04:00:00,IoTpond1,6,23.5625,100.0,4.1995000000000005,7.07635
2021-08-17 04:00:00,IoTPond4,2,23.9375,99.0,3.441,7.60292
2021-08-17 04:00:00,IoTPond3,1,22.9375,100.0,5.08,7.23069
2021-08-17 04:00:00,IoTPond2,0,23.5625,100.0,4.1995000000000005,7.07635
2021-08-17 04:00:00,IoTPond7,4,24.0625,34.0,12.551,7.04003
2021-08-17 05:00:00,IoTPond4,2,23.8125,99.0,2.2355,7.60292
2021-08-17 05:00:00,IoTPond3,1,22.875,100.0,5.08,7.22615
2021-08-17 05:00:00,IoTPond2,0,23.5,100.0,2.7664999999999997,7.07635
2021-08-17 05:00:00,IoTpond1,6,23.5,100.0,2.7664999999999997,7.07635
2021-08-17 05:00:00,IoTPond6,3,23.0,98.0,11.676,6.73135
2021-08-17 05:00:00,IoTPond7,4,23.9375,34.0,11.846,7.05365
2021-08-17 06:00:00,IoTPond6,3,23.0,98.0,13.104,6.72227
2021-08-17 06:00:00,IoTPond4,2,23.75,99.0,2.642,7.60746
2021-08-17 06:00:00,IoTPond3,1,22.8125,100.0,5.08,7.23977
2021-08-17 06:00:00,IoTPond7,4,23.9375,34.0,12.087,7.04911
2021-08-17 06:00:00,IoTPond2,0,23.4375,100.0,2.9585,7.07635
2021-08-17 06:00:00,IoTpond1,6,23.4375,100.0,2.9585,7.07635
2021-08-17 07:00:00,IoTpond1,6,23.375,100.0,2.99,7.07635
2021-08-17 07:00:00,IoTPond3,1,22.75,100.0,5.08,7.23977
2021-08-17 07:00:00,IoTPond7,4,23.96875,34.0,12.765,7.04911
2021-08-17 07:00:00,IoTPond2,0,23.375,100.0,2.99,7.07635
2021-08-17 07:00:00,IoTPond4,2,23.75,99.0,2.392,7.60746
2021-08-17 07:00:00,IoTPond6,3,22.9375,97.0,12.801,6.73135
2021-08-17 08:00:00,IoTPond2,0,23.4375,100.0,2.258,7.07181
2021-08-17 08:00:00,IoTPond3,1,22.75,100.0,5.08,7.23523
2021-08-17 08:00:00,IoTpond1,6,23.4375,100.0,2.258,7.07181
2021-08-17 08:00:00,IoTPond6,3,23.0,97.0,11.328,6.73589
2021-08-17 08:00:00,IoTPond4,2,23.75,99.0,2.303,7.60746
2021-08-17 08:00:00,IoTPond7,4,24.0625,34.0,13.033,7.04911
2021-08-17 09:00:00,IoTPond7,4,24.1875,35.0,11.723,7.04003
2021-08-17 09:00:00,IoTPond6,3,23.0625,97.0,12.39,6.7722
2021-08-17 09:00:00,IoTpond1,6,23.4375,100.0,3.124,7.06727
2021-08-17 09:00:00,IoTPond2,0,23.4375,100.0,3.124,7.06727
2021-08-17 09:00:00,IoTPond4,2,23.75,99.0,2.2355,7.59384
2021-08-17 09:00:00,IoTPond3,1,22.8125,100.0,5.08,7.23523
2021-08-17 10:00:00,IoTPond2,0,23.5625,100.0,4.249,7.06727
2021-08-17 10:00:00,IoTPond4,2,23.875,99.0,2.097,7.56661
2021-08-17 10:00:00,IoTpond1,6,23.5625,100.0,4.249,7.06727
2021-08-17 10:00:00,IoTPond7,4,24.5,34.0,13.574,7.04911
2021-08-17 10:00:00,IoTPond3,1,22.875,100.0,5.08,7.30105
2021-08-17 11:00:00,IoTPond4,2,24.0,97.0,9.196,7.56207
2021-08-17 11:00:00,IoTPond2,0,23.6875,100.0,2.785,7.06727
2021-08-17 11:00:00,IoTPond3,1,23.0,100.0,5.08,7.33056
2021-08-17 11:00:00,IoTpond1,6,23.6875,100.0,2.785,7.06727
2021-08-17 12:00:00,IoTpond1,6,23.75,100.0,1.8605,7.05819
2021-08-17 12:00:00,IoTPond7,4,24.6875,34.0,13.777,7.04911
2021-08-17 12:00:00,IoTPond3,1,23.0625,100.0,5.08,7.28516
2021-08-17 12:00:00,IoTPond2,0,23.75,100.0,1.8605,7.05819
2021-08-17 12:00:00,IoTPond4,2,24.0625,98.0,4.936,7.55753
2021-08-17 13:00:00,IoTPond3,1,23.125,100.0,5.08,7.29424
2021-08-17 13:00:00,IoTpond1,6,23.8125,100.0,2.3120000000000003,7.053649999999999
2021-08-17 13:00:00,IoTPond7,4,25.125,35.0,10.58,7.04911
2021-08-17 13:00:00,IoTPond2,0,23.8125,100.0,2.3120000000000003,7.053649999999999
2021-08-17 13:00:00,IoTPond4,2,24.125,100.0,1.149,7.56207
2021-08-17 14:00:00,IoTPond6,3,23.5,95.0,13.935,6.88569
2021-08-17 14:00:00,IoTPond3,1,23.1875,100.0,5.08,7.30105
2021-08-17 14:00:00,IoTPond4,2,24.25,100.0,2.087,7.55299
2021-08-17 15:00:00,IoTPond6,3,23.5,97.0,13.087,6.88569
2021-08-17 15:00:00,IoTPond7,4,25.25,34.5,13.884,7.078615
2021-08-17 15:00:00,IoTPond4,2,24.3125,98.5,5.2735,7.54391
2021-08-17 15:00:00,IoTPond3,1,23.25,100.0,5.08,7.38957
2021-08-17 16:00:00,IoTPond4,2,24.4375,98.5,3.359,7.537100000000001
2021-08-17 16:00:00,IoTpond1,6,24.125,100.0,3.296,7.04911
2021-08-17 16:00:00,IoTPond2,0,24.125,100.0,3.296,7.04911
2021-08-17 16:00:00,IoTPond3,1,23.375,100.0,5.08,7.4395
2021-08-17 17:00:00,IoTPond2,0,24.1875,100.0,3.82,7.04911
2021-08-17 17:00:00,IoTPond7,4,25.28125,34.5,12.154,7.071809999999999
2021-08-17 17:00:00,IoTpond1,6,24.1875,100.0,3.82,7.04911
2021-08-17 17:00:00,IoTPond4,2,24.5,99.0,5.079,7.54391
2021-08-17 17:00:00,IoTPond3,1,23.4375,100.0,5.08,7.41227
2021-08-17 18:00:00,IoTPond7,4,25.0,34.5,13.3795,7.071809999999999
2021-08-17 18:00:00,IoTPond4,2,24.5,100.0,4.031000000000001,7.55072
2021-08-17 18:00:00,IoTPond3,1,23.4375,100.0,5.08,7.23977
2021-08-17 19:00:00,IoTPond4,2,24.4375,98.5,5.143000000000001,7.5598
2021-08-17 19:00:00,IoTpond1,6,24.21875,100.0,1.4785,7.05365
2021-08-17 19:00:00,IoTPond3,1,23.4375,100.0,5.08,7.24431
2021-08-17 19:00:00,IoTPond2,0,24.21875,100.0,1.4785,7.05365
2021-08-17 20:00:00,IoTPond4,2,24.3125,100.0,2.391,7.55753
2021-08-17 20:00:00,IoTPond3,1,23.375,100.0,5.08,7.27608
2021-08-17 20:00:00,IoTPond7,4,24.4375,34.0,12.196,7.06727
2021-08-17 21:00:00,IoTPond4,2,24.1875,98.0,2.949,7.56207
2021-08-17 21:00:00,IoTPond7,4,24.375,33.0,9.627,7.06727
2021-08-17 21:00:00,IoTPond2,0,24.0,100.0,2.722,7.06727
2021-08-17 21:00:00,IoTpond1,6,24.0,100.0,2.722,7.06727
2021-08-17 21:00:00,IoTPond3,1,23.25,100.0,5.08,7.20345
2021-08-17 22:00:00,IoTPond7,4,24.1875,34.0,13.658,7.05365
2021-08-17 22:00:00,IoTPond4,2,24.125,100.0,1.808,7.56207
2021-08-17 22:00:00,IoTPond3,1,23.1875,100.0,5.08,7.20345
2021-08-17 23:00:00,IoTPond2,0,23.75,100.0,1.834,7.06954
2021-08-17 23:00:00,IoTPond4,2,24.0,100.0,3.1905,7.571149999999999
2021-08-17 23:00:00,IoTpond1,6,23.75,100.0,1.834,7.06954
2021-08-17 23:00:00,IoTPond3,1,23.0625,100.0,5.08,7.189830000000001
2021-08-18 00:00:00,IoTPond7,4,24.0,33.0,13.193,7.04911
2021-08-18 00:00:00,IoTpond1,6,23.65625,100.0,3.5835,7.07181
2021-08-18 00:00:00,IoTPond4,2,24.0,99.5,1.8885,7.57796
2021-08-18 00:00:00,IoTPond2,0,23.65625,100.0,3.5835,7.07181
2021-08-18 00:00:00,IoTPond3,1,23.0,100.0,5.08,7.18302
2021-08-18 01:00:00,IoTPond7,4,24.0,34.0,13.903,7.08542
2021-08-18 01:00:00,IoTPond3,1,22.9375,100.0,5.08,7.20118
2021-08-18 01:00:00,IoTpond1,6,23.5625,100.0,1.2894999999999999,7.0649999999999995
2021-08-18 01:00:00,IoTPond2,0,23.5625,100.0,1.2894999999999999,7.0649999999999995
2021-08-18 01:00:00,IoTPond4,2,23.8125,100.0,3.8695,7.56661
2021-08-18 02:00:00,IoTPond4,2,23.78125,100.0,3.0300000000000002,7.56661
2021-08-18 02:00:00,IoTpond1,6,23.5,100.0,3.213,7.07181
2021-08-18 02:00:00,IoTPond3,1,22.875,100.0,5.08,7.164865000000001
2021-08-18 02:00:00,IoTPond2,0,23.5,100.0,3.213,7.07181
2021-08-18 03:00:00,IoTPond7,4,23.875,33.0,12.953,7.03095
2021-08-18 03:00:00,IoTPond3,1,22.8125,100.0,5.08,7.18529
2021-08-18 03:00:00,IoTpond1,6,23.4375,100.0,1.6909999999999998,7.07181
2021-08-18 03:00:00,IoTPond4,2,23.6875,99.0,4.213,7.5893049999999995
2021-08-18 03:00:00,IoTPond2,0,23.4375,100.0,1.6909999999999998,7.07181
2021-08-18 04:00:00,IoTPond3,1,22.75,100.0,5.08,7.18302
2021-08-18 04:00:00,IoTPond4,2,23.625,100.0,6.597,7.59838
2021-08-18 04:00:00,IoTPond2,0,23.375,100.0,2.731,7.06727
2021-08-18 04:00:00,IoTpond1,6,23.375,100.0,2.731,7.06727
2021-08-18 05:00:00,IoTPond2,0,23.3125,100.0,0.919,7.07181
2021-08-18 05:00:00,IoTpond1,6,23.3125,100.0,0.919,7.07181
2021-08-18 05:00:00,IoTPond3,1,22.6875,100.0,5.08,7.18075
2021-08-18 05:00:00,IoTPond4,2,23.5625,99.0,3.669,7.59838
2021-08-18 06:00:00,IoTPond4,2,23.5625,100.0,5.601,7.59838
2021-08-18 06:00:00,IoTPond3,1,22.6875,100.0,5.08,7.16033
2021-08-18 06:00:00,IoTPond7,4,23.5625,33.0,11.846,7.04911
2021-08-18 07:00:00,IoTPond2,0,23.3125,100.0,2.535,7.07181
2021-08-18 07:00:00,IoTPond3,1,22.6875,100.0,5.08,7.15806
2021-08-18 07:00:00,IoTPond4,2,23.5,99.0,5.3515,7.64151
2021-08-18 07:00:00,IoTPond7,4,23.75,33.0,13.314,7.05365
2021-08-18 07:00:00,IoTpond1,6,23.3125,100.0,2.535,7.07181
2021-08-18 08:00:00,IoTPond4,2,23.5,100.0,2.678,7.612
2021-08-18 08:00:00,IoTpond1,6,23.3125,100.0,1.303,7.06727
2021-08-18 08:00:00,IoTPond2,0,23.3125,100.0,1.303,7.06727
2021-08-18 08:00:00,IoTPond3,1,22.6875,100.0,5.08,7.19891
2021-08-18 08:00:00,IoTPond7,4,23.9375,33.0,12.174,7.04457
2021-08-18 09:00:00,IoTPond3,1,22.6875,100.0,5.08,7.25338
2021-08-18 09:00:00,IoTPond7,4,24.21875,34.0,13.384,7.0468399999999995
2021-08-18 09:00:00,IoTPond4,2,23.5625,100.0,3.829,7.56661
2021-08-18 10:00:00,IoTPond4,2,23.6875,100.0,4.6775,7.54845
2021-08-18 10:00:00,IoTPond2,0,23.4375,100.0,1.062,7.05365
2021-08-18 10:00:00,IoTpond1,6,23.4375,100.0,1.062,7.05365
2021-08-18 10:00:00,IoTPond3,1,22.8125,100.0,5.08,7.23069
2021-08-18 10:00:00,IoTPond7,4,24.375,34.0,12.694500000000001,7.04457
2021-08-18 11:00:00,IoTPond7,4,24.71875,34.0,13.1425,7.04911
2021-08-18 11:00:00,IoTPond2,0,23.5625,100.0,1.3605,7.04911
2021-08-18 11:00:00,IoTpond1,6,23.5625,100.0,1.3605,7.04911
2021-08-18 11:00:00,IoTPond3,1,22.875,100.0,5.08,7.38957
2021-08-18 11:00:00,IoTPond4,2,23.8125,100.0,4.249,7.54391
2021-08-18 12:00:00,IoTPond2,0,23.875,100.0,0.678,7.03549
2021-08-18 12:00:00,IoTpond1,6,23.875,100.0,0.678,7.03549
2021-08-18 12:00:00,IoTPond7,4,25.1875,33.0,10.997,7.04911
2021-08-18 12:00:00,IoTPond4,2,24.125,100.0,2.949,7.53483
2021-08-18 12:00:00,IoTPond3,1,23.125,100.0,5.08,7.43496
2021-08-18 13:00:00,IoTPond3,1,23.1875,100.0,5.08,7.40319
2021-08-18 13:00:00,IoTPond2,0,23.90625,100.0,3.5395,7.05138
2021-08-18 13:00:00,IoTPond7,4,25.25,34.0,10.872499999999999,7.04457
2021-08-18 13:00:00,IoTPond4,2,24.21875,99.5,5.282,7.53483
2021-08-18 13:00:00,IoTpond1,6,23.90625,100.0,3.5395,7.05138
2021-08-18 14:00:00,IoTPond4,2,24.375,99.0,7.1245,7.53483
2021-08-18 14:00:00,IoTPond7,4,25.5,34.0,11.465,7.05138
2021-08-18 14:00:00,IoTPond3,1,23.25,100.0,5.08,7.45312
2021-08-18 15:00:00,IoTPond4,2,24.5,100.0,4.7115,7.53483
2021-08-18 15:00:00,IoTpond1,6,24.34375,100.0,2.548,7.030950000000001
2021-08-18 15:00:00,IoTPond3,1,23.375,100.0,5.08,7.40319
2021-08-18 15:00:00,IoTPond7,4,25.8125,34.0,10.296,7.04911
2021-08-18 15:00:00,IoTPond2,0,24.34375,100.0,2.548,7.030950000000001
2021-08-18 16:00:00,IoTpond1,6,24.375,100.0,10.421,7.03549
2021-08-18 16:00:00,IoTPond3,1,23.5,100.0,5.08,7.40319
2021-08-18 16:00:00,IoTPond7,4,25.8125,34.0,10.941,7.04911
2021-08-18 16:00:00,IoTPond4,2,24.625,100.0,3.317,7.53029
2021-08-18 16:00:00,IoTPond2,0,24.375,100.0,10.421,7.03549
2021-08-18 17:00:00,IoTPond7,4,25.8125,34.0,10.821,7.05819
2021-08-18 17:00:00,IoTPond4,2,24.75,100.0,4.75,7.53483
2021-08-18 17:00:00,IoTpond1,6,24.53125,100.0,5.890499999999999,7.0377600000000005
2021-08-18 17:00:00,IoTPond3,1,23.59375,100.0,5.08,7.4281500000000005
2021-08-18 17:00:00,IoTPond2,0,24.53125,100.0,5.890499999999999,7.0377600000000005
2021-08-18 18:00:00,IoTPond4,2,24.75,100.0,1.149,7.52575
2021-08-18 18:00:00,IoTpond1,6,24.59375,100.0,1.935,7.0377600000000005
2021-08-18 18:00:00,IoTPond2,0,24.59375,100.0,1.935,7.0377600000000005
2021-08-18 18:00:00,IoTPond7,4,25.5,34.0,11.878,7.06727
2021-08-18 18:00:00,IoTPond3,1,23.625,100.0,5.08,7.24431
2021-08-18 19:00:00,IoTPond2,0,24.625,100.0,1.369,7.03549
2021-08-18 19:00:00,IoTPond3,1,23.6875,100.0,5.08,7.02641
2021-08-18 19:00:00,IoTPond4,2,24.75,100.0,2.5095,7.53029
2021-08-18 19:00:00,IoTPond7,4,25.375,33.0,9.8995,7.05138
2021-08-18 19:00:00,IoTpond1,6,24.625,100.0,1.369,7.03549
2021-08-18 20:00:00,IoTPond4,2,24.6875,100.0,2.7039999999999997,7.53029
2021-08-18 20:00:00,IoTpond1,6,24.625,100.0,1.276,7.04457
2021-08-18 20:00:00,IoTPond7,4,24.9375,34.0,12.197,7.06046
2021-08-18 20:00:00,IoTPond2,0,24.625,100.0,1.276,7.04457
2021-08-18 20:00:00,IoTPond3,1,23.625,100.0,5.08,7.13309
2021-08-18 21:00:00,IoTPond7,4,24.875,33.0,11.055,7.05365
2021-08-18 21:00:00,IoTPond2,0,24.5625,100.0,2.645,7.04003
2021-08-18 21:00:00,IoTpond1,6,24.5625,100.0,2.645,7.04003
2021-08-18 21:00:00,IoTPond3,1,23.5625,100.0,5.066,7.20118
2021-08-18 21:00:00,IoTPond4,2,24.625,100.0,3.245,7.53483
2021-08-18 22:00:00,IoTPond4,2,24.5625,100.0,2.214,7.53937
2021-08-18 22:00:00,IoTPond2,0,24.5625,100.0,2.637,7.04911
2021-08-18 22:00:00,IoTpond1,6,24.5625,100.0,2.637,7.04911
2021-08-18 22:00:00,IoTPond3,1,23.5,100.0,5.08,7.14898
2021-08-18 22:00:00,IoTPond7,4,24.875,33.0,11.541,7.0423
2021-08-20 14:00:00,IoTPond3,1,23.1875,100.0,5.08,7.30332
2021-08-20 14:00:00,IoTpond1,6,24.1875,100.0,2.3914999999999997,7.00825
2021-08-20 14:00:00,IoTPond4,2,24.5625,94.5,11.7945,7.53029
2021-08-20 14:00:00,IoTPond7,4,25.875,33.0,6.792,7.04911
2021-08-20 14:00:00,IoTPond2,0,24.1875,100.0,2.3914999999999997,7.00825
2021-08-20 15:00:00,IoTpond1,6,24.25,100.0,1.825,7.01279
2021-08-20 15:00:00,IoTPond4,2,24.625,99.0,4.285,7.52575
2021-08-20 15:00:00,IoTPond7,4,25.8125,33.0,5.887,7.04457
2021-08-20 15:00:00,IoTPond2,0,24.25,100.0,1.825,7.01279
2021-08-20 15:00:00,IoTPond3,1,23.25,100.0,5.08,7.34871
2021-08-20 16:00:00,IoTpond1,6,24.375,100.0,1.6435,7.01506
2021-08-20 16:00:00,IoTPond4,2,24.75,100.0,2.1505,7.52575
2021-08-20 16:00:00,IoTPond3,1,23.375,100.0,5.08,7.31694
2021-08-20 16:00:00,IoTPond7,4,25.71875,33.0,4.537,7.06727
2021-08-20 16:00:00,IoTPond2,0,24.375,100.0,1.6435,7.01506
2021-08-20 17:00:00,IoTPond4,2,24.75,100.0,2.265,7.53483
2021-08-20 17:00:00,IoTPond2,0,24.375,100.0,2.59,7.01279
2021-08-20 17:00:00,IoTPond3,1,23.375,100.0,5.08,7.32602
2021-08-20 17:00:00,IoTpond1,6,24.375,100.0,2.59,7.01279
2021-08-20 17:00:00,IoTPond7,4,25.5,33.0,4.845,7.06727
2021-08-20 18:00:00,IoTPond3,1,23.375,100.0,5.08,7.34417
2021-08-20 18:00:00,IoTpond1,6,24.375,100.0,1.724,7.02187
2021-08-20 18:00:00,IoTPond4,2,24.75,100.0,2.8265000000000002,7.53483
2021-08-20 18:00:00,IoTPond2,0,24.375,100.0,1.724,7.02187
2021-08-20 18:00:00,IoTPond7,4,25.3125,33.0,4.677,7.07635
2021-08-20 19:00:00,IoTPond4,2,24.6875,100.0,1.9475,7.53483
2021-08-20 19:00:00,IoTPond2,0,24.3125,100.0,2.552,7.02187
2021-08-20 19:00:00,IoTpond1,6,24.3125,100.0,2.552,7.02187
2021-08-20 19:00:00,IoTPond3,1,23.375,100.0,5.08,7.22615
2021-08-20 19:00:00,IoTPond7,4,25.0625,33.0,7.4245,7.07181
2021-08-20 20:00:00,IoTPond2,0,24.1875,100.0,1.504,7.02187
2021-08-20 20:00:00,IoTpond1,6,24.1875,100.0,1.504,7.02187
2021-08-20 20:00:00,IoTPond4,2,24.625,100.0,2.501,7.53937
2021-08-20 20:00:00,IoTPond3,1,23.3125,100.0,5.08,7.19891
2021-08-20 20:00:00,IoTPond7,4,24.9375,33.0,4.561,7.04003
2021-08-20 21:00:00,IoTPond3,1,23.25,100.0,5.08,7.20345
2021-08-20 21:00:00,IoTPond4,2,24.5625,100.0,2.8225,7.55753
2021-08-20 21:00:00,IoTPond2,0,24.21875,100.0,1.1869999999999998,7.02868
2021-08-20 21:00:00,IoTPond7,4,24.8125,33.0,5.016,7.04911
2021-08-20 21:00:00,IoTpond1,6,24.21875,100.0,1.1869999999999998,7.02868
2021-08-20 22:00:00,IoTPond3,1,23.25,100.0,5.08,7.1693999999999996
2021-08-20 22:00:00,IoTPond4,2,24.4375,100.0,2.476,7.56661
2021-08-20 22:00:00,IoTPond2,0,24.1875,100.0,3.347,7.02641
2021-08-20 22:00:00,IoTPond7,4,24.75,33.0,6.094,7.03549
2021-08-20 22:00:00,IoTpond1,6,24.1875,100.0,3.347,7.02641
2021-08-20 23:00:00,IoTPond2,0,24.0625,100.0,2.087,7.02187
2021-08-20 23:00:00,IoTPond3,1,23.1875,100.0,5.08,7.17167
2021-08-20 23:00:00,IoTPond7,4,24.6875,33.0,6.7405,7.03322
2021-08-20 23:00:00,IoTPond4,2,24.375,100.0,2.2055,7.59384
2021-08-20 23:00:00,IoTpond1,6,24.0625,100.0,2.087,7.02187
2021-08-21 00:00:00,IoTPond3,1,23.125,100.0,5.08,7.18529
2021-08-21 00:00:00,IoTPond2,0,24.0,100.0,1.7814999999999999,7.02641
2021-08-21 00:00:00,IoTPond4,2,24.3125,100.0,2.6535,7.58023
2021-08-21 00:00:00,IoTPond7,4,24.5625,33.0,7.15,7.03549
2021-08-21 00:00:00,IoTpond1,6,24.0,100.0,1.7814999999999999,7.02641
2021-08-21 01:00:00,IoTPond3,1,23.0625,100.0,5.08,7.17167
2021-08-21 01:00:00,IoTPond4,2,24.25,100.0,2.0915,7.58477
2021-08-21 01:00:00,IoTPond2,0,23.9375,100.0,0.901,7.04911
2021-08-21 01:00:00,IoTpond1,6,23.9375,100.0,0.901,7.04911
2021-08-21 01:00:00,IoTPond7,4,24.40625,33.0,6.968500000000001,7.03095
2021-08-21 02:00:00,IoTPond4,2,24.1875,100.0,2.772,7.58023
2021-08-21 02:00:00,IoTPond2,0,23.8125,100.0,2.196,7.02641
2021-08-21 02:00:00,IoTpond1,6,23.8125,100.0,2.196,7.02641
2021-08-21 02:00:00,IoTPond7,4,24.3125,33.0,6.423500000000001,7.03549
2021-08-21 02:00:00,IoTPond3,1,23.0,100.0,5.08,7.17621
2021-08-21 03:00:00,IoTPond2,0,23.75,100.0,3.173,7.02641
2021-08-21 03:00:00,IoTPond4,2,24.125,100.0,2.6195,7.58023
2021-08-21 03:00:00,IoTpond1,6,23.75,100.0,3.173,7.02641
2021-08-21 03:00:00,IoTPond7,4,24.1875,33.0,6.93,7.03549
2021-08-21 03:00:00,IoTPond3,1,22.9375,100.0,5.08,7.16713
2021-08-21 04:00:00,IoTPond2,0,23.6875,100.0,1.499,7.02641
2021-08-21 04:00:00,IoTpond1,6,23.6875,100.0,1.499,7.02641
2021-08-21 04:00:00,IoTPond3,1,22.875,100.0,5.08,7.1875599999999995
2021-08-21 04:00:00,IoTPond7,4,23.875,33.0,5.99,7.03549
2021-08-21 04:00:00,IoTPond4,2,24.0,100.0,2.273,7.58023
2021-08-21 05:00:00,IoTPond2,0,23.5625,100.0,1.95,7.03095
2021-08-21 05:00:00,IoTPond7,4,24.0,33.0,6.204,7.03549
2021-08-21 05:00:00,IoTpond1,6,23.5625,100.0,1.95,7.03095
2021-08-21 05:00:00,IoTPond4,2,23.9375,100.0,3.296,7.58477
2021-08-21 05:00:00,IoTPond3,1,22.8125,100.0,5.08,7.18529
2021-08-21 06:00:00,IoTPond7,4,23.875,33.0,6.567,7.03549
2021-08-21 06:00:00,IoTPond4,2,23.875,100.0,2.633,7.59384
2021-08-21 06:00:00,IoTPond2,0,23.5,100.0,1.544,7.02641
2021-08-21 06:00:00,IoTpond1,6,23.5,100.0,1.544,7.02641
2021-08-21 06:00:00,IoTPond3,1,22.75,100.0,5.08,7.20345
2021-08-21 07:00:00,IoTPond4,2,23.75,100.0,2.633,7.59384
2021-08-21 07:00:00,IoTPond7,4,24.0,33.0,5.257,7.04003
2021-08-21 07:00:00,IoTPond3,1,22.6875,100.0,5.08,7.19891
2021-08-21 07:00:00,IoTPond2,0,23.5,100.0,1.946,7.02641
2021-08-21 07:00:00,IoTpond1,6,23.5,100.0,1.946,7.02641
2021-08-21 08:00:00,IoTPond7,4,24.0625,33.0,6.025,7.03095
2021-08-21 08:00:00,IoTPond2,0,23.4375,100.0,1.468,7.02414
2021-08-21 08:00:00,IoTPond3,1,22.6875,100.0,5.08,7.17394
2021-08-21 08:00:00,IoTpond1,6,23.4375,100.0,1.468,7.02414
2021-08-21 08:00:00,IoTPond4,2,23.75,100.0,2.883,7.5734200000000005
2021-08-21 09:00:00,IoTPond4,2,23.75,96.0,5.891,7.55299
2021-08-21 09:00:00,IoTPond7,4,24.25,33.0,5.544,7.03095
2021-08-21 09:00:00,IoTPond3,1,22.6875,100.0,5.08,7.19891
2021-08-21 09:00:00,IoTpond1,6,23.4375,100.0,4.1105,7.0196000000000005
2021-08-21 09:00:00,IoTPond2,0,23.4375,100.0,4.1105,7.0196000000000005
2021-08-21 10:00:00,IoTPond7,4,24.5,33.0,5.308,7.03095
2021-08-21 10:00:00,IoTPond3,1,22.75,100.0,5.08,7.21707
2021-08-21 10:00:00,IoTPond4,2,23.84375,100.0,2.289,7.537100000000001
2021-08-21 11:00:00,IoTPond3,1,22.8125,100.0,5.08,7.17848
2021-08-21 11:00:00,IoTPond4,2,23.90625,96.5,5.0525,7.53483
2021-08-21 11:00:00,IoTPond7,4,24.625,33.0,4.2595,7.04003
2021-08-21 12:00:00,IoTPond7,4,24.9375,33.0,4.555,7.03095
2021-08-21 12:00:00,IoTPond3,1,22.875,100.0,4.7575,7.22161
2021-08-21 12:00:00,IoTPond4,2,24.125,99.0,2.552,7.53483
2021-08-21 13:00:00,IoTPond3,1,22.9375,100.0,4.8205,7.23977
2021-08-21 13:00:00,IoTPond4,2,24.1875,100.0,1.614,7.51213
2021-08-21 13:00:00,IoTPond7,4,25.4375,34.0,3.283,7.03095
2021-08-21 14:00:00,IoTPond4,2,24.375,98.0,7.082,7.53029
2021-08-21 14:00:00,IoTPond3,1,23.125,100.0,5.08,7.19891
2021-08-21 14:00:00,IoTPond7,4,25.5,34.0,8.886,7.05138
2021-08-21 14:00:00,IoTpond1,6,24.0,100.0,2.569,7.01052
2021-08-21 14:00:00,IoTPond2,0,24.0,100.0,2.569,7.01052
2021-08-21 15:00:00,IoTPond7,4,25.96875,34.0,7.973000000000001,7.04457
2021-08-21 15:00:00,IoTPond4,2,24.5,100.0,3.7649999999999997,7.52575
2021-08-21 15:00:00,IoTPond3,1,23.3125,100.0,5.08,7.14898
2021-08-21 15:00:00,IoTpond1,6,24.0625,100.0,2.493,7.01279
2021-08-21 15:00:00,IoTPond2,0,24.0625,100.0,2.493,7.01279
2021-08-21 16:00:00,IoTPond2,0,24.25,100.0,0.853,6.97194
2021-08-21 16:00:00,IoTPond4,2,24.625,100.0,1.8675000000000002,7.52348
2021-08-21 16:00:00,IoTPond3,1,23.4375,100.0,5.08,7.25338
2021-08-21 16:00:00,IoTpond1,6,24.25,100.0,0.853,6.97194
2021-08-21 16:00:00,IoTPond7,4,26.25,34.0,6.548,7.04003
2021-08-21 17:00:00,IoTPond4,2,24.75,100.0,3.465,7.52575
2021-08-21 17:00:00,IoTPond3,1,23.5,100.0,5.08,7.12628
2021-08-21 17:00:00,IoTpond1,6,24.53125,100.0,1.859,6.996905
2021-08-21 17:00:00,IoTPond7,4,25.875,34.0,6.6875,7.05365
2021-08-21 17:00:00,IoTPond2,0,24.53125,100.0,1.859,6.996905
2021-08-21 18:00:00,IoTPond2,0,24.59375,100.0,2.7215,6.999175
2021-08-21 18:00:00,IoTPond4,2,24.8125,100.0,2.434,7.52575
2021-08-21 18:00:00,IoTPond3,1,23.625,100.0,5.08,7.2375
2021-08-21 18:00:00,IoTpond1,6,24.59375,100.0,2.7215,6.999175
2021-08-21 18:00:00,IoTPond7,4,25.40625,34.0,5.214,7.07408
2021-08-21 19:00:00,IoTPond4,2,24.8125,100.0,2.256,7.53483
2021-08-21 19:00:00,IoTpond1,6,24.5,100.0,3.186,7.00371
2021-08-21 19:00:00,IoTPond3,1,23.5625,100.0,5.08,7.09904
2021-08-21 19:00:00,IoTPond7,4,25.0625,36.0,2.795,7.07635
2021-08-21 19:00:00,IoTPond2,0,24.5,100.0,3.186,7.00371
2021-08-21 20:00:00,IoTPond2,0,24.4375,100.0,1.327,7.01279
2021-08-21 20:00:00,IoTPond3,1,23.5625,100.0,5.08,7.12628
2021-08-21 20:00:00,IoTPond7,4,25.1875,36.0,4.309,7.07635
2021-08-21 20:00:00,IoTpond1,6,24.4375,100.0,1.327,7.01279
2021-08-21 20:00:00,IoTPond4,2,24.6875,99.5,3.9044999999999996,7.53483
2021-08-21 21:00:00,IoTPond4,2,24.625,100.0,4.6354999999999995,7.537100000000001
2021-08-21 21:00:00,IoTpond1,6,24.4375,100.0,1.639,7.01733
2021-08-21 21:00:00,IoTPond7,4,24.71875,33.0,6.432,7.05819
2021-08-21 21:00:00,IoTPond3,1,23.5,100.0,5.5885,7.087695
2021-08-21 21:00:00,IoTPond2,0,24.4375,100.0,1.639,7.01733
2021-08-21 22:00:00,IoTPond4,2,24.5625,100.0,2.886,7.55072
2021-08-21 22:00:00,IoTPond7,4,24.75,33.0,5.781000000000001,7.0423
2021-08-21 22:00:00,IoTPond3,1,23.4375,100.0,5.08,7.17848
2021-08-21 23:00:00,IoTPond3,1,23.375,100.0,5.08,7.17167
2021-08-21 23:00:00,IoTPond2,0,24.25,100.0,2.2185,7.00371
2021-08-21 23:00:00,IoTPond7,4,24.6875,33.0,5.0075,7.04003
2021-08-21 23:00:00,IoTPond4,2,24.5,100.0,3.0,7.56207
2021-08-21 23:00:00,IoTpond1,6,24.25,100.0,2.2185,7.00371
2021-08-22 00:00:00,IoTPond7,4,24.53125,33.0,5.7765,7.04457
2021-08-22 01:00:00,IoTPond3,1,23.3125,100.0,5.08,7.1626
2021-08-22 01:00:00,IoTPond2,0,24.09375,100.0,0.8105,7.00825
2021-08-22 01:00:00,IoTPond7,4,24.40625,33.0,6.605,7.03549
2021-08-22 01:00:00,IoTPond4,2,24.375,100.0,3.2030000000000003,7.56207
2021-08-22 01:00:00,IoTpond1,6,24.09375,100.0,0.8105,7.00825
2021-08-22 02:00:00,IoTPond2,0,24.0625,100.0,2.518,7.01279
2021-08-22 02:00:00,IoTpond1,6,24.0625,100.0,2.518,7.01279
2021-08-22 02:00:00,IoTPond4,2,24.3125,100.0,2.104,7.56661
2021-08-22 02:00:00,IoTPond3,1,23.25,100.0,5.08,7.15806
2021-08-22 03:00:00,IoTPond3,1,23.1875,100.0,5.08,7.14898
2021-08-22 03:00:00,IoTPond2,0,24.0,100.0,1.5165,7.01733
2021-08-22 03:00:00,IoTpond1,6,24.0,100.0,1.5165,7.01733
2021-08-22 03:00:00,IoTPond4,2,24.25,100.0,2.476,7.58477
2021-08-22 04:00:00,IoTPond3,1,23.1875,100.0,5.08,7.14217
2021-08-22 04:00:00,IoTPond2,0,24.0,100.0,1.31,7.01279
2021-08-22 04:00:00,IoTPond4,2,24.1875,100.0,2.772,7.58023
2021-08-22 04:00:00,IoTpond1,6,24.0,100.0,1.31,7.01279
2021-08-22 05:00:00,IoTPond4,2,24.125,100.0,3.11,7.612
2021-08-22 05:00:00,IoTPond3,1,23.125,100.0,5.08,7.0945
2021-08-22 05:00:00,IoTpond1,6,23.875,100.0,2.142,7.01279
2021-08-22 05:00:00,IoTPond2,0,23.875,100.0,2.142,7.01279
2021-08-22 06:00:00,IoTpond1,6,23.875,100.0,2.74,7.01279
2021-08-22 06:00:00,IoTPond4,2,24.0625,100.0,1.986,7.60292
2021-08-22 06:00:00,IoTPond6,3,23.1875,93.0,12.801,6.01865
2021-08-22 06:00:00,IoTPond3,1,23.0625,100.0,5.08,7.13309
2021-08-22 06:00:00,IoTPond2,0,23.875,100.0,2.74,7.01279
2021-08-22 07:00:00,IoTPond2,0,23.8125,100.0,1.6685,7.00598
2021-08-22 07:00:00,IoTPond6,3,23.1875,95.0,11.748,6.00503
2021-08-22 07:00:00,IoTpond1,6,23.8125,100.0,1.6685,7.00598
2021-08-22 07:00:00,IoTPond3,1,23.0625,100.0,5.08,7.1399
2021-08-22 07:00:00,IoTPond4,2,24.0625,100.0,2.8145,7.5893
2021-08-22 08:00:00,IoTPond2,0,23.8125,100.0,1.392,7.00825
2021-08-22 08:00:00,IoTPond6,3,23.25,96.0,11.471,6.00049
2021-08-22 08:00:00,IoTpond1,6,23.8125,100.0,1.392,7.00825
2021-08-22 08:00:00,IoTPond3,1,23.0625,100.0,5.08,7.13082
2021-08-22 08:00:00,IoTPond4,2,24.0625,100.0,2.1885000000000003,7.56207
2021-08-22 09:00:00,IoTpond1,6,23.84375,100.0,1.7934999999999999,7.00371
2021-08-22 09:00:00,IoTPond3,1,23.0625,100.0,5.08,7.15806
2021-08-22 09:00:00,IoTPond2,0,23.84375,100.0,1.7934999999999999,7.00371
2021-08-22 09:00:00,IoTPond6,3,23.3125,95.0,13.3855,6.00049
2021-08-22 09:00:00,IoTPond4,2,24.0625,100.0,1.6055,7.54391
2021-08-22 10:00:00,IoTPond2,0,23.875,100.0,1.642,6.99917
2021-08-22 10:00:00,IoTPond4,2,24.125,100.0,3.152,7.53483
2021-08-22 10:00:00,IoTpond1,6,23.875,100.0,1.642,6.99917
2021-08-22 10:00:00,IoTPond3,1,23.125,100.0,5.08,7.15806
2021-08-22 11:00:00,IoTpond1,6,24.0625,100.0,1.229,6.999175
2021-08-22 11:00:00,IoTPond3,1,23.25,100.0,5.08,7.17167
2021-08-22 11:00:00,IoTPond2,0,24.0625,100.0,1.229,6.999175
2021-08-22 11:00:00,IoTPond4,2,24.3125,100.0,3.271,7.52121
2021-08-22 12:00:00,IoTPond2,0,24.125,100.0,1.276,6.99464
2021-08-22 12:00:00,IoTPond4,2,24.375,100.0,3.182,7.52121
2021-08-22 12:00:00,IoTPond3,1,23.3125,100.0,5.08,7.18529
2021-08-22 12:00:00,IoTpond1,6,24.125,100.0,1.276,6.99464
2021-08-22 13:00:00,IoTPond2,0,24.1875,100.0,1.284,6.99917
2021-08-22 13:00:00,IoTpond1,6,24.1875,100.0,1.284,6.99917
2021-08-22 13:00:00,IoTPond4,2,24.4375,100.0,3.389,7.52575
2021-08-22 13:00:00,IoTPond3,1,23.3125,100.0,5.08,7.14217
2021-08-22 14:00:00,IoTPond6,3,23.625,97.0,12.364,6.0822
2021-08-22 14:00:00,IoTpond1,6,24.1875,100.0,2.417,6.99464
2021-08-22 14:00:00,IoTPond2,0,24.1875,100.0,2.417,6.99464
2021-08-22 14:00:00,IoTPond3,1,23.3125,100.0,5.08,7.10358
2021-08-22 14:00:00,IoTPond4,2,24.4375,100.0,1.825,7.53483
2021-08-22 15:00:00,IoTPond4,2,24.5,100.0,1.5590000000000002,7.53483
2021-08-22 15:00:00,IoTPond3,1,23.375,100.0,5.08,7.035489999999999
2021-08-22 15:00:00,IoTPond6,3,23.6875,97.0,13.3235,6.09582
2021-08-22 16:00:00,IoTPond4,2,24.5625,100.0,1.2165,7.53029
2021-08-22 16:00:00,IoTPond3,1,23.4375,100.0,5.08,7.08996
2021-08-22 16:00:00,IoTPond6,3,23.75,97.0,12.381499999999999,6.0822
2021-08-22 16:00:00,IoTpond1,6,24.34375,100.0,1.8335,6.9901
2021-08-22 16:00:00,IoTPond2,0,24.34375,100.0,1.8335,6.9901
2021-08-22 17:00:00,IoTPond4,2,24.625,100.0,1.479,7.51667
2021-08-22 17:00:00,IoTpond1,6,24.4375,100.0,1.783,6.98102
2021-08-22 17:00:00,IoTPond6,3,23.8125,98.0,8.311,6.0822
2021-08-22 17:00:00,IoTPond3,1,23.5625,100.0,5.08,7.12401
2021-08-22 17:00:00,IoTPond2,0,24.4375,100.0,1.783,6.98102
2021-08-22 18:00:00,IoTpond1,6,24.5,100.0,3.0380000000000003,6.98329
2021-08-22 18:00:00,IoTPond3,1,23.5625,100.0,5.08,7.16713
2021-08-22 18:00:00,IoTPond2,0,24.5,100.0,3.0380000000000003,6.98329
2021-08-22 18:00:00,IoTPond4,2,24.625,100.0,1.369,7.51667
2021-08-22 18:00:00,IoTPond6,3,23.8125,97.0,10.828,6.0822
2021-08-22 19:00:00,IoTPond3,1,23.5625,100.0,5.08,7.15806
2021-08-22 19:00:00,IoTPond6,3,23.75,98.0,9.141,6.04589
2021-08-22 20:00:00,IoTPond3,1,23.625,100.0,5.08,7.14898
2021-08-22 20:00:00,IoTPond6,3,23.6875,96.0,13.97,6.03681
2021-08-22 20:00:00,IoTPond4,2,24.5625,100.0,1.318,7.53483
2021-08-22 21:00:00,IoTPond3,1,23.53125,100.0,5.08,7.164865000000001
2021-08-22 21:00:00,IoTPond4,2,24.5,100.0,0.608,7.53483
2021-08-22 22:00:00,IoTPond3,1,23.5,100.0,5.08,7.1626
2021-08-22 22:00:00,IoTPond6,3,23.625,96.0,13.89,5.96872
2021-08-22 22:00:00,IoTPond4,2,24.4375,99.5,1.0985,7.54164
2021-08-22 23:00:00,IoTpond1,6,24.25,100.0,2.0025,7.01506
2021-08-22 23:00:00,IoTPond4,2,24.4375,100.0,1.8845,7.5552600000000005
2021-08-22 23:00:00,IoTPond2,0,24.25,100.0,2.0025,7.01506
2021-08-22 23:00:00,IoTPond3,1,23.4375,100.0,5.08,7.14217
2021-08-23 00:00:00,IoTPond3,1,23.375,100.0,5.08,7.17621
2021-08-23 00:00:00,IoTPond4,2,24.375,100.0,1.5205,7.57569
2021-08-23 00:00:00,IoTPond2,0,24.1875,100.0,1.808,6.98556
2021-08-23 00:00:00,IoTpond1,6,24.1875,100.0,1.808,6.98556
2021-08-23 01:00:00,IoTPond3,1,23.375,100.0,5.08,7.162595
2021-08-23 01:00:00,IoTPond4,2,24.3125,100.0,1.622,7.67102
2021-08-27 11:00:00,IoTPond4,2,25.1875,100.0,2.394,7.53029
2021-08-27 11:00:00,IoTPond3,1,23.875,100.0,5.08,7.267
2021-08-27 11:00:00,IoTPond6,3,24.125,100.0,0.659,5.36043
2021-08-27 12:00:00,IoTPond3,1,24.0,100.0,5.08,7.23523
2021-08-27 12:00:00,IoTPond2,0,24.90625,100.0,1.2425000000000002,6.93335
2021-08-27 12:00:00,IoTpond1,6,24.90625,100.0,1.2425000000000002,6.93335
2021-08-27 12:00:00,IoTPond4,2,25.375,100.0,2.491,7.53029
2021-08-27 13:00:00,IoTPond6,3,24.5625,100.0,0.515,5.35135
2021-08-27 13:00:00,IoTPond2,0,25.125,100.0,1.978,6.93108
2021-08-27 13:00:00,IoTpond1,6,25.125,100.0,1.978,6.93108
2021-08-27 13:00:00,IoTPond3,1,24.09375,100.0,5.08,7.23523
2021-08-27 13:00:00,IoTPond4,2,25.625,100.0,3.291,7.53029
2021-08-27 14:00:00,IoTPond4,2,25.84375,100.0,2.134,7.53029
2021-08-27 14:00:00,IoTpond1,6,25.25,100.0,1.505,6.92654
2021-08-27 14:00:00,IoTPond3,1,24.1875,100.0,5.08,7.267
2021-08-27 14:00:00,IoTPond6,3,24.6875,100.0,1.411,5.34227
2021-08-27 14:00:00,IoTPond2,0,25.25,100.0,1.505,6.92654
2021-08-27 15:00:00,IoTpond1,6,25.3125,100.0,1.089,6.92654
2021-08-27 15:00:00,IoTPond6,3,24.78125,100.0,0.8405,5.34681
2021-08-27 15:00:00,IoTPond4,2,26.0625,100.0,1.69,7.52802
2021-08-27 15:00:00,IoTPond2,0,25.3125,100.0,1.089,6.92654
2021-08-27 15:00:00,IoTPond3,1,24.3125,100.0,5.08,7.26246
2021-08-27 16:00:00,IoTPond4,2,26.3125,100.0,1.355,7.53256
2021-08-27 16:00:00,IoTPond2,0,25.625,100.0,1.682,6.91292
2021-08-27 16:00:00,IoTPond3,1,24.5,100.0,5.08,7.27154
2021-08-27 16:00:00,IoTpond1,6,25.625,100.0,1.682,6.91292
2021-08-27 17:00:00,IoTPond2,0,25.75,100.0,1.129,6.91292
2021-08-27 17:00:00,IoTpond1,6,25.75,100.0,1.129,6.91292
2021-08-27 17:00:00,IoTPond3,1,24.625,100.0,5.08,7.41227
2021-08-27 17:00:00,IoTPond4,2,26.4375,100.0,3.876,7.53029
2021-08-27 18:00:00,IoTPond6,3,24.8125,100.0,0.7685,5.35589
2021-08-27 18:00:00,IoTPond3,1,24.625,100.0,5.08,7.34871
2021-08-27 18:00:00,IoTPond2,0,25.6875,100.0,1.113,6.93108
2021-08-27 18:00:00,IoTPond4,2,26.375,100.0,1.869,7.53483
2021-08-27 18:00:00,IoTpond1,6,25.6875,100.0,1.113,6.93108
2021-08-27 19:00:00,IoTpond1,6,25.5,100.0,1.3335,6.94016
2021-08-27 19:00:00,IoTPond3,1,24.5,100.0,5.08,7.34417
2021-08-27 19:00:00,IoTPond2,0,25.5,100.0,1.3335,6.94016
2021-08-27 19:00:00,IoTPond4,2,26.125,100.0,1.545,7.53483
2021-08-27 19:00:00,IoTPond6,3,24.59375,100.0,0.7010000000000001,5.353619999999999
2021-08-27 20:00:00,IoTPond4,2,25.9375,100.0,1.874,7.53483
2021-08-27 20:00:00,IoTPond2,0,25.40625,100.0,1.6215,6.94924
2021-08-27 20:00:00,IoTpond1,6,25.40625,100.0,1.6215,6.94924
2021-08-27 20:00:00,IoTPond3,1,24.3125,100.0,5.08,7.33963
2021-08-27 21:00:00,IoTPond3,1,24.1875,100.0,5.08,7.32148
2021-08-27 21:00:00,IoTPond4,2,25.8125,100.0,1.778,7.53937
2021-08-27 21:00:00,IoTPond6,3,24.375,100.0,1.2675,5.34681
2021-08-27 21:00:00,IoTPond2,0,25.125,100.0,1.874,6.9447
2021-08-27 21:00:00,IoTpond1,6,25.125,100.0,1.874,6.9447
2021-08-27 22:00:00,IoTPond2,0,25.0625,100.0,1.601,6.9447
2021-08-27 22:00:00,IoTpond1,6,25.0625,100.0,1.601,6.9447
2021-08-27 22:00:00,IoTPond4,2,25.6875,100.0,1.986,7.53937
2021-08-27 22:00:00,IoTPond3,1,24.0625,100.0,5.08,7.3124
2021-08-27 22:00:00,IoTPond6,3,24.375,100.0,1.098,5.36043
2021-08-27 23:00:00,IoTPond3,1,24.0,100.0,5.08,7.30786
2021-08-27 23:00:00,IoTpond1,6,24.9375,100.0,1.479,6.94924
2021-08-27 23:00:00,IoTPond2,0,24.9375,100.0,1.479,6.94924
2021-08-27 23:00:00,IoTPond4,2,25.5625,100.0,1.746,7.53937
2021-08-28 00:00:00,IoTpond1,6,24.875,100.0,1.808,6.94924
2021-08-28 00:00:00,IoTPond2,0,24.875,100.0,1.808,6.94924
2021-08-28 00:00:00,IoTPond3,1,23.9375,100.0,5.08,7.29878
2021-08-28 00:00:00,IoTPond6,3,24.1875,100.0,0.667,5.34681
2021-08-28 00:00:00,IoTPond4,2,25.5,100.0,2.202,7.53937
2021-08-28 01:00:00,IoTPond2,0,24.6875,100.0,2.51,6.94924
2021-08-28 01:00:00,IoTPond4,2,25.375,100.0,1.6695,7.54845
2021-08-28 01:00:00,IoTPond3,1,23.8125,100.0,5.08,7.30786
2021-08-28 01:00:00,IoTPond6,3,24.125,100.0,1.225,5.35135
2021-08-28 01:00:00,IoTpond1,6,24.6875,100.0,2.51,6.94924
2021-08-28 02:00:00,IoTPond3,1,23.75,100.0,5.08,7.3124
2021-08-28 02:00:00,IoTPond2,0,24.625,100.0,1.8845,6.94924
2021-08-28 02:00:00,IoTPond6,3,23.9375,100.0,0.6825,5.35589
2021-08-28 02:00:00,IoTpond1,6,24.625,100.0,1.8845,6.94924
2021-08-28 02:00:00,IoTPond4,2,25.25,100.0,1.5935000000000001,7.54164
2021-08-28 03:00:00,IoTPond6,3,23.9375,100.0,0.839,5.35135
2021-08-28 03:00:00,IoTPond2,0,24.5,100.0,1.614,6.9447
2021-08-28 03:00:00,IoTPond4,2,25.125,100.0,2.062,7.54845
2021-08-28 03:00:00,IoTPond3,1,23.625,100.0,5.08,7.31694
2021-08-28 03:00:00,IoTpond1,6,24.5,100.0,1.614,6.9447
2021-08-28 04:00:00,IoTPond6,3,23.8125,100.0,0.7849999999999999,5.35135
2021-08-28 04:00:00,IoTPond4,2,25.0625,100.0,1.273,7.53937
2021-08-28 04:00:00,IoTpond1,6,24.4375,100.0,1.834,6.95378
2021-08-28 04:00:00,IoTPond3,1,23.5625,100.0,5.08,7.31694
2021-08-28 04:00:00,IoTPond2,0,24.4375,100.0,1.834,6.95378
2021-08-28 05:00:00,IoTpond1,6,24.375,100.0,1.5505,6.94924
2021-08-28 05:00:00,IoTPond3,1,23.5,100.0,5.08,7.32148
2021-08-28 05:00:00,IoTPond4,2,24.90625,100.0,1.808,7.54618
2021-08-28 05:00:00,IoTPond2,0,24.375,100.0,1.5505,6.94924
2021-08-28 05:00:00,IoTPond6,3,23.78125,100.0,2.4545,5.335459999999999
2021-08-28 06:00:00,IoTPond3,1,23.4375,100.0,5.08,7.33963
2021-08-28 06:00:00,IoTpond1,6,24.3125,100.0,2.155,6.95378
2021-08-28 06:00:00,IoTPond2,0,24.3125,100.0,2.155,6.95378
2021-08-28 06:00:00,IoTPond6,3,23.6875,100.0,0.6245,5.33319
2021-08-28 06:00:00,IoTPond4,2,24.875,100.0,1.7115,7.54391
2021-08-28 07:00:00,IoTPond6,3,23.6875,100.0,0.553,5.34227
2021-08-28 07:00:00,IoTPond4,2,24.8125,100.0,1.3565,7.55072
2021-08-28 07:00:00,IoTpond1,6,24.1875,100.0,1.7534999999999998,6.95378
2021-08-28 07:00:00,IoTPond3,1,23.375,100.0,5.08,7.34417
2021-08-28 07:00:00,IoTPond2,0,24.1875,100.0,1.7534999999999998,6.95378
2021-08-28 08:00:00,IoTPond2,0,24.1875,100.0,1.3559999999999999,6.94697
2021-08-28 08:00:00,IoTPond6,3,23.75,100.0,0.901,5.32411
2021-08-28 08:00:00,IoTPond4,2,24.75,100.0,1.808,7.53937
2021-08-28 08:00:00,IoTpond1,6,24.1875,100.0,1.3559999999999999,6.94697
2021-08-28 08:00:00,IoTPond3,1,23.375,100.0,5.08,7.38503
2021-08-28 09:00:00,IoTPond6,3,23.8125,100.0,0.593,5.31276
2021-08-28 09:00:00,IoTPond3,1,23.375,100.0,5.08,7.419074999999999
2021-08-28 09:00:00,IoTpond1,6,24.1875,100.0,2.544,6.94016
2021-08-28 09:00:00,IoTPond2,0,24.1875,100.0,2.544,6.94016
2021-08-28 09:00:00,IoTPond4,2,24.8125,100.0,2.011,7.53483
2021-08-28 10:00:00,IoTpond1,6,24.3125,100.0,1.504,6.9447
2021-08-28 10:00:00,IoTPond6,3,23.90625,100.0,0.669,5.30595
2021-08-28 10:00:00,IoTPond3,1,23.4375,100.0,5.08,7.40319
2021-08-28 10:00:00,IoTPond2,0,24.3125,100.0,1.504,6.9447
2021-08-28 10:00:00,IoTPond4,2,24.875,100.0,1.791,7.53029
2021-08-28 11:00:00,IoTPond3,1,23.5,100.0,5.08,7.37595
2021-08-28 11:00:00,IoTPond6,3,24.0625,100.0,0.709,5.31049
2021-08-28 11:00:00,IoTPond2,0,24.4375,100.0,2.163,6.93562
2021-08-28 11:00:00,IoTPond4,2,24.9375,100.0,1.5885,7.53029
2021-08-28 11:00:00,IoTpond1,6,24.4375,100.0,2.163,6.93562
2021-08-28 12:00:00,IoTPond2,0,24.6875,100.0,1.927,6.92654
2021-08-28 12:00:00,IoTPond3,1,23.625,100.0,5.08,7.47582
2021-08-28 12:00:00,IoTpond1,6,24.6875,100.0,1.927,6.92654
2021-08-28 12:00:00,IoTPond4,2,25.25,100.0,2.595,7.51213
2021-08-28 12:00:00,IoTPond6,3,24.3125,100.0,0.76,5.29688
2021-08-28 13:00:00,IoTpond1,6,24.9375,100.0,1.512,6.92654
2021-08-28 13:00:00,IoTPond3,1,23.8125,100.0,5.08,7.40319
2021-08-28 13:00:00,IoTPond6,3,24.5,100.0,0.76,5.29234
2021-08-28 13:00:00,IoTPond2,0,24.9375,100.0,1.512,6.92654
2021-08-28 13:00:00,IoTPond4,2,25.75,100.0,3.388,7.50759
2021-08-28 14:00:00,IoTpond1,6,25.0,100.0,1.416,6.926539999999999
2021-08-28 14:00:00,IoTPond3,1,23.875,100.0,5.08,7.40319
2021-08-28 14:00:00,IoTPond6,3,24.5625,100.0,0.566,5.35589
2021-08-28 14:00:00,IoTPond2,0,25.0,100.0,1.416,6.926539999999999
2021-08-28 14:00:00,IoTPond4,2,26.0,97.0,2.231,7.50759
2021-08-28 15:00:00,IoTPond4,2,26.125,100.0,1.968,7.5007850000000005
2021-08-28 15:00:00,IoTpond1,6,25.09375,100.0,1.1325,6.922
2021-08-28 15:00:00,IoTPond2,0,25.09375,100.0,1.1325,6.922
2021-08-28 15:00:00,IoTPond6,3,24.6875,100.0,0.684,5.30595
2021-08-28 15:00:00,IoTPond3,1,24.0625,100.0,5.08,7.46674
2021-08-28 16:00:00,IoTPond4,2,26.25,100.0,1.53,7.50306
2021-08-28 16:00:00,IoTPond6,3,24.75,100.0,0.8069999999999999,5.28099
2021-08-28 16:00:00,IoTPond2,0,25.375,100.0,1.089,6.91746
2021-08-28 16:00:00,IoTpond1,6,25.375,100.0,1.089,6.91746
2021-08-28 16:00:00,IoTPond3,1,24.1875,100.0,5.08,7.4849
2021-08-28 17:00:00,IoTPond6,3,24.625,100.0,0.819,5.31049
2021-08-28 17:00:00,IoTPond3,1,24.25,100.0,5.08,7.41681
2021-08-28 17:00:00,IoTPond4,2,26.25,100.0,6.922,7.51213
2021-08-28 17:00:00,IoTpond1,6,25.375,100.0,1.209,6.93108
2021-08-28 17:00:00,IoTPond2,0,25.375,100.0,1.209,6.93108
2021-08-28 18:00:00,IoTPond2,0,25.25,100.0,1.0485,6.94243
2021-08-28 18:00:00,IoTPond6,3,24.5625,100.0,0.659,5.29234
2021-08-28 18:00:00,IoTPond3,1,24.1875,100.0,5.08,7.37822
2021-08-28 18:00:00,IoTPond4,2,26.125,100.0,3.86,7.52802
2021-08-28 18:00:00,IoTpond1,6,25.25,100.0,1.0485,6.94243
2021-08-28 19:00:00,IoTpond1,6,25.09375,100.0,1.389,6.9447
2021-08-28 19:00:00,IoTPond2,0,25.09375,100.0,1.389,6.9447
2021-08-28 19:00:00,IoTPond6,3,24.375,100.0,0.997,5.29688
2021-08-28 19:00:00,IoTPond4,2,25.9375,100.0,1.393,7.53029
2021-08-28 19:00:00,IoTPond3,1,24.0625,100.0,5.08,7.34871
2021-08-28 20:00:00,IoTpond1,6,24.96875,100.0,2.1159999999999997,6.94016
2021-08-28 20:00:00,IoTPond2,0,24.96875,100.0,2.1159999999999997,6.94016
2021-08-28 20:00:00,IoTPond3,1,23.9375,100.0,5.08,7.37595
2021-08-28 20:00:00,IoTPond6,3,24.25,100.0,0.9165,5.29234
2021-08-28 20:00:00,IoTPond4,2,25.75,100.0,1.377,7.53483
2021-08-28 21:00:00,IoTPond6,3,24.125,100.0,0.955,5.30141
2021-08-28 21:00:00,IoTPond4,2,25.625,100.0,1.153,7.53483
2021-08-28 21:00:00,IoTPond2,0,24.8125,100.0,1.369,6.94016
2021-08-28 21:00:00,IoTPond3,1,23.8125,100.0,5.08,7.38503
2021-08-28 21:00:00,IoTpond1,6,24.8125,100.0,1.369,6.94016
2021-08-28 22:00:00,IoTpond1,6,24.6875,100.0,2.2355,6.9447
2021-08-28 22:00:00,IoTPond6,3,24.03125,100.0,0.5785,5.299144999999999
2021-08-28 22:00:00,IoTPond3,1,23.75,100.0,5.08,7.38049
2021-08-28 22:00:00,IoTPond2,0,24.6875,100.0,2.2355,6.9447
2021-08-28 22:00:00,IoTPond4,2,25.4375,100.0,1.297,7.53937
2021-08-28 23:00:00,IoTPond4,2,25.25,100.0,1.4849999999999999,7.54618
2021-08-28 23:00:00,IoTPond2,0,24.5625,100.0,1.7915,6.94243
2021-08-28 23:00:00,IoTpond1,6,24.5625,100.0,1.7915,6.94243
2021-08-28 23:00:00,IoTPond3,1,23.6875,100.0,5.08,7.38957
2021-08-28 23:00:00,IoTPond6,3,23.96875,100.0,0.6465000000000001,5.2878
2021-08-29 00:00:00,IoTpond1,6,24.4375,100.0,1.0394999999999999,6.9447
2021-08-29 00:00:00,IoTPond6,3,23.875,100.0,0.669,5.29234
2021-08-29 00:00:00,IoTPond3,1,23.5625,100.0,5.08,7.38503
2021-08-29 00:00:00,IoTPond2,0,24.4375,100.0,1.0394999999999999,6.9447
2021-08-29 00:00:00,IoTPond4,2,25.125,100.0,1.105,7.55072
2021-08-29 01:00:00,IoTpond1,6,24.375,100.0,1.741,6.9447
2021-08-29 01:00:00,IoTPond4,2,25.0625,100.0,1.746,7.55753
2021-08-29 01:00:00,IoTPond3,1,23.5,100.0,5.08,7.24885
2021-08-29 01:00:00,IoTPond2,0,24.375,100.0,1.741,6.9447
2021-08-29 01:00:00,IoTPond6,3,23.8125,100.0,0.946,5.2878
2021-08-29 02:00:00,IoTpond1,6,24.3125,100.0,1.546,6.9447
2021-08-29 02:00:00,IoTPond4,2,25.0,100.0,2.772,7.58023
2021-08-29 02:00:00,IoTPond6,3,23.75,100.0,0.946,5.28326
2021-08-29 02:00:00,IoTPond2,0,24.3125,100.0,1.546,6.9447
2021-08-29 02:00:00,IoTPond3,1,23.4375,100.0,5.08,7.25792
2021-08-29 03:00:00,IoTPond3,1,23.4375,100.0,5.08,7.24431
2021-08-29 03:00:00,IoTPond4,2,24.9375,100.0,3.968,7.57569
2021-08-29 03:00:00,IoTpond1,6,24.25,100.0,0.752,6.94016
2021-08-29 03:00:00,IoTPond6,3,23.6875,100.0,0.6915,5.2946100000000005
2021-08-29 03:00:00,IoTPond2,0,24.25,100.0,0.752,6.94016
2021-08-29 04:00:00,IoTPond2,0,24.25,100.0,1.314,6.94924
2021-08-29 04:00:00,IoTPond6,3,23.5625,100.0,1.098,5.27872
2021-08-29 04:00:00,IoTpond1,6,24.25,100.0,1.314,6.94924
2021-08-29 04:00:00,IoTPond4,2,24.8125,100.0,3.245,7.56661
2021-08-29 04:00:00,IoTPond3,1,23.375,100.0,5.08,7.1693999999999996
2021-08-29 05:00:00,IoTPond4,2,24.75,100.0,1.8335,7.57796
2021-08-29 05:00:00,IoTPond2,0,24.125,100.0,1.838,6.94924
2021-08-29 05:00:00,IoTPond6,3,23.5,100.0,0.705,5.28326
2021-08-29 05:00:00,IoTpond1,6,24.125,100.0,1.838,6.94924
2021-08-29 05:00:00,IoTPond3,1,23.3125,100.0,5.08,7.146710000000001
2021-08-29 06:00:00,IoTPond3,1,23.25,100.0,5.08,7.23069
2021-08-29 06:00:00,IoTPond2,0,24.03125,100.0,1.6179999999999999,6.94697
2021-08-29 06:00:00,IoTPond4,2,24.625,100.0,3.178,7.57569
2021-08-29 06:00:00,IoTPond6,3,23.4375,100.0,0.7315,5.28326
2021-08-29 06:00:00,IoTpond1,6,24.03125,100.0,1.6179999999999999,6.94697
2021-08-29 07:00:00,IoTPond6,3,23.375,100.0,0.848,5.27872
2021-08-29 07:00:00,IoTpond1,6,23.96875,100.0,0.7875000000000001,6.94924
2021-08-29 07:00:00,IoTPond4,2,24.5625,100.0,2.045,7.57569
2021-08-29 07:00:00,IoTPond3,1,23.1875,100.0,5.08,7.17848
2021-08-29 07:00:00,IoTPond2,0,23.96875,100.0,0.7875000000000001,6.94924
2021-08-29 08:00:00,IoTPond6,3,23.40625,100.0,0.7004999999999999,5.27191
2021-08-29 08:00:00,IoTpond1,6,23.875,100.0,1.62,6.94243
2021-08-29 08:00:00,IoTPond4,2,24.5,100.0,1.373,7.5598
2021-08-29 08:00:00,IoTPond2,0,23.875,100.0,1.62,6.94243
2021-08-29 08:00:00,IoTPond3,1,23.125,100.0,5.08,7.24431
2021-08-29 09:00:00,IoTpond1,6,23.9375,100.0,1.249,6.94016
2021-08-29 09:00:00,IoTPond3,1,23.125,100.0,5.08,7.38276
2021-08-29 09:00:00,IoTPond6,3,23.5,100.0,0.696,5.26964
2021-08-29 09:00:00,IoTPond4,2,24.5,100.0,1.479,7.53029
2021-08-29 09:00:00,IoTPond2,0,23.9375,100.0,1.249,6.94016
2021-08-29 10:00:00,IoTPond3,1,23.3125,100.0,5.08,7.29878
2021-08-29 10:00:00,IoTPond6,3,23.75,100.0,0.526,5.2651
2021-08-29 10:00:00,IoTPond2,0,24.125,100.0,1.183,6.92654
2021-08-29 10:00:00,IoTPond4,2,24.6875,100.0,0.9079999999999999,7.50079
2021-08-29 10:00:00,IoTpond1,6,24.125,100.0,1.183,6.92654
2021-08-29 11:00:00,IoTpond1,6,24.375,100.0,1.0685,6.922000000000001
2021-08-29 11:00:00,IoTPond4,2,24.875,100.0,1.157,7.49398
2021-08-29 11:00:00,IoTPond6,3,24.0,100.0,0.7475,5.24467
2021-08-29 11:00:00,IoTPond3,1,23.5,100.0,5.08,7.32148
2021-08-29 11:00:00,IoTPond2,0,24.375,100.0,1.0685,6.922000000000001
2021-08-29 12:00:00,IoTpond1,6,24.5625,100.0,1.098,6.90839
2021-08-29 12:00:00,IoTPond4,2,25.1875,100.0,1.345,7.4849
2021-08-29 12:00:00,IoTPond3,1,23.625,100.0,5.08,7.40319
2021-08-29 12:00:00,IoTPond2,0,24.5625,100.0,1.098,6.90839
2021-08-29 12:00:00,IoTPond6,3,24.125,100.0,1.335,5.25148
2021-08-29 13:00:00,IoTpond1,6,24.84375,100.0,3.072,6.91746
2021-08-29 13:00:00,IoTPond4,2,25.34375,100.0,1.069,7.47582
2021-08-29 13:00:00,IoTPond2,0,24.84375,100.0,3.072,6.91746
2021-08-29 13:00:00,IoTPond6,3,24.21875,100.0,1.0345,5.24467
2021-08-29 13:00:00,IoTPond3,1,23.75,100.0,5.08,7.37595
2021-08-29 14:00:00,IoTPond3,1,23.875,100.0,5.08,7.267
2021-08-29 14:00:00,IoTPond4,2,25.5,100.0,0.9724999999999999,7.4849
2021-08-29 14:00:00,IoTpond1,6,24.875,100.0,3.135,6.922
2021-08-29 14:00:00,IoTPond6,3,24.3125,100.0,0.76,5.23332
2021-08-29 14:00:00,IoTPond2,0,24.875,100.0,3.135,6.922
2021-08-29 15:00:00,IoTpond1,6,25.0,100.0,0.985,6.922
2021-08-29 15:00:00,IoTPond4,2,25.5625,100.0,1.245,7.491709999999999
2021-08-29 15:00:00,IoTPond3,1,23.9375,100.0,5.08,7.23523
2021-08-29 15:00:00,IoTPond6,3,24.375,100.0,0.701,5.240130000000001
2021-08-29 15:00:00,IoTPond2,0,25.0,100.0,0.985,6.922
2021-08-29 16:00:00,IoTPond4,2,25.75,100.0,1.001,7.47582
2021-08-29 16:00:00,IoTPond3,1,24.0625,100.0,5.08,7.24885
2021-08-29 16:00:00,IoTpond1,6,25.0625,100.0,0.905,6.90385
2021-08-29 16:00:00,IoTPond2,0,25.0625,100.0,0.905,6.90385
2021-08-29 17:00:00,IoTPond2,0,25.25,100.0,0.973,6.90839
2021-08-29 17:00:00,IoTPond3,1,24.1875,100.0,5.08,7.21253
2021-08-29 17:00:00,IoTPond4,2,25.8125,100.0,1.201,7.4849
2021-08-29 17:00:00,IoTPond6,3,24.5625,100.0,0.8195,5.23332
2021-08-29 17:00:00,IoTpond1,6,25.25,100.0,0.973,6.90839
2021-08-29 18:00:00,IoTpond1,6,25.3125,100.0,1.033,6.90839
2021-08-29 18:00:00,IoTPond4,2,25.84375,100.0,1.8575,7.4849
2021-08-29 18:00:00,IoTPond2,0,25.3125,100.0,1.033,6.90839
2021-08-29 18:00:00,IoTPond3,1,24.1875,100.0,5.08,7.1399
2021-08-29 18:00:00,IoTPond6,3,24.53125,100.0,1.0985,5.24694
2021-08-29 19:00:00,IoTPond6,3,24.5,100.0,0.7685,5.240130000000001
2021-08-29 19:00:00,IoTPond4,2,25.8125,100.0,0.8725,7.50986
2021-08-29 19:00:00,IoTPond3,1,24.1875,100.0,5.08,7.08996
2021-08-29 19:00:00,IoTpond1,6,25.25,100.0,1.962,6.922
2021-08-29 19:00:00,IoTPond2,0,25.25,100.0,1.962,6.922
2021-08-29 20:00:00,IoTPond6,3,24.5,100.0,0.659,5.22878
2021-08-29 20:00:00,IoTPond2,0,25.25,100.0,0.945,6.93108
2021-08-29 20:00:00,IoTPond4,2,25.75,100.0,1.129,7.52121
2021-08-29 20:00:00,IoTpond1,6,25.25,100.0,0.945,6.93108
2021-08-29 20:00:00,IoTPond3,1,24.1875,100.0,5.08,7.09904
2021-08-29 21:00:00,IoTPond6,3,24.4375,100.0,0.659,5.23332
2021-08-29 21:00:00,IoTPond4,2,25.71875,100.0,0.8125,7.52348
2021-08-29 21:00:00,IoTPond2,0,25.1875,100.0,1.6415,6.922
2021-08-29 21:00:00,IoTpond1,6,25.1875,100.0,1.6415,6.922
2021-08-29 21:00:00,IoTPond3,1,24.1875,100.0,5.08,7.0468399999999995
2021-08-29 22:00:00,IoTPond4,2,25.625,100.0,1.8900000000000001,7.53029
2021-08-29 22:00:00,IoTpond1,6,25.125,100.0,1.714,6.92654
2021-08-29 22:00:00,IoTPond6,3,24.40625,100.0,0.6715,5.23559
2021-08-29 22:00:00,IoTPond3,1,24.1875,100.0,5.08,7.07181
2021-08-29 22:00:00,IoTPond2,0,25.125,100.0,1.714,6.92654
2021-08-29 23:00:00,IoTPond4,2,25.5625,100.0,1.537,7.53483
2021-08-29 23:00:00,IoTpond1,6,25.0625,100.0,1.425,6.92654
2021-08-29 23:00:00,IoTPond3,1,24.125,100.0,5.08,7.01279
2021-08-29 23:00:00,IoTPond2,0,25.0625,100.0,1.425,6.92654
2021-08-29 23:00:00,IoTPond6,3,24.3125,100.0,0.819,5.23559
2021-08-30 00:00:00,IoTPond6,3,24.25,100.0,0.87,5.23786
2021-08-30 00:00:00,IoTPond4,2,25.46875,100.0,1.397,7.53483
2021-08-30 00:00:00,IoTpond1,6,25.0,100.0,2.1559999999999997,6.92427
2021-08-30 00:00:00,IoTPond3,1,24.125,100.0,5.08,7.01279
2021-08-30 00:00:00,IoTPond2,0,25.0,100.0,2.1559999999999997,6.92427
2021-08-30 01:00:00,IoTpond1,6,24.9375,100.0,2.307,6.92654
2021-08-30 01:00:00,IoTPond2,0,24.9375,100.0,2.307,6.92654
2021-08-30 01:00:00,IoTPond3,1,24.0,100.0,5.08,6.97648
2021-08-30 01:00:00,IoTPond4,2,25.375,100.0,2.158,7.53483
2021-08-30 01:00:00,IoTPond6,3,24.1875,100.0,0.676,5.23332
2021-08-30 02:00:00,IoTPond2,0,24.8125,100.0,1.6480000000000001,6.93108
2021-08-30 02:00:00,IoTPond4,2,25.3125,100.0,1.4535,7.53483
2021-08-30 02:00:00,IoTPond3,1,24.0,100.0,5.08,6.99464
2021-08-30 02:00:00,IoTpond1,6,24.8125,100.0,1.6480000000000001,6.93108
2021-08-30 02:00:00,IoTPond6,3,24.125,100.0,0.938,5.23786
2021-08-30 03:00:00,IoTPond6,3,24.0,100.0,0.946,5.22878
2021-08-30 03:00:00,IoTPond2,0,24.6875,100.0,2.6790000000000003,6.93108
2021-08-30 03:00:00,IoTPond4,2,25.25,100.0,2.242,7.53937
2021-08-30 03:00:00,IoTpond1,6,24.6875,100.0,2.6790000000000003,6.93108
2021-08-30 03:00:00,IoTPond3,1,23.875,100.0,5.08,6.95378
2021-08-30 04:00:00,IoTPond3,1,23.8125,100.0,5.08,6.97648
2021-08-30 04:00:00,IoTpond1,6,24.625,100.0,1.369,6.93108
2021-08-30 04:00:00,IoTPond2,0,24.625,100.0,1.369,6.93108
2021-08-30 04:00:00,IoTPond6,3,23.9375,100.0,0.865,5.22878
2021-08-30 04:00:00,IoTPond4,2,25.125,100.0,2.202,7.53483
2021-08-30 05:00:00,IoTPond2,0,24.5625,100.0,1.6815,6.93108
2021-08-30 05:00:00,IoTPond6,3,23.9375,100.0,0.919,5.23332
2021-08-30 05:00:00,IoTPond4,2,25.0625,100.0,1.698,7.54391
2021-08-30 05:00:00,IoTpond1,6,24.5625,100.0,1.6815,6.93108
2021-08-30 05:00:00,IoTPond3,1,23.75,100.0,5.08,6.92654
2021-08-30 06:00:00,IoTPond2,0,24.5,100.0,1.4745,6.93108
2021-08-30 06:00:00,IoTPond6,3,23.875,100.0,0.7095,5.22424
2021-08-30 06:00:00,IoTpond1,6,24.5,100.0,1.4745,6.93108
2021-08-30 06:00:00,IoTPond3,1,23.75,100.0,5.08,6.93108
2021-08-30 06:00:00,IoTPond4,2,25.0,100.0,1.614,7.54391
2021-08-30 07:00:00,IoTPond3,1,23.6875,100.0,5.08,6.94924
2021-08-30 07:00:00,IoTPond2,0,24.46875,100.0,1.766,6.92881
2021-08-30 07:00:00,IoTpond1,6,24.46875,100.0,1.766,6.92881
2021-08-30 07:00:00,IoTPond4,2,24.9375,100.0,1.6600000000000001,7.54164
2021-08-30 07:00:00,IoTPond6,3,23.8125,100.0,0.91,5.2197
2021-08-30 08:00:00,IoTPond6,3,23.8125,100.0,0.7985,5.21517
2021-08-30 08:00:00,IoTPond3,1,23.625,100.0,5.08,6.91292
2021-08-30 08:00:00,IoTPond4,2,24.875,100.0,1.682,7.53483
2021-08-30 08:00:00,IoTPond2,0,24.4375,100.0,1.791,6.92654
2021-08-30 08:00:00,IoTpond1,6,24.4375,100.0,1.791,6.92654
2021-08-30 09:00:00,IoTPond6,3,23.90625,100.0,0.7045,5.21063
2021-08-30 09:00:00,IoTPond4,2,24.875,100.0,1.593,7.53483
2021-08-30 09:00:00,IoTPond3,1,23.625,100.0,5.08,6.90385
2021-08-30 09:00:00,IoTpond1,6,24.4375,100.0,1.2505,6.92654
2021-08-30 09:00:00,IoTPond2,0,24.4375,100.0,1.2505,6.92654
2021-08-30 10:00:00,IoTpond1,6,24.4375,100.0,1.479,6.922
2021-08-30 10:00:00,IoTPond2,0,24.4375,100.0,1.479,6.922
2021-08-30 10:00:00,IoTPond3,1,23.6875,100.0,5.08,6.89477
2021-08-30 10:00:00,IoTPond6,3,24.03125,100.0,0.9099999999999999,5.21063
2021-08-30 10:00:00,IoTPond4,2,24.9375,100.0,1.496,7.51667
2021-08-30 11:00:00,IoTPond2,0,24.5625,100.0,1.428,6.922
2021-08-30 11:00:00,IoTpond1,6,24.5625,100.0,1.428,6.922
2021-08-30 11:00:00,IoTPond3,1,23.8125,100.0,5.08,7.27154
2021-08-30 11:00:00,IoTPond4,2,25.0625,100.0,1.353,7.50306
2021-08-30 11:00:00,IoTPond6,3,24.125,100.0,0.819,5.21063
2021-08-30 12:00:00,IoTPond6,3,24.25,100.0,0.963,5.21063
2021-08-30 12:00:00,IoTpond1,6,24.6875,100.0,2.0069999999999997,6.91292
2021-08-30 12:00:00,IoTPond2,0,24.6875,100.0,2.0069999999999997,6.91292
2021-08-30 12:00:00,IoTPond4,2,25.25,100.0,1.818,7.49398
2021-08-30 12:00:00,IoTPond3,1,23.875,100.0,5.08,7.23977
2021-08-30 13:00:00,IoTPond4,2,25.3125,100.0,1.513,7.50306
2021-08-30 13:00:00,IoTPond6,3,24.3125,100.0,0.819,5.21063
2021-08-30 13:00:00,IoTPond2,0,24.6875,100.0,1.6055000000000001,6.91292
2021-08-30 13:00:00,IoTpond1,6,24.6875,100.0,1.6055000000000001,6.91292
2021-08-30 13:00:00,IoTPond3,1,24.0,100.0,5.08,7.12628
2021-08-30 14:00:00,IoTPond2,0,24.8125,100.0,1.386,6.90839
2021-08-30 14:00:00,IoTPond4,2,25.40625,100.0,1.525,7.50759
2021-08-30 14:00:00,IoTPond6,3,24.375,100.0,0.849,5.20836
2021-08-30 14:00:00,IoTpond1,6,24.8125,100.0,1.386,6.90839
2021-08-30 14:00:00,IoTPond3,1,24.0625,100.0,5.08,7.10812
2021-08-30 15:00:00,IoTpond1,6,24.9375,100.0,2.18,6.90385
2021-08-30 15:00:00,IoTPond4,2,25.5,100.0,1.393,7.50306
2021-08-30 15:00:00,IoTPond2,0,24.9375,100.0,2.18,6.90385
2021-08-30 15:00:00,IoTPond6,3,24.4375,100.0,0.633,5.20609
2021-08-30 15:00:00,IoTPond3,1,24.125,100.0,5.08,7.18529
2021-08-30 16:00:00,IoTPond4,2,25.5625,100.0,1.033,7.50306
2021-08-30 16:00:00,IoTPond2,0,25.0,100.0,2.7249999999999996,6.90839
2021-08-30 16:00:00,IoTPond6,3,24.4375,100.0,1.098,5.20609
2021-08-30 16:00:00,IoTPond3,1,24.1875,100.0,5.08,7.11266
2021-08-30 16:00:00,IoTpond1,6,25.0,100.0,2.7249999999999996,6.90839
2021-08-30 17:00:00,IoTPond2,0,25.0,100.0,2.33,6.90839
2021-08-30 17:00:00,IoTpond1,6,25.0,100.0,2.33,6.90839
2021-08-30 17:00:00,IoTPond4,2,25.5625,100.0,1.425,7.50759
2021-08-30 17:00:00,IoTPond6,3,24.4375,100.0,1.149,5.20609
2021-08-30 17:00:00,IoTPond3,1,24.25,100.0,5.08,7.14898
2021-08-30 18:00:00,IoTPond4,2,25.5625,100.0,1.6655,7.518940000000001
2021-08-30 18:00:00,IoTPond6,3,24.4375,100.0,1.098,5.20609
2021-08-30 18:00:00,IoTpond1,6,25.0,100.0,1.345,6.90839
2021-08-30 18:00:00,IoTPond2,0,25.0,100.0,1.345,6.90839
2021-08-30 18:00:00,IoTPond3,1,24.25,100.0,5.08,7.0945
2021-08-30 19:00:00,IoTPond2,0,25.0,100.0,1.83,6.91292
2021-08-30 19:00:00,IoTPond4,2,25.5,100.0,1.361,7.52121
2021-08-30 19:00:00,IoTPond6,3,24.40625,100.0,1.259,5.21063
2021-08-30 19:00:00,IoTpond1,6,25.0,100.0,1.83,6.91292
2021-08-30 19:00:00,IoTPond3,1,24.25,100.0,5.08,7.02641
2021-08-30 20:00:00,IoTPond3,1,24.25,100.0,5.08,7.09904
2021-08-30 20:00:00,IoTPond4,2,25.5,100.0,1.714,7.52575
2021-08-30 20:00:00,IoTpond1,6,25.0,100.0,2.755,6.91746
2021-08-30 20:00:00,IoTPond2,0,25.0,100.0,2.755,6.91746
2021-08-31 06:00:00,IoTPond6,3,23.4375,88.0,2.383,6.12306
2021-08-31 07:00:00,IoTPond6,3,23.4375,93.0,1.8875,5.446680000000001
2021-08-31 07:00:00,IoTpond1,6,24.0,100.0,2.856,6.94016
2021-08-31 07:00:00,IoTPond3,1,23.25,100.0,5.08,6.956049999999999
2021-08-31 07:00:00,IoTPond2,0,24.0,100.0,2.856,6.94016
2021-08-31 08:00:00,IoTPond2,0,24.0,100.0,2.899,6.92654
2021-08-31 08:00:00,IoTPond3,1,23.25,100.0,5.08,7.01279
2021-08-31 08:00:00,IoTPond6,3,23.4375,94.0,1.24,5.29688
2021-08-31 08:00:00,IoTPond4,2,24.4375,100.0,0.819,9.34154
2021-08-31 08:00:00,IoTpond1,6,24.0,100.0,2.899,6.92654
2021-08-31 09:00:00,IoTPond6,3,23.6875,97.0,0.937,5.19701
2021-08-31 09:00:00,IoTPond2,0,24.0625,100.0,1.504,6.922
2021-08-31 09:00:00,IoTPond3,1,23.25,100.0,5.08,7.04911
2021-08-31 09:00:00,IoTPond4,2,24.4375,100.0,1.808,7.94338
2021-08-31 09:00:00,IoTpond1,6,24.0625,100.0,1.504,6.922
2021-08-31 10:00:00,IoTpond1,6,24.28125,100.0,1.3135,6.90158
2021-08-31 10:00:00,IoTPond3,1,23.4375,100.0,5.08,7.05365
2021-08-31 10:00:00,IoTPond6,3,23.875,99.0,1.499,5.18339
2021-08-31 10:00:00,IoTPond4,2,24.625,100.0,1.132,7.54391
2021-08-31 10:00:00,IoTPond2,0,24.28125,100.0,1.3135,6.90158
2021-08-31 11:00:00,IoTPond3,1,23.8125,100.0,5.08,7.10812
2021-08-31 11:00:00,IoTpond1,6,24.6875,100.0,1.605,6.89023
2021-08-31 11:00:00,IoTPond6,3,24.375,98.5,1.766,5.16296
2021-08-31 11:00:00,IoTPond4,2,25.1875,100.0,1.754,7.49398
2021-08-31 11:00:00,IoTPond2,0,24.6875,100.0,1.605,6.89023
2021-08-31 12:00:00,IoTPond6,3,24.5,99.0,1.081,5.16523
2021-08-31 12:00:00,IoTPond3,1,23.9375,100.0,5.08,7.09904
2021-08-31 12:00:00,IoTPond4,2,25.5625,100.0,2.394,7.4849
2021-08-31 12:00:00,IoTPond2,0,24.9375,100.0,1.828,6.89023
2021-08-31 12:00:00,IoTpond1,6,24.9375,100.0,1.828,6.89023
2021-08-31 13:00:00,IoTPond4,2,25.9375,100.0,3.107,7.4849
2021-08-31 13:00:00,IoTpond1,6,25.0625,100.0,0.921,6.88569
2021-08-31 13:00:00,IoTPond2,0,25.0625,100.0,0.921,6.88569
2021-08-31 13:00:00,IoTPond6,3,24.5625,100.0,1.284,5.17885
2021-08-31 13:00:00,IoTPond3,1,24.0625,100.0,5.08,7.11266
2021-08-31 14:00:00,IoTpond1,6,25.15625,100.0,1.5775000000000001,6.88569
2021-08-31 14:00:00,IoTPond4,2,26.125,100.0,3.662,7.4849
2021-08-31 14:00:00,IoTPond2,0,25.15625,100.0,1.5775000000000001,6.88569
2021-08-31 14:00:00,IoTPond6,3,24.75,100.0,1.2545000000000002,5.16069
2021-08-31 14:00:00,IoTPond3,1,24.25,100.0,5.08,7.21253
2021-08-31 15:00:00,IoTPond3,1,24.375,100.0,5.08,7.24431
2021-08-31 15:00:00,IoTPond2,0,25.375,100.0,1.4969999999999999,6.88342
2021-08-31 15:00:00,IoTpond1,6,25.375,100.0,1.4969999999999999,6.88342
2021-08-31 15:00:00,IoTPond6,3,24.875,100.0,1.4745,5.15842
2021-08-31 15:00:00,IoTPond4,2,26.25,100.0,2.996,7.48944
2021-08-31 16:00:00,IoTPond2,0,25.5,100.0,2.442,6.88115
2021-08-31 16:00:00,IoTPond6,3,24.9375,100.0,1.039,5.16069
2021-08-31 16:00:00,IoTpond1,6,25.5,100.0,2.442,6.88115
2021-08-31 16:00:00,IoTPond3,1,24.5,100.0,5.08,7.23977
2021-08-31 16:00:00,IoTPond4,2,26.4375,100.0,3.228,7.49398
2021-08-31 17:00:00,IoTPond4,2,26.5,100.0,2.2,7.49398
2021-08-31 17:00:00,IoTPond2,0,25.5625,100.0,2.0700000000000003,6.88342
2021-08-31 17:00:00,IoTPond6,3,25.0,98.0,0.735,5.16069
2021-08-31 17:00:00,IoTpond1,6,25.5625,100.0,2.0700000000000003,6.88342
2021-08-31 17:00:00,IoTPond3,1,24.625,100.0,5.08,7.27154
2021-08-31 18:00:00,IoTpond1,6,25.625,100.0,1.561,6.88569
2021-08-31 18:00:00,IoTPond3,1,24.6875,100.0,5.08,7.21253
2021-08-31 18:00:00,IoTPond2,0,25.625,100.0,1.561,6.88569
2021-08-31 18:00:00,IoTPond4,2,26.5,100.0,2.0175,7.50306
2021-08-31 18:00:00,IoTPond6,3,25.0,95.0,0.64,5.17885
2021-08-31 19:00:00,IoTPond4,2,26.4375,100.0,1.2335,7.52575
2021-08-31 19:00:00,IoTPond3,1,24.6875,100.0,5.08,7.19664
2021-08-31 19:00:00,IoTPond6,3,24.9375,97.0,1.1955,5.1675
2021-08-31 19:00:00,IoTPond2,0,25.625,100.0,2.274,6.87661
2021-08-31 19:00:00,IoTpond1,6,25.625,100.0,2.274,6.87661
2021-08-31 20:00:00,IoTPond4,2,26.375,100.0,1.6295,7.53483
2021-08-31 20:00:00,IoTPond6,3,24.9375,99.0,8.038,5.17885
2021-08-31 20:00:00,IoTPond3,1,24.6875,100.0,5.08,7.18529
2021-08-31 20:00:00,IoTPond2,0,25.625,100.0,1.241,6.89023
2021-08-31 20:00:00,IoTpond1,6,25.625,100.0,1.241,6.89023
2021-08-31 21:00:00,IoTPond2,0,25.5625,100.0,1.97,6.88569
2021-08-31 21:00:00,IoTPond3,1,24.625,100.0,5.08,7.18529
2021-08-31 21:00:00,IoTPond6,3,24.9375,98.0,1.419,5.16977
2021-08-31 21:00:00,IoTPond4,2,26.3125,100.0,1.488,7.54618
2021-08-31 21:00:00,IoTpond1,6,25.5625,100.0,1.97,6.88569
2021-08-31 22:00:00,IoTPond3,1,24.625,100.0,5.08,7.21253
2021-08-31 22:00:00,IoTPond6,3,24.90625,97.5,0.9380000000000001,5.16977
2021-08-31 22:00:00,IoTPond4,2,26.25,100.0,2.6765,7.54391
2021-08-31 22:00:00,IoTpond1,6,25.5625,100.0,2.314,6.89477
2021-08-31 22:00:00,IoTPond2,0,25.5625,100.0,2.314,6.89477
2021-08-31 23:00:00,IoTPond3,1,24.5625,100.0,5.08,7.19437
2021-08-31 23:00:00,IoTPond6,3,24.8125,97.0,1.1405,5.16069
2021-08-31 23:00:00,IoTpond1,6,25.5,100.0,0.9684999999999999,6.8970400000000005
2021-08-31 23:00:00,IoTPond4,2,26.1875,100.0,2.314,7.56661
2021-08-31 23:00:00,IoTPond2,0,25.5,100.0,0.9684999999999999,6.8970400000000005
2021-09-01 00:00:00,IoTPond2,0,25.4375,100.0,2.042,6.8925
2021-09-01 00:00:00,IoTPond6,3,24.75,97.0,1.4235,5.17431
2021-09-01 00:00:00,IoTPond4,2,26.125,100.0,2.254,7.54391
2021-09-01 00:00:00,IoTpond1,6,25.4375,100.0,2.042,6.8925
2021-09-01 00:00:00,IoTPond3,1,24.5625,100.0,5.08,7.21707
2021-09-01 01:00:00,IoTPond3,1,24.5,100.0,5.08,7.16713
2021-09-01 01:00:00,IoTPond4,2,26.0625,100.0,1.313,7.57569
2021-09-01 01:00:00,IoTPond2,0,25.4375,100.0,1.65,6.89477
2021-09-01 01:00:00,IoTpond1,6,25.4375,100.0,1.65,6.89477
2021-09-01 01:00:00,IoTPond6,3,24.75,97.0,1.7915,5.17885
2021-09-01 02:00:00,IoTPond4,2,25.875,100.0,0.898,7.69371
2021-09-01 02:00:00,IoTpond1,6,25.375,100.0,2.186,6.89023
2021-09-01 02:00:00,IoTPond6,3,24.6875,98.0,1.783,5.19701
2021-09-01 02:00:00,IoTPond3,1,24.5,100.0,5.08,7.23069
2021-09-01 02:00:00,IoTPond2,0,25.375,100.0,2.186,6.89023
2021-09-01 03:00:00,IoTPond6,3,24.625,99.5,1.3815,5.18793
2021-09-01 03:00:00,IoTPond2,0,25.34375,100.0,1.9580000000000002,6.90158
2021-09-01 03:00:00,IoTPond4,2,25.875,100.0,1.517,7.6574
2021-09-01 03:00:00,IoTPond3,1,24.4375,100.0,5.08,7.21707
2021-09-01 03:00:00,IoTpond1,6,25.34375,100.0,1.9580000000000002,6.90158
2021-09-01 04:00:00,IoTPond2,0,25.21875,100.0,2.214,6.90612
2021-09-01 04:00:00,IoTPond3,1,24.3125,100.0,5.08,7.15125
2021-09-01 04:00:00,IoTpond1,6,25.21875,100.0,2.214,6.90612
2021-09-01 04:00:00,IoTPond4,2,25.75,100.0,0.728,7.60746
2021-09-01 04:00:00,IoTPond6,3,24.5,100.0,2.104,5.19247
2021-09-01 05:00:00,IoTPond4,2,25.6875,100.0,1.8579999999999999,7.65286
2021-09-01 05:00:00,IoTPond6,3,24.4375,100.0,0.938,5.20609
2021-09-01 05:00:00,IoTPond2,0,25.1875,100.0,1.4655,6.890230000000001
2021-09-01 05:00:00,IoTPond3,1,24.3125,100.0,5.08,7.10358
2021-09-01 05:00:00,IoTpond1,6,25.1875,100.0,1.4655,6.890230000000001
2021-09-01 06:00:00,IoTPond6,3,24.375,100.0,1.5755,5.24694
2021-09-01 06:00:00,IoTPond2,0,25.0625,100.0,0.804,6.890230000000001
2021-09-01 06:00:00,IoTPond3,1,24.1875,100.0,5.08,7.08088
2021-09-01 06:00:00,IoTPond4,2,25.625,100.0,3.147,7.68917
2021-09-01 06:00:00,IoTpond1,6,25.0625,100.0,0.804,6.890230000000001
2021-09-01 07:00:00,IoTpond1,6,24.9375,100.0,1.149,6.90385
2021-09-01 07:00:00,IoTPond2,0,24.9375,100.0,1.149,6.90385
2021-09-01 07:00:00,IoTPond3,1,24.125,100.0,5.08,7.06727
2021-09-01 07:00:00,IoTPond6,3,24.3125,100.0,1.504,5.19701
2021-09-01 07:00:00,IoTPond4,2,25.5,100.0,1.369,7.6778200000000005
2021-09-01 08:00:00,IoTpond1,6,24.90625,100.0,2.1125,6.90158
2021-09-01 08:00:00,IoTPond3,1,24.0625,100.0,5.08,7.04911
2021-09-01 08:00:00,IoTPond6,3,24.25,100.0,1.496,5.18793
2021-09-01 08:00:00,IoTPond4,2,25.4375,100.0,0.977,7.68009
2021-09-01 08:00:00,IoTPond2,0,24.90625,100.0,2.1125,6.90158
2021-09-01 09:00:00,IoTPond3,1,24.0,100.0,5.08,7.07181
2021-09-01 09:00:00,IoTPond6,3,24.25,100.0,1.614,5.16977
2021-09-01 09:00:00,IoTPond4,2,25.375,100.0,2.262,7.643775
2021-09-01 09:00:00,IoTPond2,0,24.875,100.0,2.079,6.89477
2021-09-01 09:00:00,IoTpond1,6,24.875,100.0,2.079,6.89477
2021-09-01 10:00:00,IoTPond6,3,24.1875,100.0,1.174,5.18339
2021-09-01 10:00:00,IoTpond1,6,24.875,100.0,0.798,6.89477
2021-09-01 10:00:00,IoTPond4,2,25.3125,100.0,0.8645,7.56661
2021-09-01 10:00:00,IoTPond3,1,24.0,100.0,5.08,7.08542
2021-09-01 10:00:00,IoTPond2,0,24.875,100.0,0.798,6.89477
2021-09-01 11:00:00,IoTPond6,3,24.1875,100.0,1.935,5.16977
2021-09-01 11:00:00,IoTPond4,2,25.3125,100.0,1.513,7.60292
2021-09-01 11:00:00,IoTPond3,1,23.9375,100.0,5.08,7.06727
2021-09-01 11:00:00,IoTpond1,6,24.875,100.0,1.851,6.88569
2021-09-01 11:00:00,IoTPond2,0,24.875,100.0,1.851,6.88569
2021-09-01 12:00:00,IoTPond2,0,24.8125,100.0,1.597,6.8970400000000005
2021-09-01 12:00:00,IoTPond6,3,24.0625,100.0,2.218,5.16296
2021-09-01 12:00:00,IoTPond3,1,23.9375,100.0,5.08,7.09904
2021-09-01 12:00:00,IoTpond1,6,24.8125,100.0,1.597,6.8970400000000005
2021-09-01 12:00:00,IoTPond4,2,25.3125,100.0,2.026,7.54845
2021-09-01 13:00:00,IoTpond1,6,24.75,100.0,3.101,6.90839
2021-09-01 13:00:00,IoTPond3,1,23.75,100.0,5.08,7.11266
2021-09-01 13:00:00,IoTPond4,2,25.125,100.0,1.513,7.60292
2021-09-01 13:00:00,IoTPond6,3,23.90625,100.0,2.8425000000000002,5.17204
2021-09-01 13:00:00,IoTPond2,0,24.75,100.0,3.101,6.90839
2021-09-01 14:00:00,IoTPond3,1,23.625,100.0,5.08,7.05365
2021-09-01 14:00:00,IoTPond4,2,24.9375,100.0,2.022,7.62562
2021-09-03 13:00:00,IoTPond6,3,23.625,100.0,0.8565,5.13345
2021-09-03 14:00:00,IoTPond2,0,24.25,100.0,0.7685,6.86299
2021-09-03 14:00:00,IoTPond3,1,23.375,100.0,5.08,7.03095
2021-09-03 14:00:00,IoTPond6,3,23.6875,100.0,1.714,5.13345
2021-09-03 14:00:00,IoTpond1,6,24.25,100.0,0.7685,6.86299
2021-09-03 14:00:00,IoTPond4,2,24.8125,100.0,2.9325,7.45766
2021-09-03 15:00:00,IoTpond1,6,24.3125,100.0,1.779,6.86753
2021-09-03 15:00:00,IoTPond2,0,24.3125,100.0,1.779,6.86753
2021-09-03 15:00:00,IoTPond4,2,24.8125,100.0,2.113,7.4622
2021-09-03 15:00:00,IoTPond6,3,23.6875,100.0,2.325,5.12892
2021-09-03 15:00:00,IoTPond3,1,23.4375,100.0,5.08,7.10812
2021-09-03 16:00:00,IoTpond1,6,24.375,100.0,1.36,6.87207
2021-09-03 16:00:00,IoTPond6,3,23.6875,100.0,1.58,5.13345
2021-09-03 16:00:00,IoTPond4,2,24.8125,100.0,1.876,7.4849
2021-09-03 16:00:00,IoTPond2,0,24.375,100.0,1.36,6.87207
2021-09-03 16:00:00,IoTPond3,1,23.5,100.0,5.08,7.15352
2021-09-03 17:00:00,IoTpond1,6,24.375,100.0,1.512,6.87661
2021-09-03 17:00:00,IoTPond4,2,24.78125,100.0,1.973,7.491709999999999
2021-09-03 17:00:00,IoTPond6,3,23.625,100.0,2.7085,5.13572
2021-09-03 17:00:00,IoTPond2,0,24.375,100.0,1.512,6.87661
2021-09-03 17:00:00,IoTPond3,1,23.5,100.0,5.08,7.18075
2021-09-03 18:00:00,IoTPond4,2,24.6875,100.0,1.369,7.50306
2021-09-03 18:00:00,IoTPond3,1,23.4375,100.0,5.08,7.18529
2021-09-03 18:00:00,IoTPond2,0,24.25,100.0,2.307,6.88569
2021-09-03 18:00:00,IoTPond6,3,23.5625,100.0,1.214,5.13799
2021-09-03 18:00:00,IoTpond1,6,24.25,100.0,2.307,6.88569
2021-09-03 19:00:00,IoTPond3,1,23.375,100.0,5.08,7.16713
2021-09-03 19:00:00,IoTPond2,0,24.25,100.0,2.214,6.89023
2021-09-03 19:00:00,IoTPond4,2,24.625,100.0,1.8045,7.50306
2021-09-03 19:00:00,IoTpond1,6,24.25,100.0,2.214,6.89023
2021-09-03 19:00:00,IoTPond6,3,23.4375,100.0,1.615,5.13799
2021-09-03 20:00:00,IoTPond6,3,23.375,100.0,1.5575,5.14253
2021-09-03 20:00:00,IoTPond2,0,24.0625,100.0,2.256,6.88569
2021-09-03 20:00:00,IoTPond3,1,23.25,100.0,5.08,7.16713
2021-09-03 20:00:00,IoTPond4,2,24.5,100.0,1.9435,7.50306
2021-09-03 20:00:00,IoTpond1,6,24.0625,100.0,2.256,6.88569
2021-09-03 21:00:00,IoTPond3,1,23.125,100.0,5.08,7.15806
2021-09-03 21:00:00,IoTPond4,2,24.375,100.0,2.032,7.50986
2021-09-03 21:00:00,IoTPond6,3,23.25,100.0,1.4235,5.15161
2021-09-03 21:00:00,IoTPond2,0,24.0,100.0,1.3775,6.89023
2021-09-03 21:00:00,IoTpond1,6,24.0,100.0,1.3775,6.89023
2021-09-03 22:00:00,IoTPond3,1,23.0625,100.0,5.08,7.1626
2021-09-03 22:00:00,IoTpond1,6,23.875,100.0,1.24,6.88569
2021-09-03 22:00:00,IoTPond2,0,23.875,100.0,1.24,6.88569
2021-09-03 22:00:00,IoTPond4,2,24.3125,100.0,0.633,7.52121
2021-09-03 22:00:00,IoTPond6,3,23.1875,100.0,1.3784999999999998,5.15615
2021-09-03 23:00:00,IoTPond6,3,23.125,100.0,1.584,5.15161
2021-09-03 23:00:00,IoTPond2,0,23.78125,100.0,0.8694999999999999,6.88796
2021-09-03 23:00:00,IoTPond4,2,24.25,100.0,1.627,7.52121
2021-09-03 23:00:00,IoTPond3,1,23.0,100.0,5.08,7.06727
2021-09-03 23:00:00,IoTpond1,6,23.78125,100.0,0.8694999999999999,6.88796
2021-09-04 00:00:00,IoTpond1,6,23.75,100.0,1.187,6.88569
2021-09-04 00:00:00,IoTPond6,3,23.0625,100.0,1.49,5.16069
2021-09-04 00:00:00,IoTPond2,0,23.75,100.0,1.187,6.88569
2021-09-04 00:00:00,IoTPond4,2,24.1875,100.0,1.1365,7.52348
2021-09-04 00:00:00,IoTPond3,1,22.9375,100.0,5.08,7.08088
2021-09-04 01:00:00,IoTPond4,2,24.0625,100.0,1.817,7.53029
2021-09-04 01:00:00,IoTPond6,3,23.0625,100.0,3.2664999999999997,5.15842
2021-09-04 01:00:00,IoTPond3,1,22.8125,100.0,5.08,7.04911
2021-09-04 02:00:00,IoTPond2,0,23.625,100.0,1.678,6.88569
2021-09-04 02:00:00,IoTPond4,2,24.0,100.0,1.267,7.53483
2021-09-04 02:00:00,IoTpond1,6,23.625,100.0,1.678,6.88569
2021-09-04 02:00:00,IoTPond3,1,22.8125,100.0,5.08,7.06727
2021-09-04 02:00:00,IoTPond6,3,22.9375,100.0,1.8615,5.1493400000000005
2021-09-04 03:00:00,IoTPond2,0,23.5625,100.0,1.4415,6.88342
2021-09-04 03:00:00,IoTPond4,2,23.9375,100.0,1.562,7.54391
2021-09-04 03:00:00,IoTpond1,6,23.5625,100.0,1.4415,6.88342
2021-09-04 03:00:00,IoTPond6,3,22.875,100.0,2.09,5.15615
2021-09-04 03:00:00,IoTPond3,1,22.75,100.0,5.08,7.12628
2021-09-04 04:00:00,IoTPond2,0,23.5,100.0,1.3965,6.88342
2021-09-04 04:00:00,IoTpond1,6,23.5,100.0,1.3965,6.88342
2021-09-04 04:00:00,IoTPond6,3,22.8125,100.0,1.689,5.15161
2021-09-04 04:00:00,IoTPond3,1,22.6875,100.0,5.08,7.18075
2021-09-04 04:00:00,IoTPond4,2,23.875,100.0,1.7495,7.58023
2021-09-04 05:00:00,IoTPond6,3,22.75,100.0,1.387,5.14707
2021-09-04 05:00:00,IoTpond1,6,23.4375,100.0,0.8340000000000001,6.88569
2021-09-04 05:00:00,IoTPond3,1,22.625,100.0,5.08,7.20345
2021-09-04 05:00:00,IoTPond4,2,23.8125,100.0,2.035,7.57569
2021-09-04 05:00:00,IoTPond2,0,23.4375,100.0,0.8340000000000001,6.88569
2021-09-04 06:00:00,IoTpond1,6,23.4375,100.0,0.749,6.88569
2021-09-04 06:00:00,IoTPond3,1,22.5625,100.0,5.08,7.17621
2021-09-04 06:00:00,IoTPond6,3,22.6875,100.0,1.9765000000000001,5.15161
2021-09-04 06:00:00,IoTPond4,2,23.75,100.0,1.91,7.56661
2021-09-04 06:00:00,IoTPond2,0,23.4375,100.0,0.749,6.88569
2021-09-04 07:00:00,IoTPond2,0,23.375,100.0,1.0885,6.88115
2021-09-04 07:00:00,IoTPond4,2,23.6875,100.0,1.544,7.57569
2021-09-04 07:00:00,IoTPond6,3,22.625,100.0,1.5,5.14707
2021-09-04 07:00:00,IoTPond3,1,22.5,100.0,5.08,7.19437
2021-09-04 07:00:00,IoTpond1,6,23.375,100.0,1.0885,6.88115
2021-09-04 08:00:00,IoTPond3,1,22.4375,100.0,5.08,7.18075
2021-09-04 08:00:00,IoTPond4,2,23.6875,100.0,1.5705,7.53937
2021-09-04 08:00:00,IoTPond2,0,23.3125,100.0,1.486,6.88115
2021-09-04 08:00:00,IoTpond1,6,23.3125,100.0,1.486,6.88115
2021-09-04 08:00:00,IoTPond6,3,22.6875,100.0,1.264,5.14253
2021-09-04 09:00:00,IoTPond4,2,23.71875,100.0,1.428,7.52121
2021-09-04 09:00:00,IoTPond3,1,22.5,100.0,5.08,7.20345
2021-09-04 09:00:00,IoTPond6,3,22.75,100.0,1.632,5.14253
2021-09-04 09:00:00,IoTPond2,0,23.375,100.0,1.562,6.87434
2021-09-04 09:00:00,IoTpond1,6,23.375,100.0,1.562,6.87434
2021-09-04 10:00:00,IoTPond3,1,22.5625,100.0,5.08,7.25338
2021-09-04 10:00:00,IoTPond4,2,23.8125,100.0,0.919,7.4849
2021-09-04 10:00:00,IoTPond6,3,22.8125,100.0,1.34,5.13799
2021-09-04 10:00:00,IoTpond1,6,23.40625,100.0,1.4505,6.87434
2021-09-04 10:00:00,IoTPond2,0,23.40625,100.0,1.4505,6.87434
2021-09-04 11:00:00,IoTPond6,3,23.0625,100.0,1.7625,5.13799
2021-09-04 11:00:00,IoTPond3,1,22.625,100.0,5.08,7.267
2021-09-04 11:00:00,IoTpond1,6,23.5,100.0,1.106,6.87661
2021-09-04 11:00:00,IoTPond4,2,24.0,100.0,1.217,7.45766
2021-09-04 11:00:00,IoTPond2,0,23.5,100.0,1.106,6.87661
2021-09-04 12:00:00,IoTpond1,6,23.75,100.0,1.4415,6.860720000000001
2021-09-04 12:00:00,IoTPond4,2,24.25,100.0,2.0065,7.45312
2021-09-04 12:00:00,IoTPond2,0,23.75,100.0,1.4415,6.860720000000001
2021-09-04 12:00:00,IoTPond6,3,23.1875,100.0,1.062,5.12892
2021-09-04 12:00:00,IoTPond3,1,22.75,100.0,5.08,7.30786
2021-09-04 13:00:00,IoTPond3,1,22.875,100.0,5.08,7.32602
2021-09-04 13:00:00,IoTPond6,3,23.21875,100.0,1.49,5.131185
2021-09-04 13:00:00,IoTPond2,0,23.84375,100.0,1.999,6.860720000000001
2021-09-04 13:00:00,IoTpond1,6,23.84375,100.0,1.999,6.860720000000001
2021-09-04 13:00:00,IoTPond4,2,24.3125,100.0,1.369,7.45312
2021-09-04 14:00:00,IoTPond3,1,23.0,100.0,5.08,7.24885
2021-09-04 14:00:00,IoTpond1,6,23.9375,100.0,0.839,6.85845
2021-09-04 14:00:00,IoTPond4,2,24.4375,100.0,1.935,7.44404
2021-09-04 14:00:00,IoTPond2,0,23.9375,100.0,0.839,6.85845
2021-09-04 14:00:00,IoTPond6,3,23.3125,100.0,1.758,5.12892
2021-09-04 15:00:00,IoTPond3,1,23.0625,100.0,5.08,7.24431
2021-09-04 15:00:00,IoTpond1,6,24.0625,100.0,0.8025,6.85391
2021-09-04 15:00:00,IoTPond4,2,24.5,100.0,1.512,7.45312
2021-09-04 15:00:00,IoTPond6,3,23.4375,100.0,1.597,5.12438
2021-09-04 15:00:00,IoTPond2,0,24.0625,100.0,0.8025,6.85391
2021-09-04 16:00:00,IoTPond4,2,24.625,100.0,2.3194999999999997,7.44858
2021-09-04 16:00:00,IoTPond6,3,23.5625,100.0,1.214,5.12438
2021-09-04 16:00:00,IoTPond3,1,23.1875,100.0,5.08,7.18529
2021-09-04 16:00:00,IoTpond1,6,24.125,100.0,0.9715,6.84937
2021-09-04 16:00:00,IoTPond2,0,24.125,100.0,0.9715,6.84937
2021-09-04 17:00:00,IoTPond6,3,23.5625,100.0,1.339,5.1153
2021-09-04 17:00:00,IoTPond3,1,23.25,100.0,5.08,7.19437
2021-09-04 17:00:00,IoTpond1,6,24.21875,100.0,1.9900000000000002,6.85391
2021-09-04 17:00:00,IoTPond4,2,24.6875,100.0,0.997,7.45312
2021-09-04 17:00:00,IoTPond2,0,24.21875,100.0,1.9900000000000002,6.85391
2021-09-04 18:00:00,IoTpond1,6,24.3125,100.0,1.7955,6.85845
2021-09-04 18:00:00,IoTPond3,1,23.3125,100.0,5.08,7.27154
2021-09-04 18:00:00,IoTPond6,3,23.5625,100.0,1.294,5.11984
2021-09-04 18:00:00,IoTPond4,2,24.75,100.0,1.3685,7.45312
2021-09-04 18:00:00,IoTPond2,0,24.3125,100.0,1.7955,6.85845
2021-09-04 19:00:00,IoTPond6,3,23.5625,100.0,0.946,5.11984
2021-09-04 19:00:00,IoTPond2,0,24.3125,100.0,1.293,6.85845
2021-09-04 19:00:00,IoTpond1,6,24.3125,100.0,1.293,6.85845
2021-09-04 19:00:00,IoTPond4,2,24.75,100.0,1.1320000000000001,7.4735499999999995
2021-09-04 20:00:00,IoTpond1,6,24.3125,100.0,1.064,6.86753
2021-09-04 20:00:00,IoTPond6,3,23.5625,100.0,1.4325,5.12892
2021-09-04 20:00:00,IoTPond4,2,24.75,100.0,1.1825,7.47809
2021-09-04 20:00:00,IoTPond2,0,24.3125,100.0,1.064,6.86753
2021-09-04 21:00:00,IoTPond4,2,24.71875,100.0,1.7745,7.4849
2021-09-04 21:00:00,IoTpond1,6,24.3125,100.0,1.6179999999999999,6.86753
2021-09-04 21:00:00,IoTPond6,3,23.5625,100.0,1.223,5.12892
2021-09-04 21:00:00,IoTPond2,0,24.3125,100.0,1.6179999999999999,6.86753
2021-09-04 22:00:00,IoTPond4,2,24.6875,100.0,1.149,7.48944
2021-09-04 22:00:00,IoTpond1,6,24.25,100.0,1.124,6.86753
2021-09-04 22:00:00,IoTPond6,3,23.5625,100.0,0.821,5.11984
2021-09-04 22:00:00,IoTPond2,0,24.25,100.0,1.124,6.86753
2021-09-04 23:00:00,IoTpond1,6,24.25,100.0,1.9015,6.86753
2021-09-04 23:00:00,IoTPond6,3,23.5,100.0,8.725999999999999,5.13345
2021-09-04 23:00:00,IoTPond2,0,24.25,100.0,1.9015,6.86753
2021-09-05 00:00:00,IoTPond2,0,24.1875,100.0,1.377,6.86753
2021-09-05 00:00:00,IoTpond1,6,24.1875,100.0,1.377,6.86753
2021-09-05 00:00:00,IoTPond6,3,23.4375,100.0,0.892,5.14026
2021-09-05 01:00:00,IoTPond2,0,24.125,100.0,0.976,6.86753
2021-09-05 01:00:00,IoTpond1,6,24.125,100.0,0.976,6.86753
2021-09-05 01:00:00,IoTPond6,3,23.375,100.0,1.4409999999999998,5.131185
2021-09-05 02:00:00,IoTPond6,3,23.3125,100.0,1.339,5.13345
2021-09-05 02:00:00,IoTPond2,0,24.0625,100.0,1.284,6.86753
2021-09-05 03:00:00,IoTPond2,0,24.0625,100.0,1.3305,6.87434
2021-09-05 03:00:00,IoTPond6,3,23.3125,100.0,1.865,5.131185
2021-09-05 04:00:00,IoTPond6,3,23.25,100.0,1.3519999999999999,5.12438
2021-09-05 04:00:00,IoTPond2,0,23.9375,100.0,1.7625000000000002,6.86753
2021-09-05 05:00:00,IoTPond2,0,23.9375,100.0,1.138,6.860720000000001
2021-09-05 05:00:00,IoTPond6,3,23.1875,100.0,1.5485,5.131185
2021-09-05 06:00:00,IoTPond2,0,23.875,100.0,1.419,6.86753
2021-09-05 06:00:00,IoTPond6,3,23.1875,100.0,1.7805,5.13345
2021-09-05 07:00:00,IoTPond2,0,23.875,100.0,2.7264999999999997,6.86526
2021-09-05 07:00:00,IoTPond6,3,23.1875,100.0,1.151,5.13345
2021-09-05 08:00:00,IoTPond6,3,23.25,100.0,1.312,5.11984
2021-09-05 09:00:00,IoTPond6,3,23.3125,100.0,2.2315,5.12438
2021-09-05 10:00:00,IoTPond6,3,23.5,100.0,1.544,5.12438
2021-09-05 11:00:00,IoTPond6,3,23.75,100.0,1.4144999999999999,5.11303
2021-09-05 13:00:00,IoTPond6,3,23.9375,100.0,0.9455,5.10849
2021-09-05 14:00:00,IoTPond6,3,23.9375,100.0,1.9365,5.12211
2021-09-05 15:00:00,IoTPond6,3,23.9375,100.0,1.91,5.12438
2021-09-05 16:00:00,IoTPond6,3,23.9375,100.0,1.91,5.1153
2021-09-05 17:00:00,IoTPond6,3,23.875,100.0,2.039,5.11984
2021-09-05 18:00:00,IoTPond6,3,23.8125,100.0,1.74,5.1153
2021-09-05 19:00:00,IoTPond6,3,23.75,100.0,1.428,5.11984
2021-09-05 20:00:00,IoTPond6,3,23.6875,100.0,2.338,5.13345
2021-09-05 21:00:00,IoTPond6,3,23.625,100.0,1.785,5.12438
2021-09-05 22:00:00,IoTPond6,3,23.5,100.0,2.231,5.12892
2021-09-15 13:00:00,IoTPond6,3,25.375,100.0,1.473,5.37859
2021-09-15 14:00:00,IoTPond6,3,25.3125,100.0,2.058,5.35589
2021-09-15 15:00:00,IoTPond6,3,25.3125,100.0,2.6029999999999998,5.42171
2021-09-15 16:00:00,IoTPond6,3,25.375,100.0,2.1180000000000003,5.34908
2021-09-15 17:00:00,IoTPond6,3,25.375,100.0,1.77,5.30141
2021-09-15 18:00:00,IoTPond6,3,25.34375,100.0,3.756,5.099410000000001
2021-09-18 12:00:00,IoTPond6,3,26.1875,100.0,4.5535,5.637335
2021-09-18 13:00:00,IoTPond6,3,26.3125,100.0,4.9455,6.17299
2021-09-18 14:00:00,IoTPond6,3,26.375,100.0,5.2385,6.32733
2021-09-18 15:00:00,IoTPond6,3,26.4375,100.0,4.485,6.34549
2021-09-18 16:00:00,IoTPond6,3,26.375,100.0,4.6675,6.36365
2021-09-18 17:00:00,IoTPond6,3,26.25,100.0,5.391,6.37273
2021-09-18 18:00:00,IoTPond6,3,26.1875,100.0,7.066000000000001,6.12306
2021-09-18 19:00:00,IoTPond6,3,26.0625,100.0,6.541,6.22293
2021-09-18 20:00:00,IoTPond6,3,26.0,100.0,6.396,6.3001
2021-09-18 21:00:00,IoTPond6,3,25.875,100.0,6.776,6.4272
2021-09-18 22:00:00,IoTPond6,3,25.75,100.0,7.537,5.65549
2021-09-18 23:00:00,IoTPond6,3,25.59375,100.0,7.032,5.89155
2021-09-19 00:00:00,IoTPond6,3,25.5,100.0,6.776,5.86658
2021-09-19 01:00:00,IoTPond6,3,25.375,100.0,7.36,5.30595
2021-09-19 02:00:00,IoTPond6,3,25.25,100.0,6.111,5.85069
2021-09-19 03:00:00,IoTPond6,3,25.125,100.0,6.88,5.42852
2021-09-19 04:00:00,IoTPond6,3,25.0,100.0,6.519,5.85977
2021-09-19 05:00:00,IoTPond6,3,24.875,100.0,7.125,5.52385
2021-09-19 06:00:00,IoTPond6,3,24.8125,100.0,8.57,5.23786
2021-09-19 07:00:00,IoTPond6,3,24.75,100.0,8.367,5.32865
2021-09-19 08:00:00,IoTPond6,3,24.8125,100.0,8.418,5.20609
2021-09-19 09:00:00,IoTPond6,3,24.875,100.0,7.995,5.25602
2021-09-19 10:00:00,IoTPond6,3,25.0625,100.0,7.288,5.36043
2021-09-19 11:00:00,IoTPond6,3,25.59375,100.0,7.4605,5.1152999999999995
2021-09-19 12:00:00,IoTPond6,3,25.8125,100.0,6.912,5.18112
2021-09-19 13:00:00,IoTPond6,3,25.875,100.0,6.752,5.2197
2021-09-19 14:00:00,IoTPond6,3,25.9375,100.0,7.352,5.20155
2021-09-19 15:00:00,IoTPond6,3,26.0625,100.0,6.404,5.04267
2021-09-19 16:00:00,IoTPond6,3,26.125,100.0,5.094,5.13799
2021-09-28 11:00:00,IoTPond6,3,25.5,100.0,4.533,6.30918
2021-09-28 13:00:00,IoTPond6,3,25.8125,100.0,2.659,6.5997
2021-09-28 14:00:00,IoTPond6,3,25.875,100.0,2.026,6.61332
2021-09-28 16:00:00,IoTPond6,3,26.125,100.0,1.9335,6.8698
2021-09-28 17:00:00,IoTPond6,3,26.125,100.0,1.7815,6.926545
2021-09-28 18:00:00,IoTPond6,3,26.0625,100.0,2.1275,6.94243
2021-09-28 19:00:00,IoTPond6,3,26.0,100.0,3.213,6.94016
2021-09-28 20:00:00,IoTPond6,3,25.90625,100.0,0.6599999999999999,6.890230000000001
2021-09-28 21:00:00,IoTPond6,3,25.8125,100.0,0.889,6.86753
2021-09-28 22:00:00,IoTPond6,3,25.71875,100.0,3.191,6.83575
2021-09-28 23:00:00,IoTPond6,3,25.6875,100.0,0.584,6.86753
2021-09-29 00:00:00,IoTPond6,3,25.625,100.0,1.561,6.85845
2021-09-29 01:00:00,IoTPond6,3,25.5625,100.0,0.865,6.85845
2021-09-29 02:00:00,IoTPond6,3,25.5,100.0,2.999,6.910655
2021-09-29 03:00:00,IoTPond6,3,25.4375,100.0,1.505,6.92654
2021-09-29 11:00:00,IoTPond6,3,25.1875,100.0,4.413,7.12174
2021-09-29 12:00:00,IoTPond6,3,25.25,100.0,1.225,7.15125
2021-09-29 13:00:00,IoTPond6,3,25.375,100.0,3.748,7.22161
2021-09-29 14:00:00,IoTPond6,3,25.4375,100.0,1.485,7.253385
2021-09-29 15:00:00,IoTPond6,3,25.5,100.0,1.289,7.09904
2021-09-29 16:00:00,IoTPond6,3,25.5625,100.0,1.265,7.19437
2021-09-29 17:00:00,IoTPond6,3,25.625,100.0,1.113,7.1399
2021-09-29 18:00:00,IoTPond6,3,25.5625,100.0,1.834,7.18075
2021-09-29 19:00:00,IoTPond6,3,25.4375,100.0,0.776,7.05819
2021-09-29 20:00:00,IoTPond6,3,25.40625,100.0,0.9725,7.164865
2021-09-29 21:00:00,IoTPond6,3,25.375,100.0,3.3675,7.12401
2021-09-29 22:00:00,IoTPond6,3,25.3125,100.0,1.658,6.94924
2021-09-29 23:00:00,IoTPond6,3,25.28125,100.0,1.942,6.87661
2021-09-30 00:00:00,IoTPond6,3,25.21875,100.0,1.834,6.747235
2021-09-30 01:00:00,IoTPond6,3,25.1875,100.0,2.146,6.78128
2021-09-30 02:00:00,IoTPond6,3,25.125,100.0,2.2105,6.615589999999999
2021-09-30 03:00:00,IoTPond6,3,25.0625,100.0,1.505,6.44536
2021-09-30 04:00:00,IoTPond6,3,25.0,100.0,3.6125,5.85977
2021-09-30 05:00:00,IoTPond6,3,24.9375,100.0,3.2199999999999998,6.091279999999999
2021-09-30 06:00:00,IoTPond6,3,24.90625,100.0,1.2930000000000001,6.1026299999999996
2021-09-30 07:00:00,IoTPond6,3,24.9375,100.0,2.087,5.72812
2021-09-30 08:00:00,IoTPond6,3,24.9375,100.0,0.625,5.714505000000001
2021-09-30 10:00:00,IoTPond6,3,25.375,100.0,1.353,6.241085
2021-09-30 11:00:00,IoTPond6,3,25.4375,100.0,2.442,6.35911
2021-09-30 13:00:00,IoTPond6,3,25.8125,100.0,0.608,6.4045
2021-09-30 14:00:00,IoTPond6,3,25.875,100.0,1.425,6.38181
2021-09-30 15:00:00,IoTPond6,3,25.9375,100.0,1.089,6.34095
2021-09-30 17:00:00,IoTPond6,3,26.0,100.0,3.205,6.01411
2021-09-30 23:00:00,IoTPond6,3,25.6875,100.0,0.776,5.76444
2021-10-01 01:00:00,IoTPond6,3,25.46875,100.0,1.8935,5.16296
2021-10-01 03:00:00,IoTPond6,3,25.3125,100.0,0.937,5.11076
2021-10-01 11:00:00,IoTPond6,3,25.3125,100.0,1.249,5.75082
